case_id,activity,timestamp,duration_seconds,variant,amount,submitter_id
CASE-00001,submit,2023-11-16 01:55:58.110352+00:00,317.85,escalation,173.8,EMP-071
CASE-00001,manager_approval,2023-11-16 02:01:15.958823+00:00,94121.28,escalation,173.8,EMP-071
CASE-00001,finance_review,2023-11-17 04:09:57.240627+00:00,169621.28,escalation,173.8,EMP-071
CASE-00001,paid,2023-11-19 03:16:58.521835+00:00,2471.9,escalation,173.8,EMP-071
CASE-00002,submit,2023-11-11 08:30:57.784146+00:00,286.09,escalation,207.32,EMP-024
CASE-00002,manager_approval,2023-11-11 08:35:43.876574+00:00,86231.47,escalation,207.32,EMP-024
CASE-00002,finance_review,2023-11-12 08:32:55.345316+00:00,192574.83,escalation,207.32,EMP-024
CASE-00002,paid,2023-11-14 14:02:30.179819+00:00,4837.11,escalation,207.32,EMP-024
CASE-00003,submit,2023-11-22 01:47:01.894403+00:00,368.94,escalation,1141.18,EMP-151
CASE-00003,manager_approval,2023-11-22 01:53:10.839214+00:00,59735.3,escalation,1141.18,EMP-151
CASE-00003,finance_review,2023-11-22 18:28:46.136302+00:00,197142.64,escalation,1141.18,EMP-151
CASE-00003,paid,2023-11-25 01:14:28.773720+00:00,4395.35,escalation,1141.18,EMP-151
CASE-00004,submit,2023-12-02 14:05:18.365592+00:00,322.6,happy_path,1115.8,EMP-196
CASE-00004,manager_approval,2023-12-02 14:10:40.961584+00:00,91761.41,happy_path,1115.8,EMP-196
CASE-00004,finance_approval,2023-12-03 15:40:02.372089+00:00,48832.75,happy_path,1115.8,EMP-196
CASE-00004,paid,2023-12-04 05:13:55.125112+00:00,2598.1,happy_path,1115.8,EMP-196
CASE-00005,submit,2023-10-25 11:14:56.484693+00:00,321.47,rejection_loop,3662.17,EMP-138
CASE-00005,manager_rejects,2023-10-25 11:20:17.954171+00:00,3485.97,rejection_loop,3662.17,EMP-138
CASE-00005,resubmit,2023-10-25 12:18:23.925472+00:00,6521.05,rejection_loop,3662.17,EMP-138
CASE-00005,manager_approval,2023-10-25 14:07:04.975958+00:00,115690.83,rejection_loop,3662.17,EMP-138
CASE-00005,paid,2023-10-26 22:15:15.803658+00:00,4241.23,rejection_loop,3662.17,EMP-138
CASE-00006,submit,2023-11-13 00:31:13.982933+00:00,262.53,happy_path,394.3,EMP-170
CASE-00006,manager_approval,2023-11-13 00:35:36.509924+00:00,84242.18,happy_path,394.3,EMP-170
CASE-00006,finance_approval,2023-11-13 23:59:38.689092+00:00,46046.79,happy_path,394.3,EMP-170
CASE-00006,paid,2023-11-14 12:47:05.478519+00:00,3644.82,happy_path,394.3,EMP-170
CASE-00007,submit,2023-11-01 06:39:56.518971+00:00,327.53,happy_path,3196.64,EMP-094
CASE-00007,manager_approval,2023-11-01 06:45:24.045022+00:00,66638.6,happy_path,3196.64,EMP-094
CASE-00007,finance_approval,2023-11-02 01:16:02.646874+00:00,51662.32,happy_path,3196.64,EMP-094
CASE-00007,paid,2023-11-02 15:37:04.967756+00:00,3192.99,happy_path,3196.64,EMP-094
CASE-00008,submit,2024-02-11 05:49:39.961724+00:00,213.12,happy_path,3193.14,EMP-137
CASE-00008,manager_approval,2024-02-11 05:53:13.082868+00:00,97322.96,happy_path,3193.14,EMP-137
CASE-00008,finance_approval,2024-02-12 08:55:16.044990+00:00,49217.88,happy_path,3193.14,EMP-137
CASE-00008,paid,2024-02-12 22:35:33.929881+00:00,4883.71,happy_path,3193.14,EMP-137
CASE-00009,submit,2024-02-19 16:19:10.624367+00:00,294.36,escalation,3438.84,EMP-197
CASE-00009,manager_approval,2024-02-19 16:24:04.982718+00:00,87124.28,escalation,3438.84,EMP-197
CASE-00009,finance_review,2024-02-20 16:36:09.259247+00:00,183739.85,escalation,3438.84,EMP-197
CASE-00009,paid,2024-02-22 19:38:29.113171+00:00,3315.97,escalation,3438.84,EMP-197
CASE-00010,submit,2023-11-28 15:24:30.402178+00:00,343.42,happy_path,4717.4,EMP-184
CASE-00010,manager_approval,2023-11-28 15:30:13.820097+00:00,74265.17,happy_path,4717.4,EMP-184
CASE-00010,finance_approval,2023-11-29 12:07:58.992103+00:00,37212.62,happy_path,4717.4,EMP-184
CASE-00010,paid,2023-11-29 22:28:11.608174+00:00,4457.05,happy_path,4717.4,EMP-184
CASE-00011,submit,2024-01-08 00:22:54.808906+00:00,265.99,happy_path,1270.81,EMP-144
CASE-00011,manager_approval,2024-01-08 00:27:20.798936+00:00,85971.36,happy_path,1270.81,EMP-144
CASE-00011,finance_approval,2024-01-09 00:20:12.159757+00:00,35585.83,happy_path,1270.81,EMP-144
CASE-00011,paid,2024-01-09 10:13:17.989618+00:00,2861.59,happy_path,1270.81,EMP-144
CASE-00012,submit,2023-10-19 08:43:43.178127+00:00,271.5,exception,734.74,EMP-127
CASE-00012,missing_receipt,2023-10-19 08:48:14.674490+00:00,1938.3,exception,734.74,EMP-127
CASE-00012,hold,2023-10-19 09:20:32.970942+00:00,271348.1,exception,734.74,EMP-127
CASE-00012,resolved,2023-10-22 12:43:01.075123+00:00,2859.7,exception,734.74,EMP-127
CASE-00012,paid,2023-10-22 13:30:40.778799+00:00,2454.89,exception,734.74,EMP-127
CASE-00013,submit,2024-01-18 06:14:16.837872+00:00,255.26,happy_path,364.46,EMP-098
CASE-00013,manager_approval,2024-01-18 06:18:32.094151+00:00,89677.75,happy_path,364.46,EMP-098
CASE-00013,finance_approval,2024-01-19 07:13:09.848190+00:00,26949.0,happy_path,364.46,EMP-098
CASE-00013,paid,2024-01-19 14:42:18.849834+00:00,2894.14,happy_path,364.46,EMP-098
CASE-00014,submit,2024-02-15 03:47:31.539249+00:00,306.38,escalation,617.03,EMP-138
CASE-00014,manager_approval,2024-02-15 03:52:37.918549+00:00,66837.29,escalation,617.03,EMP-138
CASE-00014,finance_review,2024-02-15 22:26:35.205099+00:00,165957.45,escalation,617.03,EMP-138
CASE-00014,paid,2024-02-17 20:32:32.656935+00:00,4108.51,escalation,617.03,EMP-138
CASE-00015,submit,2023-11-19 09:50:26.517281+00:00,262.36,happy_path,3624.36,EMP-185
CASE-00015,manager_approval,2023-11-19 09:54:48.874219+00:00,86350.09,happy_path,3624.36,EMP-185
CASE-00015,finance_approval,2023-11-20 09:53:58.968460+00:00,55619.11,happy_path,3624.36,EMP-185
CASE-00015,paid,2023-11-21 01:20:58.077555+00:00,2650.41,happy_path,3624.36,EMP-185
CASE-00016,submit,2023-11-07 19:17:45.454645+00:00,274.99,happy_path,3212.8,EMP-156
CASE-00016,manager_approval,2023-11-07 19:22:20.441457+00:00,95528.5,happy_path,3212.8,EMP-156
CASE-00016,finance_approval,2023-11-08 21:54:28.940721+00:00,58791.03,happy_path,3212.8,EMP-156
CASE-00016,paid,2023-11-09 14:14:19.975421+00:00,3013.82,happy_path,3212.8,EMP-156
CASE-00017,submit,2023-10-06 12:08:22.297584+00:00,411.22,exception,3014.78,EMP-126
CASE-00017,missing_receipt,2023-10-06 12:15:13.515057+00:00,1534.47,exception,3014.78,EMP-126
CASE-00017,hold,2023-10-06 12:40:47.983070+00:00,295560.43,exception,3014.78,EMP-126
CASE-00017,resolved,2023-10-09 22:46:48.413580+00:00,3151.87,exception,3014.78,EMP-126
CASE-00017,paid,2023-10-09 23:39:20.285478+00:00,5325.2,exception,3014.78,EMP-126
CASE-00018,submit,2024-02-26 21:13:13.637189+00:00,343.81,exception,473.98,EMP-125
CASE-00018,missing_receipt,2024-02-26 21:18:57.448504+00:00,2166.52,exception,473.98,EMP-125
CASE-00018,hold,2024-02-26 21:55:03.972434+00:00,244504.45,exception,473.98,EMP-125
CASE-00018,resolved,2024-02-29 17:50:08.423751+00:00,4220.0,exception,473.98,EMP-125
CASE-00018,paid,2024-02-29 19:00:28.422704+00:00,4538.93,exception,473.98,EMP-125
CASE-00019,submit,2024-03-08 00:54:38.654958+00:00,263.34,exception,867.38,EMP-136
CASE-00019,missing_receipt,2024-03-08 00:59:01.993468+00:00,1896.12,exception,867.38,EMP-136
CASE-00019,hold,2024-03-08 01:30:38.111022+00:00,123638.28,exception,867.38,EMP-136
CASE-00019,resolved,2024-03-09 11:51:16.388362+00:00,3362.72,exception,867.38,EMP-136
CASE-00019,paid,2024-03-09 12:47:19.110815+00:00,3835.03,exception,867.38,EMP-136
CASE-00020,submit,2024-03-12 22:19:58.244367+00:00,349.44,exception,3266.9,EMP-113
CASE-00020,missing_receipt,2024-03-12 22:25:47.681968+00:00,1583.99,exception,3266.9,EMP-113
CASE-00020,hold,2024-03-12 22:52:11.668629+00:00,278773.53,exception,3266.9,EMP-113
CASE-00020,resolved,2024-03-16 04:18:25.200919+00:00,3713.84,exception,3266.9,EMP-113
CASE-00020,paid,2024-03-16 05:20:19.042549+00:00,3672.66,exception,3266.9,EMP-113
CASE-00021,submit,2023-10-15 18:41:24.473612+00:00,270.6,escalation,2962.78,EMP-002
CASE-00021,manager_approval,2023-10-15 18:45:55.075346+00:00,74972.17,escalation,2962.78,EMP-002
CASE-00021,finance_review,2023-10-16 15:35:27.243729+00:00,243731.64,escalation,2962.78,EMP-002
CASE-00021,paid,2023-10-19 11:17:38.888270+00:00,2601.42,escalation,2962.78,EMP-002
CASE-00022,submit,2023-12-29 08:59:26.290788+00:00,206.72,happy_path,1228.12,EMP-172
CASE-00022,manager_approval,2023-12-29 09:02:53.010899+00:00,77950.01,happy_path,1228.12,EMP-172
CASE-00022,finance_approval,2023-12-30 06:42:03.017520+00:00,50173.45,happy_path,1228.12,EMP-172
CASE-00022,paid,2023-12-30 20:38:16.466246+00:00,2805.66,happy_path,1228.12,EMP-172
CASE-00023,submit,2023-11-06 06:34:14.988156+00:00,352.27,happy_path,2391.22,EMP-105
CASE-00023,manager_approval,2023-11-06 06:40:07.253339+00:00,99523.46,happy_path,2391.22,EMP-105
CASE-00023,finance_approval,2023-11-07 10:18:50.708682+00:00,36036.05,happy_path,2391.22,EMP-105
CASE-00023,paid,2023-11-07 20:19:26.763246+00:00,4066.4,happy_path,2391.22,EMP-105
CASE-00024,submit,2023-10-20 17:09:54.732155+00:00,255.28,rejection_loop,3383.15,EMP-166
CASE-00024,manager_rejects,2023-10-20 17:14:10.015181+00:00,3913.77,rejection_loop,3383.15,EMP-166
CASE-00024,resubmit,2023-10-20 18:19:23.782533+00:00,8078.57,rejection_loop,3383.15,EMP-166
CASE-00024,manager_approval,2023-10-20 20:34:02.350423+00:00,73925.2,rejection_loop,3383.15,EMP-166
CASE-00024,paid,2023-10-21 17:06:07.547250+00:00,3960.32,rejection_loop,3383.15,EMP-166
CASE-00025,submit,2024-03-08 09:46:45.557706+00:00,360.9,happy_path,1428.8,EMP-064
CASE-00025,manager_approval,2024-03-08 09:52:46.461602+00:00,121322.42,happy_path,1428.8,EMP-064
CASE-00025,finance_approval,2024-03-09 19:34:48.880298+00:00,49166.79,happy_path,1428.8,EMP-064
CASE-00025,paid,2024-03-10 09:14:15.670916+00:00,3852.37,happy_path,1428.8,EMP-064
CASE-00026,submit,2024-03-25 10:03:49.793292+00:00,278.58,escalation,2725.91,EMP-004
CASE-00026,manager_approval,2024-03-25 10:08:28.373209+00:00,123965.08,escalation,2725.91,EMP-004
CASE-00026,finance_review,2024-03-26 20:34:33.451896+00:00,135328.57,escalation,2725.91,EMP-004
CASE-00026,paid,2024-03-28 10:10:02.024957+00:00,4120.91,escalation,2725.91,EMP-004
CASE-00027,submit,2023-11-01 15:13:56.512037+00:00,359.84,happy_path,2035.15,EMP-016
CASE-00027,manager_approval,2023-11-01 15:19:56.352081+00:00,107889.5,happy_path,2035.15,EMP-016
CASE-00027,finance_approval,2023-11-02 21:18:05.848724+00:00,43297.01,happy_path,2035.15,EMP-016
CASE-00027,paid,2023-11-03 09:19:42.862839+00:00,5013.07,happy_path,2035.15,EMP-016
CASE-00028,submit,2024-03-30 04:13:33.666991+00:00,253.13,happy_path,3498.13,EMP-188
CASE-00028,manager_approval,2024-03-30 04:17:46.793809+00:00,54101.52,happy_path,3498.13,EMP-188
CASE-00028,finance_approval,2024-03-30 19:19:28.318710+00:00,39265.13,happy_path,3498.13,EMP-188
CASE-00028,paid,2024-03-31 06:13:53.450056+00:00,4025.24,happy_path,3498.13,EMP-188
CASE-00029,submit,2023-10-13 23:20:12.151603+00:00,341.6,exception,2916.94,EMP-139
CASE-00029,missing_receipt,2023-10-13 23:25:53.752005+00:00,1762.56,exception,2916.94,EMP-139
CASE-00029,hold,2023-10-13 23:55:16.311024+00:00,284729.76,exception,2916.94,EMP-139
CASE-00029,resolved,2023-10-17 07:00:46.072822+00:00,2267.81,exception,2916.94,EMP-139
CASE-00029,paid,2023-10-17 07:38:33.879334+00:00,3893.52,exception,2916.94,EMP-139
CASE-00030,submit,2023-10-17 10:04:53.507422+00:00,331.66,escalation,331.55,EMP-131
CASE-00030,manager_approval,2023-10-17 10:10:25.163170+00:00,113113.82,escalation,331.55,EMP-131
CASE-00030,finance_review,2023-10-18 17:35:38.979774+00:00,158475.12,escalation,331.55,EMP-131
CASE-00030,paid,2023-10-20 13:36:54.100505+00:00,3012.35,escalation,331.55,EMP-131
CASE-00031,submit,2024-01-15 04:55:49.182352+00:00,324.05,happy_path,4456.92,EMP-064
CASE-00031,manager_approval,2024-01-15 05:01:13.229728+00:00,88607.78,happy_path,4456.92,EMP-064
CASE-00031,finance_approval,2024-01-16 05:38:01.011638+00:00,38091.79,happy_path,4456.92,EMP-064
CASE-00031,paid,2024-01-16 16:12:52.800398+00:00,2629.62,happy_path,4456.92,EMP-064
CASE-00032,submit,2024-02-08 21:56:54.885877+00:00,304.28,happy_path,1340.79,EMP-172
CASE-00032,manager_approval,2024-02-08 22:01:59.163858+00:00,108027.73,happy_path,1340.79,EMP-172
CASE-00032,finance_approval,2024-02-10 04:02:26.896952+00:00,40327.17,happy_path,1340.79,EMP-172
CASE-00032,paid,2024-02-10 15:14:34.067635+00:00,2930.04,happy_path,1340.79,EMP-172
CASE-00033,submit,2023-10-04 16:14:33.985464+00:00,244.11,happy_path,3771.73,EMP-019
CASE-00033,manager_approval,2023-10-04 16:18:38.093748+00:00,67227.4,happy_path,3771.73,EMP-019
CASE-00033,finance_approval,2023-10-05 10:59:05.498050+00:00,50435.72,happy_path,3771.73,EMP-019
CASE-00033,paid,2023-10-06 00:59:41.221314+00:00,4256.97,happy_path,3771.73,EMP-019
CASE-00034,submit,2024-03-09 13:19:59.629172+00:00,341.83,escalation,705.66,EMP-090
CASE-00034,manager_approval,2024-03-09 13:25:41.458530+00:00,72128.57,escalation,705.66,EMP-090
CASE-00034,finance_review,2024-03-10 09:27:50.023870+00:00,217623.05,escalation,705.66,EMP-090
CASE-00034,paid,2024-03-12 21:54:53.069212+00:00,5026.41,escalation,705.66,EMP-090
CASE-00035,submit,2024-01-06 05:01:25.651351+00:00,262.34,rejection_loop,3077.8,EMP-168
CASE-00035,manager_rejects,2024-01-06 05:05:47.994089+00:00,2936.28,rejection_loop,3077.8,EMP-168
CASE-00035,resubmit,2024-01-06 05:54:44.277157+00:00,7965.58,rejection_loop,3077.8,EMP-168
CASE-00035,manager_approval,2024-01-06 08:07:29.859754+00:00,82200.11,rejection_loop,3077.8,EMP-168
CASE-00035,paid,2024-01-07 06:57:29.965493+00:00,4108.5,rejection_loop,3077.8,EMP-168
CASE-00036,submit,2023-11-21 00:32:39.397920+00:00,267.41,rejection_loop,3724.96,EMP-040
CASE-00036,manager_rejects,2023-11-21 00:37:06.804506+00:00,2845.44,rejection_loop,3724.96,EMP-040
CASE-00036,resubmit,2023-11-21 01:24:32.245365+00:00,5447.99,rejection_loop,3724.96,EMP-040
CASE-00036,manager_approval,2023-11-21 02:55:20.230641+00:00,95205.85,rejection_loop,3724.96,EMP-040
CASE-00036,paid,2023-11-22 05:22:06.078435+00:00,4822.59,rejection_loop,3724.96,EMP-040
CASE-00037,submit,2023-10-19 14:43:45.769868+00:00,257.17,happy_path,2468.23,EMP-014
CASE-00037,manager_approval,2023-10-19 14:48:02.939380+00:00,94430.96,happy_path,2468.23,EMP-014
CASE-00037,finance_approval,2023-10-20 17:01:53.901986+00:00,55561.47,happy_path,2468.23,EMP-014
CASE-00037,paid,2023-10-21 08:27:55.370216+00:00,3634.43,happy_path,2468.23,EMP-014
CASE-00038,submit,2023-12-21 12:43:45.880460+00:00,278.83,escalation,1346.68,EMP-190
CASE-00038,manager_approval,2023-12-21 12:48:24.713934+00:00,59755.4,escalation,1346.68,EMP-190
CASE-00038,finance_review,2023-12-22 05:24:20.109521+00:00,252195.82,escalation,1346.68,EMP-190
CASE-00038,paid,2023-12-25 03:27:35.930175+00:00,5001.5,escalation,1346.68,EMP-190
CASE-00039,submit,2024-03-01 05:27:01.749267+00:00,270.49,escalation,787.82,EMP-010
CASE-00039,manager_approval,2024-03-01 05:31:32.242269+00:00,80340.18,escalation,787.82,EMP-010
CASE-00039,finance_review,2024-03-02 03:50:32.417975+00:00,198619.68,escalation,787.82,EMP-010
CASE-00039,paid,2024-03-04 11:00:52.097608+00:00,4154.7,escalation,787.82,EMP-010
CASE-00040,submit,2024-03-12 19:21:15.947260+00:00,311.28,rejection_loop,3990.81,EMP-011
CASE-00040,manager_rejects,2024-03-12 19:26:27.232034+00:00,4040.39,rejection_loop,3990.81,EMP-011
CASE-00040,resubmit,2024-03-12 20:33:47.624098+00:00,9701.85,rejection_loop,3990.81,EMP-011
CASE-00040,manager_approval,2024-03-12 23:15:29.470117+00:00,109028.0,rejection_loop,3990.81,EMP-011
CASE-00040,paid,2024-03-14 05:32:37.470701+00:00,4286.15,rejection_loop,3990.81,EMP-011
CASE-00041,submit,2024-03-06 15:05:47.787613+00:00,259.23,escalation,815.04,EMP-061
CASE-00041,manager_approval,2024-03-06 15:10:07.015039+00:00,125374.3,escalation,815.04,EMP-061
CASE-00041,finance_review,2024-03-08 01:59:41.315349+00:00,161058.93,escalation,815.04,EMP-061
CASE-00041,paid,2024-03-09 22:44:00.246329+00:00,3748.21,escalation,815.04,EMP-061
CASE-00042,submit,2024-02-24 09:39:20.880750+00:00,290.89,rejection_loop,1694.32,EMP-106
CASE-00042,manager_rejects,2024-02-24 09:44:11.766033+00:00,4319.16,rejection_loop,1694.32,EMP-106
CASE-00042,resubmit,2024-02-24 10:56:10.923630+00:00,4723.62,rejection_loop,1694.32,EMP-106
CASE-00042,manager_approval,2024-02-24 12:14:54.544108+00:00,82393.96,rejection_loop,1694.32,EMP-106
CASE-00042,paid,2024-02-25 11:08:08.508025+00:00,5174.88,rejection_loop,1694.32,EMP-106
CASE-00043,submit,2023-11-12 00:54:49.175270+00:00,327.07,happy_path,4367.23,EMP-121
CASE-00043,manager_approval,2023-11-12 01:00:16.248642+00:00,64479.53,happy_path,4367.23,EMP-121
CASE-00043,finance_approval,2023-11-12 18:54:55.775043+00:00,38841.21,happy_path,4367.23,EMP-121
CASE-00043,paid,2023-11-13 05:42:16.984522+00:00,5107.7,happy_path,4367.23,EMP-121
CASE-00044,submit,2023-12-13 17:22:22.898640+00:00,295.93,happy_path,167.14,EMP-050
CASE-00044,manager_approval,2023-12-13 17:27:18.830202+00:00,94461.7,happy_path,167.14,EMP-050
CASE-00044,finance_approval,2023-12-14 19:41:40.529358+00:00,44178.0,happy_path,167.14,EMP-050
CASE-00044,paid,2023-12-15 07:57:58.533139+00:00,2771.88,happy_path,167.14,EMP-050
CASE-00045,submit,2023-12-01 14:34:02.750470+00:00,421.0,escalation,3413.61,EMP-138
CASE-00045,manager_approval,2023-12-01 14:41:03.750716+00:00,94030.81,escalation,3413.61,EMP-138
CASE-00045,finance_review,2023-12-02 16:48:14.560561+00:00,168790.3,escalation,3413.61,EMP-138
CASE-00045,paid,2023-12-04 15:41:24.856397+00:00,4783.49,escalation,3413.61,EMP-138
CASE-00046,submit,2023-12-20 05:18:55.573197+00:00,293.0,exception,239.37,EMP-153
CASE-00046,missing_receipt,2023-12-20 05:23:48.576609+00:00,1542.07,exception,239.37,EMP-153
CASE-00046,hold,2023-12-20 05:49:30.643437+00:00,177973.63,exception,239.37,EMP-153
CASE-00046,resolved,2023-12-22 07:15:44.276254+00:00,3155.56,exception,239.37,EMP-153
CASE-00046,paid,2023-12-22 08:08:19.834162+00:00,2713.96,exception,239.37,EMP-153
CASE-00047,submit,2024-01-04 14:03:21.260908+00:00,351.95,happy_path,3558.49,EMP-001
CASE-00047,manager_approval,2024-01-04 14:09:13.208693+00:00,97843.28,happy_path,3558.49,EMP-001
CASE-00047,finance_approval,2024-01-05 17:19:56.487320+00:00,32912.5,happy_path,3558.49,EMP-001
CASE-00047,paid,2024-01-06 02:28:28.991779+00:00,4968.62,happy_path,3558.49,EMP-001
CASE-00048,submit,2024-03-16 17:43:48.355903+00:00,264.05,happy_path,2184.92,EMP-171
CASE-00048,manager_approval,2024-03-16 17:48:12.405405+00:00,63601.42,happy_path,2184.92,EMP-171
CASE-00048,finance_approval,2024-03-17 11:28:13.820503+00:00,35774.62,happy_path,2184.92,EMP-171
CASE-00048,paid,2024-03-17 21:24:28.437239+00:00,4969.03,happy_path,2184.92,EMP-171
CASE-00049,submit,2023-12-14 10:22:10.819522+00:00,390.84,escalation,3351.12,EMP-084
CASE-00049,manager_approval,2023-12-14 10:28:41.659796+00:00,83210.86,escalation,3351.12,EMP-084
CASE-00049,finance_review,2023-12-15 09:35:32.515660+00:00,194421.58,escalation,3351.12,EMP-084
CASE-00049,paid,2023-12-17 15:35:54.090911+00:00,1724.29,escalation,3351.12,EMP-084
CASE-00050,submit,2024-01-13 10:32:04.923673+00:00,368.29,escalation,4518.89,EMP-158
CASE-00050,manager_approval,2024-01-13 10:38:13.213151+00:00,52404.54,escalation,4518.89,EMP-158
CASE-00050,finance_review,2024-01-14 01:11:37.754110+00:00,218338.19,escalation,4518.89,EMP-158
CASE-00050,paid,2024-01-16 13:50:35.945696+00:00,3394.69,escalation,4518.89,EMP-158
CASE-00051,submit,2023-12-25 16:44:56.334722+00:00,338.88,rejection_loop,3052.97,EMP-083
CASE-00051,manager_rejects,2023-12-25 16:50:35.213014+00:00,3211.12,rejection_loop,3052.97,EMP-083
CASE-00051,resubmit,2023-12-25 17:44:06.332461+00:00,7643.69,rejection_loop,3052.97,EMP-083
CASE-00051,manager_approval,2023-12-25 19:51:30.021733+00:00,40585.71,rejection_loop,3052.97,EMP-083
CASE-00051,paid,2023-12-26 07:07:55.728256+00:00,3924.69,rejection_loop,3052.97,EMP-083
CASE-00052,submit,2023-11-23 01:57:26.170452+00:00,257.04,rejection_loop,889.97,EMP-022
CASE-00052,manager_rejects,2023-11-23 02:01:43.209638+00:00,2885.37,rejection_loop,889.97,EMP-022
CASE-00052,resubmit,2023-11-23 02:49:48.578179+00:00,10893.89,rejection_loop,889.97,EMP-022
CASE-00052,manager_approval,2023-11-23 05:51:22.466540+00:00,115872.19,rejection_loop,889.97,EMP-022
CASE-00052,paid,2023-11-24 14:02:34.659200+00:00,3673.66,rejection_loop,889.97,EMP-022
CASE-00053,submit,2023-11-16 01:43:11.245507+00:00,351.5,rejection_loop,779.4,EMP-012
CASE-00053,manager_rejects,2023-11-16 01:49:02.742314+00:00,2446.04,rejection_loop,779.4,EMP-012
CASE-00053,resubmit,2023-11-16 02:29:48.778310+00:00,7745.27,rejection_loop,779.4,EMP-012
CASE-00053,manager_approval,2023-11-16 04:38:54.048434+00:00,106448.04,rejection_loop,779.4,EMP-012
CASE-00053,paid,2023-11-17 10:13:02.084011+00:00,4011.36,rejection_loop,779.4,EMP-012
CASE-00054,submit,2023-12-11 02:47:13.124892+00:00,272.61,escalation,1012.45,EMP-179
CASE-00054,manager_approval,2023-12-11 02:51:45.738174+00:00,93596.05,escalation,1012.45,EMP-179
CASE-00054,finance_review,2023-12-12 04:51:41.787468+00:00,137937.86,escalation,1012.45,EMP-179
CASE-00054,paid,2023-12-13 19:10:39.643670+00:00,1842.75,escalation,1012.45,EMP-179
CASE-00055,submit,2023-12-18 12:37:53.608197+00:00,367.83,rejection_loop,4433.05,EMP-200
CASE-00055,manager_rejects,2023-12-18 12:44:01.436601+00:00,4949.74,rejection_loop,4433.05,EMP-200
CASE-00055,resubmit,2023-12-18 14:06:31.181221+00:00,6625.86,rejection_loop,4433.05,EMP-200
CASE-00055,manager_approval,2023-12-18 15:56:57.040272+00:00,85619.31,rejection_loop,4433.05,EMP-200
CASE-00055,paid,2023-12-19 15:43:56.347661+00:00,3608.81,rejection_loop,4433.05,EMP-200
CASE-00056,submit,2024-01-06 14:29:23.088826+00:00,416.53,happy_path,4017.01,EMP-171
CASE-00056,manager_approval,2024-01-06 14:36:19.619953+00:00,68806.34,happy_path,4017.01,EMP-171
CASE-00056,finance_approval,2024-01-07 09:43:05.959025+00:00,40923.75,happy_path,4017.01,EMP-171
CASE-00056,paid,2024-01-07 21:05:09.705320+00:00,3632.09,happy_path,4017.01,EMP-171
CASE-00057,submit,2024-02-29 12:03:31.727507+00:00,235.17,rejection_loop,4465.5,EMP-110
CASE-00057,manager_rejects,2024-02-29 12:07:26.894805+00:00,2377.6,rejection_loop,4465.5,EMP-110
CASE-00057,resubmit,2024-02-29 12:47:04.498826+00:00,6062.44,rejection_loop,4465.5,EMP-110
CASE-00057,manager_approval,2024-02-29 14:28:06.936276+00:00,85423.24,rejection_loop,4465.5,EMP-110
CASE-00057,paid,2024-03-01 14:11:50.173249+00:00,2579.61,rejection_loop,4465.5,EMP-110
CASE-00058,submit,2023-11-21 21:59:06.163889+00:00,311.95,happy_path,1273.84,EMP-164
CASE-00058,manager_approval,2023-11-21 22:04:18.115698+00:00,61905.82,happy_path,1273.84,EMP-164
CASE-00058,finance_approval,2023-11-22 15:16:03.934615+00:00,43723.4,happy_path,1273.84,EMP-164
CASE-00058,paid,2023-11-23 03:24:47.333972+00:00,4566.78,happy_path,1273.84,EMP-164
CASE-00059,submit,2023-11-29 13:08:43.208049+00:00,268.29,rejection_loop,1210.74,EMP-086
CASE-00059,manager_rejects,2023-11-29 13:13:11.498264+00:00,3518.26,rejection_loop,1210.74,EMP-086
CASE-00059,resubmit,2023-11-29 14:11:49.758015+00:00,7525.37,rejection_loop,1210.74,EMP-086
CASE-00059,manager_approval,2023-11-29 16:17:15.126743+00:00,119408.72,rejection_loop,1210.74,EMP-086
CASE-00059,paid,2023-12-01 01:27:23.842451+00:00,3511.32,rejection_loop,1210.74,EMP-086
CASE-00060,submit,2023-10-14 04:59:16.330996+00:00,278.95,happy_path,2735.93,EMP-107
CASE-00060,manager_approval,2023-10-14 05:03:55.283061+00:00,97077.24,happy_path,2735.93,EMP-107
CASE-00060,finance_approval,2023-10-15 08:01:52.521696+00:00,36995.75,happy_path,2735.93,EMP-107
CASE-00060,paid,2023-10-15 18:18:28.272438+00:00,3869.82,happy_path,2735.93,EMP-107
CASE-00061,submit,2023-12-10 11:14:45.761884+00:00,156.13,happy_path,4409.25,EMP-148
CASE-00061,manager_approval,2023-12-10 11:17:21.887427+00:00,106498.4,happy_path,4409.25,EMP-148
CASE-00061,finance_approval,2023-12-11 16:52:20.284608+00:00,43448.3,happy_path,4409.25,EMP-148
CASE-00061,paid,2023-12-12 04:56:28.587862+00:00,3638.51,happy_path,4409.25,EMP-148
CASE-00062,submit,2024-02-12 05:37:08.912883+00:00,182.44,exception,2124.16,EMP-192
CASE-00062,missing_receipt,2024-02-12 05:40:11.353935+00:00,1997.5,exception,2124.16,EMP-192
CASE-00062,hold,2024-02-12 06:13:28.853590+00:00,83647.02,exception,2124.16,EMP-192
CASE-00062,resolved,2024-02-13 05:27:35.874212+00:00,3122.26,exception,2124.16,EMP-192
CASE-00062,paid,2024-02-13 06:19:38.129782+00:00,3653.1,exception,2124.16,EMP-192
CASE-00063,submit,2024-02-02 05:53:34.595961+00:00,270.28,happy_path,1974.84,EMP-172
CASE-00063,manager_approval,2024-02-02 05:58:04.877130+00:00,93738.23,happy_path,1974.84,EMP-172
CASE-00063,finance_approval,2024-02-03 08:00:23.107502+00:00,39516.21,happy_path,1974.84,EMP-172
CASE-00063,paid,2024-02-03 18:58:59.313279+00:00,3695.69,happy_path,1974.84,EMP-172
CASE-00064,submit,2024-01-17 12:58:36.446565+00:00,286.94,escalation,183.48,EMP-101
CASE-00064,manager_approval,2024-01-17 13:03:23.385691+00:00,78672.81,escalation,183.48,EMP-101
CASE-00064,finance_review,2024-01-18 10:54:36.198856+00:00,94630.16,escalation,183.48,EMP-101
CASE-00064,paid,2024-01-19 13:11:46.355123+00:00,4383.74,escalation,183.48,EMP-101
CASE-00065,submit,2023-11-10 02:22:20.740057+00:00,252.85,happy_path,1337.77,EMP-084
CASE-00065,manager_approval,2023-11-10 02:26:33.591489+00:00,118778.47,happy_path,1337.77,EMP-084
CASE-00065,finance_approval,2023-11-11 11:26:12.057146+00:00,34480.46,happy_path,1337.77,EMP-084
CASE-00065,paid,2023-11-11 21:00:52.521817+00:00,4634.84,happy_path,1337.77,EMP-084
CASE-00066,submit,2023-12-26 15:43:31.916785+00:00,299.88,rejection_loop,1298.74,EMP-021
CASE-00066,manager_rejects,2023-12-26 15:48:31.796471+00:00,3403.75,rejection_loop,1298.74,EMP-021
CASE-00066,resubmit,2023-12-26 16:45:15.551386+00:00,8424.57,rejection_loop,1298.74,EMP-021
CASE-00066,manager_approval,2023-12-26 19:05:40.119830+00:00,81820.57,rejection_loop,1298.74,EMP-021
CASE-00066,paid,2023-12-27 17:49:20.685469+00:00,5653.31,rejection_loop,1298.74,EMP-021
CASE-00067,submit,2023-11-07 21:14:17.332102+00:00,362.97,happy_path,203.6,EMP-064
CASE-00067,manager_approval,2023-11-07 21:20:20.300776+00:00,98718.8,happy_path,203.6,EMP-064
CASE-00067,finance_approval,2023-11-09 00:45:39.102400+00:00,43728.71,happy_path,203.6,EMP-064
CASE-00067,paid,2023-11-09 12:54:27.808695+00:00,4539.64,happy_path,203.6,EMP-064
CASE-00068,submit,2023-11-18 02:58:21.968935+00:00,363.61,escalation,1128.92,EMP-180
CASE-00068,manager_approval,2023-11-18 03:04:25.580502+00:00,66371.66,escalation,1128.92,EMP-180
CASE-00068,finance_review,2023-11-18 21:30:37.245210+00:00,216053.84,escalation,1128.92,EMP-180
CASE-00068,paid,2023-11-21 09:31:31.087888+00:00,4995.7,escalation,1128.92,EMP-180
CASE-00069,submit,2023-10-22 10:59:11.754675+00:00,278.42,rejection_loop,860.64,EMP-080
CASE-00069,manager_rejects,2023-10-22 11:03:50.178208+00:00,4112.12,rejection_loop,860.64,EMP-080
CASE-00069,resubmit,2023-10-22 12:12:22.295155+00:00,7450.05,rejection_loop,860.64,EMP-080
CASE-00069,manager_approval,2023-10-22 14:16:32.347045+00:00,62410.08,rejection_loop,860.64,EMP-080
CASE-00069,paid,2023-10-23 07:36:42.429489+00:00,1564.55,rejection_loop,860.64,EMP-080
CASE-00070,submit,2024-01-17 13:51:45.938158+00:00,321.7,happy_path,3589.32,EMP-020
CASE-00070,manager_approval,2024-01-17 13:57:07.639659+00:00,72309.16,happy_path,3589.32,EMP-020
CASE-00070,finance_approval,2024-01-18 10:02:16.800944+00:00,41212.85,happy_path,3589.32,EMP-020
CASE-00070,paid,2024-01-18 21:29:09.649727+00:00,2879.04,happy_path,3589.32,EMP-020
CASE-00071,submit,2024-02-20 20:59:04.906607+00:00,263.61,escalation,4037.36,EMP-145
CASE-00071,manager_approval,2024-02-20 21:03:28.515167+00:00,105114.67,escalation,4037.36,EMP-145
CASE-00071,finance_review,2024-02-22 02:15:23.184255+00:00,137547.27,escalation,4037.36,EMP-145
CASE-00071,paid,2024-02-23 16:27:50.450577+00:00,4376.49,escalation,4037.36,EMP-145
CASE-00072,submit,2023-10-21 23:55:40.516255+00:00,382.68,happy_path,4255.4,EMP-126
CASE-00072,manager_approval,2023-10-22 00:02:03.195086+00:00,78914.61,happy_path,4255.4,EMP-126
CASE-00072,finance_approval,2023-10-22 21:57:17.800161+00:00,48556.8,happy_path,4255.4,EMP-126
CASE-00072,paid,2023-10-23 11:26:34.601604+00:00,2358.22,happy_path,4255.4,EMP-126
CASE-00073,submit,2023-11-20 14:45:21.428617+00:00,326.67,happy_path,3682.29,EMP-167
CASE-00073,manager_approval,2023-11-20 14:50:48.097711+00:00,61325.73,happy_path,3682.29,EMP-167
CASE-00073,finance_approval,2023-11-21 07:52:53.831927+00:00,35540.74,happy_path,3682.29,EMP-167
CASE-00073,paid,2023-11-21 17:45:14.576782+00:00,3699.63,happy_path,3682.29,EMP-167
CASE-00074,submit,2024-02-29 12:45:28.805787+00:00,406.03,rejection_loop,1378.56,EMP-063
CASE-00074,manager_rejects,2024-02-29 12:52:14.832596+00:00,4242.09,rejection_loop,1378.56,EMP-063
CASE-00074,resubmit,2024-02-29 14:02:56.919464+00:00,7277.57,rejection_loop,1378.56,EMP-063
CASE-00074,manager_approval,2024-02-29 16:04:14.491514+00:00,110530.5,rejection_loop,1378.56,EMP-063
CASE-00074,paid,2024-03-01 22:46:24.991111+00:00,2924.27,rejection_loop,1378.56,EMP-063
CASE-00075,submit,2023-12-29 18:12:56.548550+00:00,262.57,happy_path,4262.22,EMP-047
CASE-00075,manager_approval,2023-12-29 18:17:19.122369+00:00,76178.94,happy_path,4262.22,EMP-047
CASE-00075,finance_approval,2023-12-30 15:26:58.057585+00:00,47602.29,happy_path,4262.22,EMP-047
CASE-00075,paid,2023-12-31 04:40:20.351941+00:00,3375.45,happy_path,4262.22,EMP-047
CASE-00076,submit,2024-03-21 15:37:49.209588+00:00,379.4,rejection_loop,2801.17,EMP-133
CASE-00076,manager_rejects,2024-03-21 15:44:08.609328+00:00,4422.24,rejection_loop,2801.17,EMP-133
CASE-00076,resubmit,2024-03-21 16:57:50.851131+00:00,8671.67,rejection_loop,2801.17,EMP-133
CASE-00076,manager_approval,2024-03-21 19:22:22.520765+00:00,50099.15,rejection_loop,2801.17,EMP-133
CASE-00076,paid,2024-03-22 09:17:21.672544+00:00,3708.74,rejection_loop,2801.17,EMP-133
CASE-00077,submit,2023-12-22 16:06:50.595170+00:00,349.8,escalation,3247.22,EMP-126
CASE-00077,manager_approval,2023-12-22 16:12:40.391507+00:00,88349.86,escalation,3247.22,EMP-126
CASE-00077,finance_review,2023-12-23 16:45:10.249872+00:00,146188.21,escalation,3247.22,EMP-126
CASE-00077,paid,2023-12-25 09:21:38.456040+00:00,3979.84,escalation,3247.22,EMP-126
CASE-00078,submit,2024-01-06 13:34:57.873179+00:00,211.36,escalation,1876.65,EMP-142
CASE-00078,manager_approval,2024-01-06 13:38:29.232799+00:00,102532.2,escalation,1876.65,EMP-142
CASE-00078,finance_review,2024-01-07 18:07:21.428561+00:00,140084.42,escalation,1876.65,EMP-142
CASE-00078,paid,2024-01-09 09:02:05.851458+00:00,4825.31,escalation,1876.65,EMP-142
CASE-00079,submit,2024-02-09 19:56:53.920783+00:00,260.41,happy_path,1294.45,EMP-031
CASE-00079,manager_approval,2024-02-09 20:01:14.334749+00:00,119023.44,happy_path,1294.45,EMP-031
CASE-00079,finance_approval,2024-02-11 05:04:57.773956+00:00,53701.1,happy_path,1294.45,EMP-031
CASE-00079,paid,2024-02-11 19:59:58.874041+00:00,3181.49,happy_path,1294.45,EMP-031
CASE-00080,submit,2024-02-10 10:12:25.936999+00:00,372.39,happy_path,3706.09,EMP-071
CASE-00080,manager_approval,2024-02-10 10:18:38.322238+00:00,82542.01,happy_path,3706.09,EMP-071
CASE-00080,finance_approval,2024-02-11 09:14:20.331208+00:00,42517.74,happy_path,3706.09,EMP-071
CASE-00080,paid,2024-02-11 21:02:58.072805+00:00,4005.41,happy_path,3706.09,EMP-071
CASE-00081,submit,2023-11-26 09:47:45.540713+00:00,291.86,happy_path,1176.04,EMP-046
CASE-00081,manager_approval,2023-11-26 09:52:37.401682+00:00,75550.8,happy_path,1176.04,EMP-046
CASE-00081,finance_approval,2023-11-27 06:51:48.196817+00:00,45513.14,happy_path,1176.04,EMP-046
CASE-00081,paid,2023-11-27 19:30:21.333629+00:00,3685.02,happy_path,1176.04,EMP-046
CASE-00082,submit,2024-03-07 07:45:08.539833+00:00,178.37,happy_path,4723.24,EMP-164
CASE-00082,manager_approval,2024-03-07 07:48:06.912844+00:00,88912.15,happy_path,4723.24,EMP-164
CASE-00082,finance_approval,2024-03-08 08:29:59.060564+00:00,35956.04,happy_path,4723.24,EMP-164
CASE-00082,paid,2024-03-08 18:29:15.102109+00:00,3145.31,happy_path,4723.24,EMP-164
CASE-00083,submit,2023-11-17 10:42:23.928947+00:00,319.07,happy_path,962.6,EMP-014
CASE-00083,manager_approval,2023-11-17 10:47:42.999074+00:00,78281.91,happy_path,962.6,EMP-014
CASE-00083,finance_approval,2023-11-18 08:32:24.904226+00:00,50880.5,happy_path,962.6,EMP-014
CASE-00083,paid,2023-11-18 22:40:25.404465+00:00,4017.92,happy_path,962.6,EMP-014
CASE-00084,submit,2023-10-29 20:32:00.833734+00:00,252.86,escalation,3447.93,EMP-039
CASE-00084,manager_approval,2023-10-29 20:36:13.697767+00:00,79328.77,escalation,3447.93,EMP-039
CASE-00084,finance_review,2023-10-30 18:38:22.472035+00:00,194476.87,escalation,3447.93,EMP-039
CASE-00084,paid,2023-11-02 00:39:39.344786+00:00,3582.73,escalation,3447.93,EMP-039
CASE-00085,submit,2023-11-12 14:58:06.355635+00:00,235.0,rejection_loop,3051.27,EMP-159
CASE-00085,manager_rejects,2023-11-12 15:02:01.355442+00:00,3507.19,rejection_loop,3051.27,EMP-159
CASE-00085,resubmit,2023-11-12 16:00:28.544208+00:00,3858.29,rejection_loop,3051.27,EMP-159
CASE-00085,manager_approval,2023-11-12 17:04:46.836553+00:00,101489.11,rejection_loop,3051.27,EMP-159
CASE-00085,paid,2023-11-13 21:16:15.948346+00:00,4366.81,rejection_loop,3051.27,EMP-159
CASE-00086,submit,2023-10-20 20:41:20.554898+00:00,296.79,escalation,3067.67,EMP-190
CASE-00086,manager_approval,2023-10-20 20:46:17.348732+00:00,88820.23,escalation,3067.67,EMP-190
CASE-00086,finance_review,2023-10-21 21:26:37.577386+00:00,112445.83,escalation,3067.67,EMP-190
CASE-00086,paid,2023-10-23 04:40:43.411758+00:00,3565.97,escalation,3067.67,EMP-190
CASE-00087,submit,2023-10-03 11:33:32.837920+00:00,324.59,happy_path,2782.36,EMP-041
CASE-00087,manager_approval,2023-10-03 11:38:57.424473+00:00,58796.35,happy_path,2782.36,EMP-041
CASE-00087,finance_approval,2023-10-04 03:58:53.773567+00:00,46157.49,happy_path,2782.36,EMP-041
CASE-00087,paid,2023-10-04 16:48:11.268156+00:00,3432.58,happy_path,2782.36,EMP-041
CASE-00088,submit,2023-10-15 19:29:47.629907+00:00,342.08,rejection_loop,3529.79,EMP-117
CASE-00088,manager_rejects,2023-10-15 19:35:29.714044+00:00,3648.9,rejection_loop,3529.79,EMP-117
CASE-00088,resubmit,2023-10-15 20:36:18.614390+00:00,8603.44,rejection_loop,3529.79,EMP-117
CASE-00088,manager_approval,2023-10-15 22:59:42.055448+00:00,93789.85,rejection_loop,3529.79,EMP-117
CASE-00088,paid,2023-10-17 01:02:51.907094+00:00,2438.64,rejection_loop,3529.79,EMP-117
CASE-00089,submit,2024-01-09 00:30:34.113707+00:00,221.32,rejection_loop,1029.21,EMP-030
CASE-00089,manager_rejects,2024-01-09 00:34:15.432460+00:00,2550.21,rejection_loop,1029.21,EMP-030
CASE-00089,resubmit,2024-01-09 01:16:45.647058+00:00,7520.87,rejection_loop,1029.21,EMP-030
CASE-00089,manager_approval,2024-01-09 03:22:06.520699+00:00,79030.7,rejection_loop,1029.21,EMP-030
CASE-00089,paid,2024-01-10 01:19:17.220858+00:00,3988.97,rejection_loop,1029.21,EMP-030
CASE-00090,submit,2023-12-21 01:08:34.433774+00:00,344.43,rejection_loop,2867.57,EMP-074
CASE-00090,manager_rejects,2023-12-21 01:14:18.867362+00:00,3098.94,rejection_loop,2867.57,EMP-074
CASE-00090,resubmit,2023-12-21 02:05:57.809501+00:00,7499.51,rejection_loop,2867.57,EMP-074
CASE-00090,manager_approval,2023-12-21 04:10:57.320199+00:00,72310.69,rejection_loop,2867.57,EMP-074
CASE-00090,paid,2023-12-22 00:16:08.012012+00:00,4012.54,rejection_loop,2867.57,EMP-074
CASE-00091,submit,2023-10-10 04:11:54.915624+00:00,251.83,escalation,2216.91,EMP-154
CASE-00091,manager_approval,2023-10-10 04:16:06.741412+00:00,94292.45,escalation,2216.91,EMP-154
CASE-00091,finance_review,2023-10-11 06:27:39.192023+00:00,172756.3,escalation,2216.91,EMP-154
CASE-00091,paid,2023-10-13 06:26:55.487610+00:00,3993.89,escalation,2216.91,EMP-154
CASE-00092,submit,2024-01-16 16:22:15.833951+00:00,401.21,exception,4188.0,EMP-148
CASE-00092,missing_receipt,2024-01-16 16:28:57.043895+00:00,1866.34,exception,4188.0,EMP-148
CASE-00092,hold,2024-01-16 17:00:03.382368+00:00,308319.87,exception,4188.0,EMP-148
CASE-00092,resolved,2024-01-20 06:38:43.249220+00:00,2891.59,exception,4188.0,EMP-148
CASE-00092,paid,2024-01-20 07:26:54.843204+00:00,3645.96,exception,4188.0,EMP-148
CASE-00093,submit,2023-11-04 16:01:59.217614+00:00,262.89,escalation,2239.04,EMP-072
CASE-00093,manager_approval,2023-11-04 16:06:22.104871+00:00,60043.9,escalation,2239.04,EMP-072
CASE-00093,finance_review,2023-11-05 08:47:06.005422+00:00,141478.56,escalation,2239.04,EMP-072
CASE-00093,paid,2023-11-07 00:05:04.561766+00:00,3206.84,escalation,2239.04,EMP-072
CASE-00094,submit,2023-10-21 19:52:17.405028+00:00,301.36,happy_path,1699.88,EMP-172
CASE-00094,manager_approval,2023-10-21 19:57:18.768920+00:00,98223.28,happy_path,1699.88,EMP-172
CASE-00094,finance_approval,2023-10-22 23:14:22.049296+00:00,49481.9,happy_path,1699.88,EMP-172
CASE-00094,paid,2023-10-23 12:59:03.946980+00:00,2273.88,happy_path,1699.88,EMP-172
CASE-00095,submit,2023-12-23 20:50:52.530574+00:00,302.52,happy_path,3814.47,EMP-010
CASE-00095,manager_approval,2023-12-23 20:55:55.048146+00:00,78872.21,happy_path,3814.47,EMP-010
CASE-00095,finance_approval,2023-12-24 18:50:27.254537+00:00,49047.17,happy_path,3814.47,EMP-010
CASE-00095,paid,2023-12-25 08:27:54.428132+00:00,4499.86,happy_path,3814.47,EMP-010
CASE-00096,submit,2024-03-07 11:40:03.116155+00:00,288.63,escalation,4941.19,EMP-169
CASE-00096,manager_approval,2024-03-07 11:44:51.744433+00:00,79393.63,escalation,4941.19,EMP-169
CASE-00096,finance_review,2024-03-08 09:48:05.371084+00:00,176212.96,escalation,4941.19,EMP-169
CASE-00096,paid,2024-03-10 10:44:58.335082+00:00,2351.94,escalation,4941.19,EMP-169
CASE-00097,submit,2023-11-08 15:22:17.722823+00:00,290.32,happy_path,2238.1,EMP-014
CASE-00097,manager_approval,2023-11-08 15:27:08.039590+00:00,39242.11,happy_path,2238.1,EMP-014
CASE-00097,finance_approval,2023-11-09 02:21:10.145502+00:00,38177.57,happy_path,2238.1,EMP-014
CASE-00097,paid,2023-11-09 12:57:27.712147+00:00,2310.79,happy_path,2238.1,EMP-014
CASE-00098,submit,2024-02-23 21:02:07.179885+00:00,335.21,happy_path,4867.08,EMP-156
CASE-00098,manager_approval,2024-02-23 21:07:42.391149+00:00,81741.05,happy_path,4867.08,EMP-156
CASE-00098,finance_approval,2024-02-24 19:50:03.438517+00:00,37185.61,happy_path,4867.08,EMP-156
CASE-00098,paid,2024-02-25 06:09:49.047418+00:00,4518.15,happy_path,4867.08,EMP-156
CASE-00099,submit,2023-12-25 01:27:17.650268+00:00,305.27,happy_path,4214.96,EMP-030
CASE-00099,manager_approval,2023-12-25 01:32:22.922374+00:00,116588.65,happy_path,4214.96,EMP-030
CASE-00099,finance_approval,2023-12-26 09:55:31.574821+00:00,52352.61,happy_path,4214.96,EMP-030
CASE-00099,paid,2023-12-27 00:28:04.183241+00:00,2170.85,happy_path,4214.96,EMP-030
CASE-00100,submit,2024-03-27 10:39:24.526248+00:00,300.97,escalation,1403.45,EMP-124
CASE-00100,manager_approval,2024-03-27 10:44:25.498768+00:00,87476.82,escalation,1403.45,EMP-124
CASE-00100,finance_review,2024-03-28 11:02:22.323122+00:00,227446.9,escalation,1403.45,EMP-124
CASE-00100,paid,2024-03-31 02:13:09.222705+00:00,2087.6,escalation,1403.45,EMP-124
CASE-00101,submit,2023-11-21 17:23:19.608688+00:00,390.5,escalation,4402.66,EMP-018
CASE-00101,manager_approval,2023-11-21 17:29:50.103883+00:00,91962.8,escalation,4402.66,EMP-018
CASE-00101,finance_review,2023-11-22 19:02:32.900744+00:00,129475.66,escalation,4402.66,EMP-018
CASE-00101,paid,2023-11-24 07:00:28.560437+00:00,4581.38,escalation,4402.66,EMP-018
CASE-00102,submit,2024-03-01 17:53:45.548375+00:00,271.32,rejection_loop,1450.05,EMP-077
CASE-00102,manager_rejects,2024-03-01 17:58:16.868844+00:00,2827.54,rejection_loop,1450.05,EMP-077
CASE-00102,resubmit,2024-03-01 18:45:24.411371+00:00,5927.47,rejection_loop,1450.05,EMP-077
CASE-00102,manager_approval,2024-03-01 20:24:11.877444+00:00,101966.35,rejection_loop,1450.05,EMP-077
CASE-00102,paid,2024-03-03 00:43:38.225921+00:00,2866.73,rejection_loop,1450.05,EMP-077
CASE-00103,submit,2024-01-08 19:37:04.339133+00:00,249.19,happy_path,1695.58,EMP-196
CASE-00103,manager_approval,2024-01-08 19:41:13.533164+00:00,91670.86,happy_path,1695.58,EMP-196
CASE-00103,finance_approval,2024-01-09 21:09:04.393266+00:00,47386.22,happy_path,1695.58,EMP-196
CASE-00103,paid,2024-01-10 10:18:50.616188+00:00,4889.64,happy_path,1695.58,EMP-196
CASE-00104,submit,2023-12-15 22:32:54.285987+00:00,271.79,escalation,1206.13,EMP-199
CASE-00104,manager_approval,2023-12-15 22:37:26.077586+00:00,108638.43,escalation,1206.13,EMP-199
CASE-00104,finance_review,2023-12-17 04:48:04.509615+00:00,209019.38,escalation,1206.13,EMP-199
CASE-00104,paid,2023-12-19 14:51:43.889505+00:00,3143.64,escalation,1206.13,EMP-199
CASE-00105,submit,2024-03-27 13:08:03.692437+00:00,283.53,exception,3972.35,EMP-167
CASE-00105,missing_receipt,2024-03-27 13:12:47.219242+00:00,1802.42,exception,3972.35,EMP-167
CASE-00105,hold,2024-03-27 13:42:49.637457+00:00,143808.06,exception,3972.35,EMP-167
CASE-00105,resolved,2024-03-29 05:39:37.694627+00:00,3588.46,exception,3972.35,EMP-167
CASE-00105,paid,2024-03-29 06:39:26.158065+00:00,4851.95,exception,3972.35,EMP-167
CASE-00106,submit,2023-10-05 18:18:05.842778+00:00,210.78,happy_path,2653.46,EMP-117
CASE-00106,manager_approval,2023-10-05 18:21:36.627404+00:00,113372.56,happy_path,2653.46,EMP-117
CASE-00106,finance_approval,2023-10-07 01:51:09.186107+00:00,54664.79,happy_path,2653.46,EMP-117
CASE-00106,paid,2023-10-07 17:02:13.976686+00:00,3948.66,happy_path,2653.46,EMP-117
CASE-00107,submit,2024-02-04 16:29:01.917223+00:00,295.56,rejection_loop,1361.86,EMP-160
CASE-00107,manager_rejects,2024-02-04 16:33:57.476716+00:00,2909.93,rejection_loop,1361.86,EMP-160
CASE-00107,resubmit,2024-02-04 17:22:27.402175+00:00,4356.72,rejection_loop,1361.86,EMP-160
CASE-00107,manager_approval,2024-02-04 18:35:04.125092+00:00,112052.68,rejection_loop,1361.86,EMP-160
CASE-00107,paid,2024-02-06 01:42:36.802282+00:00,2173.45,rejection_loop,1361.86,EMP-160
CASE-00108,submit,2024-03-10 17:44:06.396606+00:00,225.34,happy_path,1617.47,EMP-184
CASE-00108,manager_approval,2024-03-10 17:47:51.731790+00:00,88439.42,happy_path,1617.47,EMP-184
CASE-00108,finance_approval,2024-03-11 18:21:51.154908+00:00,39303.37,happy_path,1617.47,EMP-184
CASE-00108,paid,2024-03-12 05:16:54.522628+00:00,3157.02,happy_path,1617.47,EMP-184
CASE-00109,submit,2024-02-14 10:01:50.535508+00:00,275.0,escalation,1472.53,EMP-059
CASE-00109,manager_approval,2024-02-14 10:06:25.536961+00:00,90363.67,escalation,1472.53,EMP-059
CASE-00109,finance_review,2024-02-15 11:12:29.202500+00:00,114292.54,escalation,1472.53,EMP-059
CASE-00109,paid,2024-02-16 18:57:21.741507+00:00,2239.16,escalation,1472.53,EMP-059
CASE-00110,submit,2023-10-11 06:40:51.544868+00:00,314.29,happy_path,3485.31,EMP-008
CASE-00110,manager_approval,2023-10-11 06:46:05.839494+00:00,69150.68,happy_path,3485.31,EMP-008
CASE-00110,finance_approval,2023-10-12 01:58:36.514610+00:00,40347.07,happy_path,3485.31,EMP-008
CASE-00110,paid,2023-10-12 13:11:03.585107+00:00,3957.33,happy_path,3485.31,EMP-008
CASE-00111,submit,2023-11-02 14:19:45.710307+00:00,406.75,escalation,2851.34,EMP-047
CASE-00111,manager_approval,2023-11-02 14:26:32.464578+00:00,107204.66,escalation,2851.34,EMP-047
CASE-00111,finance_review,2023-11-03 20:13:17.123585+00:00,149382.94,escalation,2851.34,EMP-047
CASE-00111,paid,2023-11-05 13:43:00.068569+00:00,3143.54,escalation,2851.34,EMP-047
CASE-00112,submit,2024-01-25 19:44:52.821367+00:00,213.9,exception,758.43,EMP-119
CASE-00112,missing_receipt,2024-01-25 19:48:26.716839+00:00,1911.78,exception,758.43,EMP-119
CASE-00112,hold,2024-01-25 20:20:18.495542+00:00,337018.14,exception,758.43,EMP-119
CASE-00112,resolved,2024-01-29 17:57:16.631718+00:00,3201.68,exception,758.43,EMP-119
CASE-00112,paid,2024-01-29 18:50:38.314672+00:00,3334.83,exception,758.43,EMP-119
CASE-00113,submit,2023-11-25 20:20:46.882373+00:00,373.37,happy_path,4728.92,EMP-151
CASE-00113,manager_approval,2023-11-25 20:27:00.248083+00:00,118535.84,happy_path,4728.92,EMP-151
CASE-00113,finance_approval,2023-11-27 05:22:36.086938+00:00,40594.74,happy_path,4728.92,EMP-151
CASE-00113,paid,2023-11-27 16:39:10.829539+00:00,2864.53,happy_path,4728.92,EMP-151
CASE-00114,submit,2023-11-14 16:43:43.076378+00:00,313.63,exception,4274.01,EMP-028
CASE-00114,missing_receipt,2023-11-14 16:48:56.709933+00:00,1447.03,exception,4274.01,EMP-028
CASE-00114,hold,2023-11-14 17:13:03.743022+00:00,209856.41,exception,4274.01,EMP-028
CASE-00114,resolved,2023-11-17 03:30:40.152366+00:00,4101.38,exception,4274.01,EMP-028
CASE-00114,paid,2023-11-17 04:39:01.536767+00:00,3565.44,exception,4274.01,EMP-028
CASE-00115,submit,2023-10-04 10:58:59.563523+00:00,368.91,exception,3308.24,EMP-071
CASE-00115,missing_receipt,2023-10-04 11:05:08.470490+00:00,1409.54,exception,3308.24,EMP-071
CASE-00115,hold,2023-10-04 11:28:38.005885+00:00,446470.95,exception,3308.24,EMP-071
CASE-00115,resolved,2023-10-09 15:29:48.954257+00:00,3382.3,exception,3308.24,EMP-071
CASE-00115,paid,2023-10-09 16:26:11.256743+00:00,3548.37,exception,3308.24,EMP-071
CASE-00116,submit,2024-01-20 06:31:14.851451+00:00,186.57,exception,3889.92,EMP-059
CASE-00116,missing_receipt,2024-01-20 06:34:21.416480+00:00,1544.09,exception,3889.92,EMP-059
CASE-00116,hold,2024-01-20 07:00:05.502047+00:00,357593.99,exception,3889.92,EMP-059
CASE-00116,resolved,2024-01-24 10:19:59.495896+00:00,2945.22,exception,3889.92,EMP-059
CASE-00116,paid,2024-01-24 11:09:04.720300+00:00,2667.28,exception,3889.92,EMP-059
CASE-00117,submit,2024-01-24 02:01:54.508539+00:00,371.06,rejection_loop,3312.95,EMP-036
CASE-00117,manager_rejects,2024-01-24 02:08:05.567273+00:00,3106.59,rejection_loop,3312.95,EMP-036
CASE-00117,resubmit,2024-01-24 02:59:52.162017+00:00,6497.65,rejection_loop,3312.95,EMP-036
CASE-00117,manager_approval,2024-01-24 04:48:09.816072+00:00,108111.27,rejection_loop,3312.95,EMP-036
CASE-00117,paid,2024-01-25 10:50:01.084539+00:00,2317.59,rejection_loop,3312.95,EMP-036
CASE-00118,submit,2023-12-16 18:58:24.108849+00:00,253.3,happy_path,1510.8,EMP-192
CASE-00118,manager_approval,2023-12-16 19:02:37.405804+00:00,97949.62,happy_path,1510.8,EMP-192
CASE-00118,finance_approval,2023-12-17 22:15:07.025525+00:00,55253.17,happy_path,1510.8,EMP-192
CASE-00118,paid,2023-12-18 13:36:00.195151+00:00,4212.95,happy_path,1510.8,EMP-192
CASE-00119,submit,2023-11-18 06:06:38.755128+00:00,259.88,escalation,1399.01,EMP-043
CASE-00119,manager_approval,2023-11-18 06:10:58.634818+00:00,97601.95,escalation,1399.01,EMP-043
CASE-00119,finance_review,2023-11-19 09:17:40.585551+00:00,128617.2,escalation,1399.01,EMP-043
CASE-00119,paid,2023-11-20 21:01:17.786629+00:00,4118.22,escalation,1399.01,EMP-043
CASE-00120,submit,2023-10-28 08:04:13.097371+00:00,206.78,happy_path,620.09,EMP-020
CASE-00120,manager_approval,2023-10-28 08:07:39.880811+00:00,128297.83,happy_path,620.09,EMP-020
CASE-00120,finance_approval,2023-10-29 19:45:57.709035+00:00,40216.18,happy_path,620.09,EMP-020
CASE-00120,paid,2023-10-30 06:56:13.886209+00:00,3194.1,happy_path,620.09,EMP-020
CASE-00121,submit,2023-10-19 06:06:30.320843+00:00,134.43,exception,4032.71,EMP-094
CASE-00121,missing_receipt,2023-10-19 06:08:44.750395+00:00,1614.6,exception,4032.71,EMP-094
CASE-00121,hold,2023-10-19 06:35:39.346136+00:00,300847.61,exception,4032.71,EMP-094
CASE-00121,resolved,2023-10-22 18:09:46.951174+00:00,4010.44,exception,4032.71,EMP-094
CASE-00121,paid,2023-10-22 19:16:37.390971+00:00,4204.84,exception,4032.71,EMP-094
CASE-00122,submit,2024-02-28 00:50:33.868679+00:00,326.74,rejection_loop,1347.7,EMP-098
CASE-00122,manager_rejects,2024-02-28 00:56:00.604770+00:00,3494.71,rejection_loop,1347.7,EMP-098
CASE-00122,resubmit,2024-02-28 01:54:15.315894+00:00,7241.12,rejection_loop,1347.7,EMP-098
CASE-00122,manager_approval,2024-02-28 03:54:56.438104+00:00,91237.83,rejection_loop,1347.7,EMP-098
CASE-00122,paid,2024-02-29 05:15:34.271806+00:00,4463.07,rejection_loop,1347.7,EMP-098
CASE-00123,submit,2024-01-25 08:56:41.800822+00:00,248.78,exception,1145.77,EMP-017
CASE-00123,missing_receipt,2024-01-25 09:00:50.580587+00:00,1345.48,exception,1145.77,EMP-017
CASE-00123,hold,2024-01-25 09:23:16.060002+00:00,289093.24,exception,1145.77,EMP-017
CASE-00123,resolved,2024-01-28 17:41:29.301290+00:00,3423.17,exception,1145.77,EMP-017
CASE-00123,paid,2024-01-28 18:38:32.474312+00:00,3238.57,exception,1145.77,EMP-017
CASE-00124,submit,2023-10-23 21:38:25.716237+00:00,307.11,happy_path,234.2,EMP-127
CASE-00124,manager_approval,2023-10-23 21:43:32.822063+00:00,113103.69,happy_path,234.2,EMP-127
CASE-00124,finance_approval,2023-10-25 05:08:36.513637+00:00,37895.61,happy_path,234.2,EMP-127
CASE-00124,paid,2023-10-25 15:40:12.121669+00:00,4158.09,happy_path,234.2,EMP-127
CASE-00125,submit,2023-12-17 10:37:39.269106+00:00,298.31,exception,3497.6,EMP-139
CASE-00125,missing_receipt,2023-12-17 10:42:37.581091+00:00,1626.38,exception,3497.6,EMP-139
CASE-00125,hold,2023-12-17 11:09:43.965075+00:00,225252.85,exception,3497.6,EMP-139
CASE-00125,resolved,2023-12-20 01:43:56.813939+00:00,3739.65,exception,3497.6,EMP-139
CASE-00125,paid,2023-12-20 02:46:16.463576+00:00,2680.33,exception,3497.6,EMP-139
CASE-00126,submit,2023-11-11 02:36:18.136416+00:00,304.11,exception,211.95,EMP-095
CASE-00126,missing_receipt,2023-11-11 02:41:22.246417+00:00,1592.98,exception,211.95,EMP-095
CASE-00126,hold,2023-11-11 03:07:55.223940+00:00,280794.2,exception,211.95,EMP-095
CASE-00126,resolved,2023-11-14 09:07:49.428658+00:00,2501.94,exception,211.95,EMP-095
CASE-00126,paid,2023-11-14 09:49:31.369912+00:00,5523.93,exception,211.95,EMP-095
CASE-00127,submit,2023-12-06 13:28:15.578534+00:00,268.78,happy_path,4513.4,EMP-166
CASE-00127,manager_approval,2023-12-06 13:32:44.353687+00:00,94769.51,happy_path,4513.4,EMP-166
CASE-00127,finance_approval,2023-12-07 15:52:13.860954+00:00,53257.67,happy_path,4513.4,EMP-166
CASE-00127,paid,2023-12-08 06:39:51.531508+00:00,4813.12,happy_path,4513.4,EMP-166
CASE-00128,submit,2024-01-26 02:36:33.868974+00:00,319.01,happy_path,3330.71,EMP-165
CASE-00128,manager_approval,2024-01-26 02:41:52.882258+00:00,85142.96,happy_path,3330.71,EMP-165
CASE-00128,finance_approval,2024-01-27 02:20:55.838349+00:00,32386.91,happy_path,3330.71,EMP-165
CASE-00128,paid,2024-01-27 11:20:42.745198+00:00,5935.14,happy_path,3330.71,EMP-165
CASE-00129,submit,2024-01-10 18:10:39.526147+00:00,205.91,rejection_loop,1065.77,EMP-196
CASE-00129,manager_rejects,2024-01-10 18:14:05.436352+00:00,3032.46,rejection_loop,1065.77,EMP-196
CASE-00129,resubmit,2024-01-10 19:04:37.897227+00:00,7531.17,rejection_loop,1065.77,EMP-196
CASE-00129,manager_approval,2024-01-10 21:10:09.066169+00:00,123460.56,rejection_loop,1065.77,EMP-196
CASE-00129,paid,2024-01-12 07:27:49.626594+00:00,3891.32,rejection_loop,1065.77,EMP-196
CASE-00130,submit,2024-01-08 05:43:50.785136+00:00,221.59,happy_path,4920.94,EMP-034
CASE-00130,manager_approval,2024-01-08 05:47:32.375150+00:00,89528.52,happy_path,4920.94,EMP-034
CASE-00130,finance_approval,2024-01-09 06:39:40.898575+00:00,39885.47,happy_path,4920.94,EMP-034
CASE-00130,paid,2024-01-09 17:44:26.365618+00:00,3919.69,happy_path,4920.94,EMP-034
CASE-00131,submit,2023-11-30 06:41:33.776433+00:00,276.26,happy_path,3952.74,EMP-151
CASE-00131,manager_approval,2023-11-30 06:46:10.040611+00:00,89647.19,happy_path,3952.74,EMP-151
CASE-00131,finance_approval,2023-12-01 07:40:17.232600+00:00,45299.68,happy_path,3952.74,EMP-151
CASE-00131,paid,2023-12-01 20:15:16.912852+00:00,3542.79,happy_path,3952.74,EMP-151
CASE-00132,submit,2023-12-07 04:00:30.120810+00:00,226.78,rejection_loop,2407.42,EMP-200
CASE-00132,manager_rejects,2023-12-07 04:04:16.895820+00:00,3052.63,rejection_loop,2407.42,EMP-200
CASE-00132,resubmit,2023-12-07 04:55:09.527284+00:00,6104.03,rejection_loop,2407.42,EMP-200
CASE-00132,manager_approval,2023-12-07 06:36:53.560311+00:00,91707.29,rejection_loop,2407.42,EMP-200
CASE-00132,paid,2023-12-08 08:05:20.852624+00:00,4823.87,rejection_loop,2407.42,EMP-200
CASE-00133,submit,2024-01-04 20:40:09.291218+00:00,150.62,rejection_loop,4548.32,EMP-169
CASE-00133,manager_rejects,2024-01-04 20:42:39.912033+00:00,4003.19,rejection_loop,4548.32,EMP-169
CASE-00133,resubmit,2024-01-04 21:49:23.099245+00:00,9107.14,rejection_loop,4548.32,EMP-169
CASE-00133,manager_approval,2024-01-05 00:21:10.234582+00:00,95598.64,rejection_loop,4548.32,EMP-169
CASE-00133,paid,2024-01-06 02:54:28.872619+00:00,2483.48,rejection_loop,4548.32,EMP-169
CASE-00134,submit,2024-03-12 20:49:56.731201+00:00,352.93,happy_path,4553.02,EMP-019
CASE-00134,manager_approval,2024-03-12 20:55:49.664108+00:00,81041.88,happy_path,4553.02,EMP-019
CASE-00134,finance_approval,2024-03-13 19:26:31.549003+00:00,46868.38,happy_path,4553.02,EMP-019
CASE-00134,paid,2024-03-14 08:27:39.926631+00:00,4483.81,happy_path,4553.02,EMP-019
CASE-00135,submit,2024-03-30 00:47:30.859149+00:00,359.81,escalation,3575.16,EMP-098
CASE-00135,manager_approval,2024-03-30 00:53:30.668947+00:00,63083.99,escalation,3575.16,EMP-098
CASE-00135,finance_review,2024-03-30 18:24:54.661501+00:00,163735.26,escalation,3575.16,EMP-098
CASE-00135,paid,2024-04-01 15:53:49.926253+00:00,3275.65,escalation,3575.16,EMP-098
CASE-00136,submit,2024-03-08 23:41:27.025575+00:00,283.13,rejection_loop,4271.32,EMP-167
CASE-00136,manager_rejects,2024-03-08 23:46:10.159718+00:00,2460.14,rejection_loop,4271.32,EMP-167
CASE-00136,resubmit,2024-03-09 00:27:10.299067+00:00,6057.11,rejection_loop,4271.32,EMP-167
CASE-00136,manager_approval,2024-03-09 02:08:07.404825+00:00,45487.78,rejection_loop,4271.32,EMP-167
CASE-00136,paid,2024-03-09 14:46:15.186785+00:00,4401.24,rejection_loop,4271.32,EMP-167
CASE-00137,submit,2023-12-16 21:04:31.040867+00:00,352.33,happy_path,4145.73,EMP-103
CASE-00137,manager_approval,2023-12-16 21:10:23.373297+00:00,99218.29,happy_path,4145.73,EMP-103
CASE-00137,finance_approval,2023-12-18 00:44:01.662628+00:00,39654.84,happy_path,4145.73,EMP-103
CASE-00137,paid,2023-12-18 11:44:56.500328+00:00,2849.52,happy_path,4145.73,EMP-103
CASE-00138,submit,2023-10-19 10:05:27.908669+00:00,354.84,happy_path,4618.78,EMP-018
CASE-00138,manager_approval,2023-10-19 10:11:22.753280+00:00,98137.7,happy_path,4618.78,EMP-018
CASE-00138,finance_approval,2023-10-20 13:27:00.450167+00:00,42963.66,happy_path,4618.78,EMP-018
CASE-00138,paid,2023-10-21 01:23:04.113500+00:00,2731.41,happy_path,4618.78,EMP-018
CASE-00139,submit,2024-01-12 02:28:19.950172+00:00,270.27,happy_path,346.91,EMP-144
CASE-00139,manager_approval,2024-01-12 02:32:50.222903+00:00,66929.62,happy_path,346.91,EMP-144
CASE-00139,finance_approval,2024-01-12 21:08:19.846498+00:00,55210.96,happy_path,346.91,EMP-144
CASE-00139,paid,2024-01-13 12:28:30.810017+00:00,2072.12,happy_path,346.91,EMP-144
CASE-00140,submit,2024-03-25 07:28:55.420844+00:00,254.9,happy_path,4583.43,EMP-014
CASE-00140,manager_approval,2024-03-25 07:33:10.317122+00:00,74538.84,happy_path,4583.43,EMP-014
CASE-00140,finance_approval,2024-03-26 04:15:29.155574+00:00,38805.05,happy_path,4583.43,EMP-014
CASE-00140,paid,2024-03-26 15:02:14.202605+00:00,3307.27,happy_path,4583.43,EMP-014
CASE-00141,submit,2023-12-05 00:29:32.838128+00:00,272.19,escalation,1160.01,EMP-028
CASE-00141,manager_approval,2023-12-05 00:34:05.028850+00:00,82705.52,escalation,1160.01,EMP-028
CASE-00141,finance_review,2023-12-05 23:32:30.544423+00:00,167276.98,escalation,1160.01,EMP-028
CASE-00141,paid,2023-12-07 22:00:27.523603+00:00,4234.12,escalation,1160.01,EMP-028
CASE-00142,submit,2024-02-27 07:36:14.519576+00:00,234.92,happy_path,2826.78,EMP-197
CASE-00142,manager_approval,2024-02-27 07:40:09.440957+00:00,66115.51,happy_path,2826.78,EMP-197
CASE-00142,finance_approval,2024-02-28 02:02:04.953687+00:00,59539.1,happy_path,2826.78,EMP-197
CASE-00142,paid,2024-02-28 18:34:24.057269+00:00,3940.0,happy_path,2826.78,EMP-197
CASE-00143,submit,2023-11-21 04:31:41.085260+00:00,310.54,rejection_loop,1373.87,EMP-047
CASE-00143,manager_rejects,2023-11-21 04:36:51.629524+00:00,2250.42,rejection_loop,1373.87,EMP-047
CASE-00143,resubmit,2023-11-21 05:14:22.044823+00:00,6524.66,rejection_loop,1373.87,EMP-047
CASE-00143,manager_approval,2023-11-21 07:03:06.708943+00:00,97404.73,rejection_loop,1373.87,EMP-047
CASE-00143,paid,2023-11-22 10:06:31.437818+00:00,4418.72,rejection_loop,1373.87,EMP-047
CASE-00144,submit,2023-10-19 12:23:35.486863+00:00,368.79,happy_path,3717.8,EMP-008
CASE-00144,manager_approval,2023-10-19 12:29:44.278589+00:00,65799.08,happy_path,3717.8,EMP-008
CASE-00144,finance_approval,2023-10-20 06:46:23.363495+00:00,41868.46,happy_path,3717.8,EMP-008
CASE-00144,paid,2023-10-20 18:24:11.821862+00:00,3095.44,happy_path,3717.8,EMP-008
CASE-00145,submit,2024-01-18 07:41:12.105334+00:00,310.08,happy_path,1655.7,EMP-146
CASE-00145,manager_approval,2024-01-18 07:46:22.189116+00:00,95735.6,happy_path,1655.7,EMP-146
CASE-00145,finance_approval,2024-01-19 10:21:57.792384+00:00,40398.38,happy_path,1655.7,EMP-146
CASE-00145,paid,2024-01-19 21:35:16.167424+00:00,3608.01,happy_path,1655.7,EMP-146
CASE-00146,submit,2023-12-29 10:03:30.834465+00:00,280.84,happy_path,2243.41,EMP-109
CASE-00146,manager_approval,2023-12-29 10:08:11.671311+00:00,70276.86,happy_path,2243.41,EMP-109
CASE-00146,finance_approval,2023-12-30 05:39:28.533467+00:00,45248.42,happy_path,2243.41,EMP-109
CASE-00146,paid,2023-12-30 18:13:36.951018+00:00,3613.74,happy_path,2243.41,EMP-109
CASE-00147,submit,2024-01-17 18:20:23.862100+00:00,270.52,happy_path,1452.07,EMP-174
CASE-00147,manager_approval,2024-01-17 18:24:54.380680+00:00,68114.75,happy_path,1452.07,EMP-174
CASE-00147,finance_approval,2024-01-18 13:20:09.129813+00:00,42158.56,happy_path,1452.07,EMP-174
CASE-00147,paid,2024-01-19 01:02:47.685535+00:00,4078.33,happy_path,1452.07,EMP-174
CASE-00148,submit,2024-02-18 02:56:59.848703+00:00,470.18,happy_path,1061.89,EMP-055
CASE-00148,manager_approval,2024-02-18 03:04:50.024232+00:00,87986.71,happy_path,1061.89,EMP-055
CASE-00148,finance_approval,2024-02-19 03:31:16.729387+00:00,37271.34,happy_path,1061.89,EMP-055
CASE-00148,paid,2024-02-19 13:52:28.073957+00:00,4369.62,happy_path,1061.89,EMP-055
CASE-00149,submit,2024-02-06 15:51:35.488127+00:00,348.17,happy_path,689.47,EMP-137
CASE-00149,manager_approval,2024-02-06 15:57:23.660348+00:00,45509.43,happy_path,689.47,EMP-137
CASE-00149,finance_approval,2024-02-07 04:35:53.088082+00:00,43177.53,happy_path,689.47,EMP-137
CASE-00149,paid,2024-02-07 16:35:30.620436+00:00,3720.39,happy_path,689.47,EMP-137
CASE-00150,submit,2023-12-24 18:08:18.101541+00:00,278.22,rejection_loop,259.4,EMP-005
CASE-00150,manager_rejects,2023-12-24 18:12:56.325806+00:00,4058.97,rejection_loop,259.4,EMP-005
CASE-00150,resubmit,2023-12-24 19:20:35.300062+00:00,7933.06,rejection_loop,259.4,EMP-005
CASE-00150,manager_approval,2023-12-24 21:32:48.364586+00:00,66545.05,rejection_loop,259.4,EMP-005
CASE-00150,paid,2023-12-25 16:01:53.411330+00:00,3993.85,rejection_loop,259.4,EMP-005
CASE-00151,submit,2023-10-06 18:06:01.205953+00:00,251.17,escalation,1483.1,EMP-104
CASE-00151,manager_approval,2023-10-06 18:10:12.374524+00:00,121025.94,escalation,1483.1,EMP-104
CASE-00151,finance_review,2023-10-08 03:47:18.311817+00:00,112662.41,escalation,1483.1,EMP-104
CASE-00151,paid,2023-10-09 11:05:00.717614+00:00,2450.95,escalation,1483.1,EMP-104
CASE-00152,submit,2023-11-15 19:07:37.816443+00:00,238.0,exception,486.24,EMP-028
CASE-00152,missing_receipt,2023-11-15 19:11:35.816056+00:00,1606.34,exception,486.24,EMP-028
CASE-00152,hold,2023-11-15 19:38:22.153014+00:00,200137.37,exception,486.24,EMP-028
CASE-00152,resolved,2023-11-18 03:13:59.518486+00:00,3915.0,exception,486.24,EMP-028
CASE-00152,paid,2023-11-18 04:19:14.516091+00:00,3168.04,exception,486.24,EMP-028
CASE-00153,submit,2024-01-06 12:12:46.172656+00:00,345.69,happy_path,2576.89,EMP-030
CASE-00153,manager_approval,2024-01-06 12:18:31.858479+00:00,99302.76,happy_path,2576.89,EMP-030
CASE-00153,finance_approval,2024-01-07 15:53:34.621184+00:00,54892.92,happy_path,2576.89,EMP-030
CASE-00153,paid,2024-01-08 07:08:27.541071+00:00,2254.21,happy_path,2576.89,EMP-030
CASE-00154,submit,2023-10-29 08:38:20.482655+00:00,421.71,escalation,781.06,EMP-027
CASE-00154,manager_approval,2023-10-29 08:45:22.193182+00:00,95942.35,escalation,781.06,EMP-027
CASE-00154,finance_review,2023-10-30 11:24:24.538396+00:00,228282.11,escalation,781.06,EMP-027
CASE-00154,paid,2023-11-02 02:49:06.645701+00:00,3684.28,escalation,781.06,EMP-027
CASE-00155,submit,2023-12-25 12:16:38.121514+00:00,212.58,happy_path,3875.6,EMP-127
CASE-00155,manager_approval,2023-12-25 12:20:10.706514+00:00,60218.77,happy_path,3875.6,EMP-127
CASE-00155,finance_approval,2023-12-26 05:03:49.471814+00:00,39505.5,happy_path,3875.6,EMP-127
CASE-00155,paid,2023-12-26 16:02:14.970280+00:00,2819.71,happy_path,3875.6,EMP-127
CASE-00156,submit,2024-03-06 13:32:47.397378+00:00,187.38,escalation,4933.33,EMP-083
CASE-00156,manager_approval,2024-03-06 13:35:54.774982+00:00,77784.7,escalation,4933.33,EMP-083
CASE-00156,finance_review,2024-03-07 11:12:19.473293+00:00,155082.45,escalation,4933.33,EMP-083
CASE-00156,paid,2024-03-09 06:17:01.927567+00:00,4484.33,escalation,4933.33,EMP-083
CASE-00157,submit,2023-12-05 08:23:25.446187+00:00,326.97,happy_path,1409.63,EMP-015
CASE-00157,manager_approval,2023-12-05 08:28:52.416908+00:00,107876.32,happy_path,1409.63,EMP-015
CASE-00157,finance_approval,2023-12-06 14:26:48.735290+00:00,46801.84,happy_path,1409.63,EMP-015
CASE-00157,paid,2023-12-07 03:26:50.575009+00:00,4439.29,happy_path,1409.63,EMP-015
CASE-00158,submit,2024-01-21 16:50:10.456639+00:00,313.47,happy_path,3241.1,EMP-024
CASE-00158,manager_approval,2024-01-21 16:55:23.929613+00:00,62347.33,happy_path,3241.1,EMP-024
CASE-00158,finance_approval,2024-01-22 10:14:31.263740+00:00,42843.72,happy_path,3241.1,EMP-024
CASE-00158,paid,2024-01-22 22:08:34.982650+00:00,2097.49,happy_path,3241.1,EMP-024
CASE-00159,submit,2024-01-28 07:56:16.094695+00:00,264.42,rejection_loop,2276.18,EMP-147
CASE-00159,manager_rejects,2024-01-28 08:00:40.517466+00:00,3303.82,rejection_loop,2276.18,EMP-147
CASE-00159,resubmit,2024-01-28 08:55:44.332856+00:00,9042.19,rejection_loop,2276.18,EMP-147
CASE-00159,manager_approval,2024-01-28 11:26:26.525629+00:00,90903.87,rejection_loop,2276.18,EMP-147
CASE-00159,paid,2024-01-29 12:41:30.394266+00:00,3861.25,rejection_loop,2276.18,EMP-147
CASE-00160,submit,2024-03-27 19:54:20.557165+00:00,374.63,happy_path,4500.68,EMP-088
CASE-00160,manager_approval,2024-03-27 20:00:35.182502+00:00,102135.52,happy_path,4500.68,EMP-088
CASE-00160,finance_approval,2024-03-29 00:22:50.702251+00:00,54151.65,happy_path,4500.68,EMP-088
CASE-00160,paid,2024-03-29 15:25:22.351389+00:00,3943.63,happy_path,4500.68,EMP-088
CASE-00161,submit,2023-10-31 13:47:01.026529+00:00,265.87,exception,2644.14,EMP-157
CASE-00161,missing_receipt,2023-10-31 13:51:26.897330+00:00,1975.32,exception,2644.14,EMP-157
CASE-00161,hold,2023-10-31 14:24:22.212842+00:00,193223.55,exception,2644.14,EMP-157
CASE-00161,resolved,2023-11-02 20:04:45.757986+00:00,3895.76,exception,2644.14,EMP-157
CASE-00161,paid,2023-11-02 21:09:41.515380+00:00,2302.85,exception,2644.14,EMP-157
CASE-00162,submit,2024-01-11 10:24:03.879531+00:00,238.91,escalation,376.26,EMP-025
CASE-00162,manager_approval,2024-01-11 10:28:02.789135+00:00,73946.86,escalation,376.26,EMP-025
CASE-00162,finance_review,2024-01-12 07:00:29.653509+00:00,194326.51,escalation,376.26,EMP-025
CASE-00162,paid,2024-01-14 12:59:16.166836+00:00,4984.81,escalation,376.26,EMP-025
CASE-00163,submit,2024-01-15 21:26:04.930848+00:00,175.53,escalation,794.35,EMP-021
CASE-00163,manager_approval,2024-01-15 21:29:00.456648+00:00,99036.67,escalation,794.35,EMP-021
CASE-00163,finance_review,2024-01-17 00:59:37.122913+00:00,203914.6,escalation,794.35,EMP-021
CASE-00163,paid,2024-01-19 09:38:11.722954+00:00,4965.04,escalation,794.35,EMP-021
CASE-00164,submit,2023-11-27 17:23:37.513093+00:00,281.27,happy_path,2995.45,EMP-022
CASE-00164,manager_approval,2023-11-27 17:28:18.784529+00:00,59063.47,happy_path,2995.45,EMP-022
CASE-00164,finance_approval,2023-11-28 09:52:42.258185+00:00,52121.88,happy_path,2995.45,EMP-022
CASE-00164,paid,2023-11-29 00:21:24.142156+00:00,4118.26,happy_path,2995.45,EMP-022
CASE-00165,submit,2024-03-15 05:46:31.069848+00:00,217.59,rejection_loop,3706.93,EMP-176
CASE-00165,manager_rejects,2024-03-15 05:50:08.661413+00:00,4344.26,rejection_loop,3706.93,EMP-176
CASE-00165,resubmit,2024-03-15 07:02:32.919416+00:00,8685.87,rejection_loop,3706.93,EMP-176
CASE-00165,manager_approval,2024-03-15 09:27:18.791281+00:00,82262.43,rejection_loop,3706.93,EMP-176
CASE-00165,paid,2024-03-16 08:18:21.224106+00:00,3590.8,rejection_loop,3706.93,EMP-176
CASE-00166,submit,2024-03-21 13:55:36.896694+00:00,257.15,happy_path,4758.29,EMP-088
CASE-00166,manager_approval,2024-03-21 13:59:54.049933+00:00,87733.89,happy_path,4758.29,EMP-088
CASE-00166,finance_approval,2024-03-22 14:22:07.942568+00:00,45073.07,happy_path,4758.29,EMP-088
CASE-00166,paid,2024-03-23 02:53:21.012925+00:00,3874.36,happy_path,4758.29,EMP-088
CASE-00167,submit,2024-01-08 03:48:34.834849+00:00,294.77,rejection_loop,550.65,EMP-198
CASE-00167,manager_rejects,2024-01-08 03:53:29.604173+00:00,2868.16,rejection_loop,550.65,EMP-198
CASE-00167,resubmit,2024-01-08 04:41:17.766402+00:00,5265.61,rejection_loop,550.65,EMP-198
CASE-00167,manager_approval,2024-01-08 06:09:03.375446+00:00,48823.48,rejection_loop,550.65,EMP-198
CASE-00167,paid,2024-01-08 19:42:46.856268+00:00,2704.98,rejection_loop,550.65,EMP-198
CASE-00168,submit,2024-02-18 19:08:33.199144+00:00,245.34,happy_path,945.19,EMP-178
CASE-00168,manager_approval,2024-02-18 19:12:38.540030+00:00,91111.04,happy_path,945.19,EMP-178
CASE-00168,finance_approval,2024-02-19 20:31:09.582556+00:00,39163.06,happy_path,945.19,EMP-178
CASE-00168,paid,2024-02-20 07:23:52.637750+00:00,2744.28,happy_path,945.19,EMP-178
CASE-00169,submit,2024-01-20 21:46:20.004901+00:00,323.56,escalation,1225.77,EMP-114
CASE-00169,manager_approval,2024-01-20 21:51:43.562238+00:00,86967.95,escalation,1225.77,EMP-114
CASE-00169,finance_review,2024-01-21 22:01:11.509309+00:00,97201.05,escalation,1225.77,EMP-114
CASE-00169,paid,2024-01-23 01:01:12.562085+00:00,3666.77,escalation,1225.77,EMP-114
CASE-00170,submit,2023-12-08 05:04:22.582316+00:00,344.14,exception,3932.63,EMP-050
CASE-00170,missing_receipt,2023-12-08 05:10:06.721370+00:00,2618.32,exception,3932.63,EMP-050
CASE-00170,hold,2023-12-08 05:53:45.044750+00:00,177897.35,exception,3932.63,EMP-050
CASE-00170,resolved,2023-12-10 07:18:42.397461+00:00,3125.92,exception,3932.63,EMP-050
CASE-00170,paid,2023-12-10 08:10:48.322137+00:00,3774.6,exception,3932.63,EMP-050
CASE-00171,submit,2024-02-27 00:58:12.557967+00:00,310.37,happy_path,2660.93,EMP-042
CASE-00171,manager_approval,2024-02-27 01:03:22.924229+00:00,75216.39,happy_path,2660.93,EMP-042
CASE-00171,finance_approval,2024-02-27 21:56:59.315437+00:00,43199.79,happy_path,2660.93,EMP-042
CASE-00171,paid,2024-02-28 09:56:59.107422+00:00,4888.56,happy_path,2660.93,EMP-042
CASE-00172,submit,2024-02-08 01:15:07.996155+00:00,269.19,rejection_loop,2794.98,EMP-027
CASE-00172,manager_rejects,2024-02-08 01:19:37.186635+00:00,3569.1,rejection_loop,2794.98,EMP-027
CASE-00172,resubmit,2024-02-08 02:19:06.285945+00:00,8119.68,rejection_loop,2794.98,EMP-027
CASE-00172,manager_approval,2024-02-08 04:34:25.970910+00:00,92821.96,rejection_loop,2794.98,EMP-027
CASE-00172,paid,2024-02-09 06:21:27.926465+00:00,2574.14,rejection_loop,2794.98,EMP-027
CASE-00173,submit,2024-02-27 00:09:29.035065+00:00,322.55,rejection_loop,503.98,EMP-057
CASE-00173,manager_rejects,2024-02-27 00:14:51.580365+00:00,4637.13,rejection_loop,503.98,EMP-057
CASE-00173,resubmit,2024-02-27 01:32:08.705487+00:00,4444.06,rejection_loop,503.98,EMP-057
CASE-00173,manager_approval,2024-02-27 02:46:12.769479+00:00,67723.64,rejection_loop,503.98,EMP-057
CASE-00173,paid,2024-02-27 21:34:56.414306+00:00,4060.9,rejection_loop,503.98,EMP-057
CASE-00174,submit,2023-12-09 11:37:21.896993+00:00,436.51,happy_path,1961.52,EMP-021
CASE-00174,manager_approval,2023-12-09 11:44:38.407626+00:00,95195.9,happy_path,1961.52,EMP-021
CASE-00174,finance_approval,2023-12-10 14:11:14.311837+00:00,48744.27,happy_path,1961.52,EMP-021
CASE-00174,paid,2023-12-11 03:43:38.581657+00:00,2495.36,happy_path,1961.52,EMP-021
CASE-00175,submit,2024-03-16 03:09:05.260922+00:00,188.53,rejection_loop,731.12,EMP-074
CASE-00175,manager_rejects,2024-03-16 03:12:13.791071+00:00,3794.87,rejection_loop,731.12,EMP-074
CASE-00175,resubmit,2024-03-16 04:15:28.662377+00:00,7312.47,rejection_loop,731.12,EMP-074
CASE-00175,manager_approval,2024-03-16 06:17:21.129002+00:00,62130.04,rejection_loop,731.12,EMP-074
CASE-00175,paid,2024-03-16 23:32:51.172367+00:00,2135.23,rejection_loop,731.12,EMP-074
CASE-00176,submit,2024-01-09 18:50:03.625143+00:00,213.53,happy_path,1117.49,EMP-039
CASE-00176,manager_approval,2024-01-09 18:53:37.153251+00:00,82628.16,happy_path,1117.49,EMP-039
CASE-00176,finance_approval,2024-01-10 17:50:45.309719+00:00,34470.19,happy_path,1117.49,EMP-039
CASE-00176,paid,2024-01-11 03:25:15.501529+00:00,4168.15,happy_path,1117.49,EMP-039
CASE-00177,submit,2024-01-26 00:16:17.338752+00:00,331.81,happy_path,286.36,EMP-108
CASE-00177,manager_approval,2024-01-26 00:21:49.151740+00:00,80823.57,happy_path,286.36,EMP-108
CASE-00177,finance_approval,2024-01-26 22:48:52.725508+00:00,41391.64,happy_path,286.36,EMP-108
CASE-00177,paid,2024-01-27 10:18:44.367707+00:00,4148.92,happy_path,286.36,EMP-108
CASE-00178,submit,2023-11-15 13:10:21.866515+00:00,239.59,escalation,3178.18,EMP-148
CASE-00178,manager_approval,2023-11-15 13:14:21.459376+00:00,100581.5,escalation,3178.18,EMP-148
CASE-00178,finance_review,2023-11-16 17:10:42.954773+00:00,208697.88,escalation,3178.18,EMP-148
CASE-00178,paid,2023-11-19 03:09:00.835060+00:00,3098.64,escalation,3178.18,EMP-148
CASE-00179,submit,2024-01-05 05:27:11.841012+00:00,270.6,happy_path,3338.64,EMP-022
CASE-00179,manager_approval,2024-01-05 05:31:42.444856+00:00,52148.18,happy_path,3338.64,EMP-022
CASE-00179,finance_approval,2024-01-05 20:00:50.628905+00:00,56895.0,happy_path,3338.64,EMP-022
CASE-00179,paid,2024-01-06 11:49:05.628252+00:00,2078.88,happy_path,3338.64,EMP-022
CASE-00180,submit,2023-10-10 20:04:07.380194+00:00,271.17,escalation,150.65,EMP-121
CASE-00180,manager_approval,2023-10-10 20:08:38.551665+00:00,70574.39,escalation,150.65,EMP-121
CASE-00180,finance_review,2023-10-11 15:44:52.941283+00:00,200046.19,escalation,150.65,EMP-121
CASE-00180,paid,2023-10-13 23:18:59.134117+00:00,3585.74,escalation,150.65,EMP-121
CASE-00181,submit,2024-01-24 02:04:12.280421+00:00,243.61,happy_path,1243.57,EMP-169
CASE-00181,manager_approval,2024-01-24 02:08:15.891210+00:00,91142.55,happy_path,1243.57,EMP-169
CASE-00181,finance_approval,2024-01-25 03:27:18.437121+00:00,31569.7,happy_path,1243.57,EMP-169
CASE-00181,paid,2024-01-25 12:13:28.141368+00:00,3465.68,happy_path,1243.57,EMP-169
CASE-00182,submit,2024-02-29 11:15:26.629988+00:00,315.69,escalation,4076.87,EMP-045
CASE-00182,manager_approval,2024-02-29 11:20:42.324747+00:00,62165.89,escalation,4076.87,EMP-045
CASE-00182,finance_review,2024-03-01 04:36:48.217750+00:00,61406.65,escalation,4076.87,EMP-045
CASE-00182,paid,2024-03-01 21:40:14.866424+00:00,3034.23,escalation,4076.87,EMP-045
CASE-00183,submit,2023-10-09 15:46:11.905187+00:00,305.12,happy_path,3594.42,EMP-118
CASE-00183,manager_approval,2023-10-09 15:51:17.024198+00:00,97848.42,happy_path,3594.42,EMP-118
CASE-00183,finance_approval,2023-10-10 19:02:05.446370+00:00,55357.06,happy_path,3594.42,EMP-118
CASE-00183,paid,2023-10-11 10:24:42.506637+00:00,4190.49,happy_path,3594.42,EMP-118
CASE-00184,submit,2023-12-27 05:05:13.186910+00:00,265.64,happy_path,2021.21,EMP-140
CASE-00184,manager_approval,2023-12-27 05:09:38.827012+00:00,116745.6,happy_path,2021.21,EMP-140
CASE-00184,finance_approval,2023-12-28 13:35:24.428278+00:00,45569.42,happy_path,2021.21,EMP-140
CASE-00184,paid,2023-12-29 02:14:53.849964+00:00,3196.97,happy_path,2021.21,EMP-140
CASE-00185,submit,2023-10-25 09:43:55.328217+00:00,416.38,happy_path,3295.87,EMP-070
CASE-00185,manager_approval,2023-10-25 09:50:51.710804+00:00,55779.43,happy_path,3295.87,EMP-070
CASE-00185,finance_approval,2023-10-26 01:20:31.138946+00:00,54343.94,happy_path,3295.87,EMP-070
CASE-00185,paid,2023-10-26 16:26:15.082252+00:00,3519.74,happy_path,3295.87,EMP-070
CASE-00186,submit,2024-02-04 13:44:09.173783+00:00,172.82,happy_path,4869.93,EMP-128
CASE-00186,manager_approval,2024-02-04 13:47:01.997221+00:00,60455.42,happy_path,4869.93,EMP-128
CASE-00186,finance_approval,2024-02-05 06:34:37.422128+00:00,52722.62,happy_path,4869.93,EMP-128
CASE-00186,paid,2024-02-05 21:13:20.043734+00:00,3560.81,happy_path,4869.93,EMP-128
CASE-00187,submit,2024-01-09 04:26:57.827504+00:00,324.78,happy_path,2181.51,EMP-047
CASE-00187,manager_approval,2024-01-09 04:32:22.606275+00:00,82581.97,happy_path,2181.51,EMP-047
CASE-00187,finance_approval,2024-01-10 03:28:44.573138+00:00,45851.99,happy_path,2181.51,EMP-047
CASE-00187,paid,2024-01-10 16:12:56.565394+00:00,3191.17,happy_path,2181.51,EMP-047
CASE-00188,submit,2023-12-21 21:41:03.142884+00:00,256.5,escalation,2159.27,EMP-177
CASE-00188,manager_approval,2023-12-21 21:45:19.641959+00:00,53505.54,escalation,2159.27,EMP-177
CASE-00188,finance_review,2023-12-22 12:37:05.177229+00:00,195495.75,escalation,2159.27,EMP-177
CASE-00188,paid,2023-12-24 18:55:20.929302+00:00,4656.39,escalation,2159.27,EMP-177
CASE-00189,submit,2023-10-16 12:10:40.197896+00:00,256.3,happy_path,3215.37,EMP-015
CASE-00189,manager_approval,2023-10-16 12:14:56.495542+00:00,73071.25,happy_path,3215.37,EMP-015
CASE-00189,finance_approval,2023-10-17 08:32:47.741320+00:00,37997.18,happy_path,3215.37,EMP-015
CASE-00189,paid,2023-10-17 19:06:04.922725+00:00,4028.38,happy_path,3215.37,EMP-015
CASE-00190,submit,2024-02-02 01:20:38.137273+00:00,214.12,exception,756.76,EMP-156
CASE-00190,missing_receipt,2024-02-02 01:24:12.259035+00:00,1655.76,exception,756.76,EMP-156
CASE-00190,hold,2024-02-02 01:51:48.022635+00:00,276201.08,exception,756.76,EMP-156
CASE-00190,resolved,2024-02-05 06:35:09.106997+00:00,3675.9,exception,756.76,EMP-156
CASE-00190,paid,2024-02-05 07:36:25.009644+00:00,4890.55,exception,756.76,EMP-156
CASE-00191,submit,2024-01-19 22:00:34.778350+00:00,236.93,happy_path,4749.86,EMP-009
CASE-00191,manager_approval,2024-01-19 22:04:31.710548+00:00,38879.62,happy_path,4749.86,EMP-009
CASE-00191,finance_approval,2024-01-20 08:52:31.335139+00:00,34723.49,happy_path,4749.86,EMP-009
CASE-00191,paid,2024-01-20 18:31:14.828797+00:00,4700.1,happy_path,4749.86,EMP-009
CASE-00192,submit,2023-11-28 14:08:42.383329+00:00,272.65,escalation,2670.83,EMP-102
CASE-00192,manager_approval,2023-11-28 14:13:15.033685+00:00,140426.54,escalation,2670.83,EMP-102
CASE-00192,finance_review,2023-11-30 05:13:41.578587+00:00,200152.45,escalation,2670.83,EMP-102
CASE-00192,paid,2023-12-02 12:49:34.026120+00:00,3693.61,escalation,2670.83,EMP-102
CASE-00193,submit,2023-11-19 02:52:30.874289+00:00,295.79,escalation,4572.04,EMP-031
CASE-00193,manager_approval,2023-11-19 02:57:26.659521+00:00,109836.08,escalation,4572.04,EMP-031
CASE-00193,finance_review,2023-11-20 09:28:02.737883+00:00,208218.97,escalation,4572.04,EMP-031
CASE-00193,paid,2023-11-22 19:18:21.706787+00:00,3583.14,escalation,4572.04,EMP-031
CASE-00194,submit,2023-10-27 10:20:48.352545+00:00,333.01,exception,2481.44,EMP-032
CASE-00194,missing_receipt,2023-10-27 10:26:21.366712+00:00,1882.87,exception,2481.44,EMP-032
CASE-00194,hold,2023-10-27 10:57:44.239785+00:00,191489.4,exception,2481.44,EMP-032
CASE-00194,resolved,2023-10-29 16:09:13.635649+00:00,1593.17,exception,2481.44,EMP-032
CASE-00194,paid,2023-10-29 16:35:46.800761+00:00,4474.62,exception,2481.44,EMP-032
CASE-00195,submit,2023-10-14 16:32:12.545972+00:00,154.11,exception,3355.81,EMP-182
CASE-00195,missing_receipt,2023-10-14 16:34:46.653281+00:00,1190.0,exception,3355.81,EMP-182
CASE-00195,hold,2023-10-14 16:54:36.650459+00:00,211528.86,exception,3355.81,EMP-182
CASE-00195,resolved,2023-10-17 03:40:05.511244+00:00,4162.84,exception,3355.81,EMP-182
CASE-00195,paid,2023-10-17 04:49:28.355346+00:00,2458.64,exception,3355.81,EMP-182
CASE-00196,submit,2024-01-02 13:49:29.348951+00:00,329.06,exception,3206.62,EMP-093
CASE-00196,missing_receipt,2024-01-02 13:54:58.411647+00:00,1938.82,exception,3206.62,EMP-093
CASE-00196,hold,2024-01-02 14:27:17.230056+00:00,357382.71,exception,3206.62,EMP-093
CASE-00196,resolved,2024-01-06 17:43:39.939994+00:00,4412.44,exception,3206.62,EMP-093
CASE-00196,paid,2024-01-06 18:57:12.382056+00:00,4728.17,exception,3206.62,EMP-093
CASE-00197,submit,2023-10-26 08:36:42.164509+00:00,312.54,happy_path,4028.13,EMP-142
CASE-00197,manager_approval,2023-10-26 08:41:54.699648+00:00,92350.54,happy_path,4028.13,EMP-142
CASE-00197,finance_approval,2023-10-27 10:21:05.242512+00:00,41434.54,happy_path,4028.13,EMP-142
CASE-00197,paid,2023-10-27 21:51:39.778518+00:00,2453.0,happy_path,4028.13,EMP-142
CASE-00198,submit,2024-02-28 04:49:34.341154+00:00,356.92,happy_path,2083.44,EMP-105
CASE-00198,manager_approval,2024-02-28 04:55:31.259849+00:00,138168.9,happy_path,2083.44,EMP-105
CASE-00198,finance_approval,2024-02-29 19:18:20.161574+00:00,51822.58,happy_path,2083.44,EMP-105
CASE-00198,paid,2024-03-01 09:42:02.742824+00:00,2983.93,happy_path,2083.44,EMP-105
CASE-00199,submit,2024-01-10 05:37:51.155009+00:00,248.84,escalation,1755.35,EMP-200
CASE-00199,manager_approval,2024-01-10 05:41:59.996044+00:00,54962.84,escalation,1755.35,EMP-200
CASE-00199,finance_review,2024-01-10 20:58:02.840640+00:00,134114.99,escalation,1755.35,EMP-200
CASE-00199,paid,2024-01-12 10:13:17.834074+00:00,4333.09,escalation,1755.35,EMP-200
CASE-00200,submit,2023-10-30 13:01:36.539832+00:00,351.41,rejection_loop,4165.38,EMP-133
CASE-00200,manager_rejects,2023-10-30 13:07:27.954462+00:00,3870.58,rejection_loop,4165.38,EMP-133
CASE-00200,resubmit,2023-10-30 14:11:58.535747+00:00,8565.86,rejection_loop,4165.38,EMP-133
CASE-00200,manager_approval,2023-10-30 16:34:44.394421+00:00,81368.51,rejection_loop,4165.38,EMP-133
CASE-00200,paid,2023-10-31 15:10:52.908986+00:00,2797.48,rejection_loop,4165.38,EMP-133
CASE-00201,submit,2023-11-17 02:36:53.765288+00:00,249.82,exception,4479.88,EMP-021
CASE-00201,missing_receipt,2023-11-17 02:41:03.583780+00:00,1515.2,exception,4479.88,EMP-021
CASE-00201,hold,2023-11-17 03:06:18.779156+00:00,311036.14,exception,4479.88,EMP-021
CASE-00201,resolved,2023-11-20 17:30:14.914429+00:00,3960.74,exception,4479.88,EMP-021
CASE-00201,paid,2023-11-20 18:36:15.658756+00:00,2559.84,exception,4479.88,EMP-021
CASE-00202,submit,2023-11-02 19:35:12.089764+00:00,285.19,happy_path,4710.95,EMP-040
CASE-00202,manager_approval,2023-11-02 19:39:57.284310+00:00,53372.48,happy_path,4710.95,EMP-040
CASE-00202,finance_approval,2023-11-03 10:29:29.769187+00:00,32262.65,happy_path,4710.95,EMP-040
CASE-00202,paid,2023-11-03 19:27:12.414711+00:00,2531.3,happy_path,4710.95,EMP-040
CASE-00203,submit,2023-10-11 04:23:41.964787+00:00,416.07,happy_path,4325.72,EMP-021
CASE-00203,manager_approval,2023-10-11 04:30:38.032937+00:00,68544.73,happy_path,4325.72,EMP-021
CASE-00203,finance_approval,2023-10-11 23:33:02.758384+00:00,35870.26,happy_path,4325.72,EMP-021
CASE-00203,paid,2023-10-12 09:30:53.021905+00:00,2705.95,happy_path,4325.72,EMP-021
CASE-00204,submit,2024-03-11 00:27:59.500294+00:00,216.73,happy_path,3213.01,EMP-128
CASE-00204,manager_approval,2024-03-11 00:31:36.226413+00:00,56704.59,happy_path,3213.01,EMP-128
CASE-00204,finance_approval,2024-03-11 16:16:40.812793+00:00,40285.24,happy_path,3213.01,EMP-128
CASE-00204,paid,2024-03-12 03:28:06.052307+00:00,3383.13,happy_path,3213.01,EMP-128
CASE-00205,submit,2023-10-16 03:14:36.492659+00:00,342.58,rejection_loop,2060.16,EMP-117
CASE-00205,manager_rejects,2023-10-16 03:20:19.075182+00:00,4200.51,rejection_loop,2060.16,EMP-117
CASE-00205,resubmit,2023-10-16 04:30:19.585988+00:00,7912.14,rejection_loop,2060.16,EMP-117
CASE-00205,manager_approval,2023-10-16 06:42:11.724650+00:00,71879.47,rejection_loop,2060.16,EMP-117
CASE-00205,paid,2023-10-17 02:40:11.190981+00:00,3660.06,rejection_loop,2060.16,EMP-117
CASE-00206,submit,2023-11-29 11:26:48.538442+00:00,355.08,escalation,1597.28,EMP-184
CASE-00206,manager_approval,2023-11-29 11:32:43.613817+00:00,84905.16,escalation,1597.28,EMP-184
CASE-00206,finance_review,2023-11-30 11:07:48.771665+00:00,114045.41,escalation,1597.28,EMP-184
CASE-00206,paid,2023-12-01 18:48:34.181320+00:00,4504.5,escalation,1597.28,EMP-184
CASE-00207,submit,2023-12-25 23:09:41.362616+00:00,295.04,escalation,575.61,EMP-062
CASE-00207,manager_approval,2023-12-25 23:14:36.400548+00:00,102606.95,escalation,575.61,EMP-062
CASE-00207,finance_review,2023-12-27 03:44:43.350041+00:00,202153.44,escalation,575.61,EMP-062
CASE-00207,paid,2023-12-29 11:53:56.789323+00:00,4025.85,escalation,575.61,EMP-062
CASE-00208,submit,2024-03-24 06:48:10.374026+00:00,389.89,happy_path,3096.12,EMP-064
CASE-00208,manager_approval,2024-03-24 06:54:40.259119+00:00,63600.46,happy_path,3096.12,EMP-064
CASE-00208,finance_approval,2024-03-25 00:34:40.722846+00:00,53723.98,happy_path,3096.12,EMP-064
CASE-00208,paid,2024-03-25 15:30:04.703925+00:00,3018.44,happy_path,3096.12,EMP-064
CASE-00209,submit,2023-12-26 00:38:28.711051+00:00,351.02,happy_path,838.74,EMP-132
CASE-00209,manager_approval,2023-12-26 00:44:19.732854+00:00,68949.59,happy_path,838.74,EMP-132
CASE-00209,finance_approval,2023-12-26 19:53:29.323715+00:00,49275.69,happy_path,838.74,EMP-132
CASE-00209,paid,2023-12-27 09:34:45.018109+00:00,4082.3,happy_path,838.74,EMP-132
CASE-00210,submit,2023-12-05 12:30:24.421894+00:00,366.62,happy_path,1241.61,EMP-150
CASE-00210,manager_approval,2023-12-05 12:36:31.040725+00:00,94282.61,happy_path,1241.61,EMP-150
CASE-00210,finance_approval,2023-12-06 14:47:53.647473+00:00,50954.25,happy_path,1241.61,EMP-150
CASE-00210,paid,2023-12-07 04:57:07.899396+00:00,2716.23,happy_path,1241.61,EMP-150
CASE-00211,submit,2023-12-19 13:36:28.668893+00:00,371.54,happy_path,2706.62,EMP-028
CASE-00211,manager_approval,2023-12-19 13:42:40.211962+00:00,62951.2,happy_path,2706.62,EMP-028
CASE-00211,finance_approval,2023-12-20 07:11:51.407088+00:00,43797.63,happy_path,2706.62,EMP-028
CASE-00211,paid,2023-12-20 19:21:49.041798+00:00,2744.14,happy_path,2706.62,EMP-028
CASE-00212,submit,2023-12-07 06:06:09.763486+00:00,285.76,happy_path,2872.89,EMP-050
CASE-00212,manager_approval,2023-12-07 06:10:55.522429+00:00,107121.62,happy_path,2872.89,EMP-050
CASE-00212,finance_approval,2023-12-08 11:56:17.137553+00:00,34541.95,happy_path,2872.89,EMP-050
CASE-00212,paid,2023-12-08 21:31:59.088940+00:00,3948.98,happy_path,2872.89,EMP-050
CASE-00213,submit,2023-10-24 09:15:48.978741+00:00,359.31,rejection_loop,3135.05,EMP-157
CASE-00213,manager_rejects,2023-10-24 09:21:48.287361+00:00,3506.38,rejection_loop,3135.05,EMP-157
CASE-00213,resubmit,2023-10-24 10:20:14.668059+00:00,7656.02,rejection_loop,3135.05,EMP-157
CASE-00213,manager_approval,2023-10-24 12:27:50.684002+00:00,67519.1,rejection_loop,3135.05,EMP-157
CASE-00213,paid,2023-10-25 07:13:09.779125+00:00,4999.71,rejection_loop,3135.05,EMP-157
CASE-00214,submit,2023-10-10 05:54:04.300560+00:00,262.34,happy_path,2570.16,EMP-129
CASE-00214,manager_approval,2023-10-10 05:58:26.640079+00:00,119541.29,happy_path,2570.16,EMP-129
CASE-00214,finance_approval,2023-10-11 15:10:47.929916+00:00,45956.2,happy_path,2570.16,EMP-129
CASE-00214,paid,2023-10-12 03:56:44.129374+00:00,3962.35,happy_path,2570.16,EMP-129
CASE-00215,submit,2023-12-01 00:48:44.862443+00:00,231.51,happy_path,4471.0,EMP-036
CASE-00215,manager_approval,2023-12-01 00:52:36.371370+00:00,76648.21,happy_path,4471.0,EMP-036
CASE-00215,finance_approval,2023-12-01 22:10:04.579230+00:00,40403.6,happy_path,4471.0,EMP-036
CASE-00215,paid,2023-12-02 09:23:28.177855+00:00,5073.25,happy_path,4471.0,EMP-036
CASE-00216,submit,2024-01-06 19:42:29.034230+00:00,294.2,happy_path,1715.05,EMP-131
CASE-00216,manager_approval,2024-01-06 19:47:23.236361+00:00,81725.25,happy_path,1715.05,EMP-131
CASE-00216,finance_approval,2024-01-07 18:29:28.486885+00:00,37324.55,happy_path,1715.05,EMP-131
CASE-00216,paid,2024-01-08 04:51:33.037970+00:00,3946.35,happy_path,1715.05,EMP-131
CASE-00217,submit,2023-11-27 09:10:05.669885+00:00,247.32,escalation,4900.5,EMP-150
CASE-00217,manager_approval,2023-11-27 09:14:12.993789+00:00,121639.23,escalation,4900.5,EMP-150
CASE-00217,finance_review,2023-11-28 19:01:32.226608+00:00,120755.5,escalation,4900.5,EMP-150
CASE-00217,paid,2023-11-30 04:34:07.729563+00:00,2765.39,escalation,4900.5,EMP-150
CASE-00218,submit,2024-01-15 03:00:32.814772+00:00,241.3,happy_path,3295.18,EMP-199
CASE-00218,manager_approval,2024-01-15 03:04:34.112314+00:00,87386.38,happy_path,3295.18,EMP-199
CASE-00218,finance_approval,2024-01-16 03:21:00.493930+00:00,45514.73,happy_path,3295.18,EMP-199
CASE-00218,paid,2024-01-16 15:59:35.226610+00:00,2511.28,happy_path,3295.18,EMP-199
CASE-00219,submit,2023-10-29 14:23:27.815487+00:00,308.96,rejection_loop,3884.3,EMP-098
CASE-00219,manager_rejects,2023-10-29 14:28:36.776776+00:00,3535.92,rejection_loop,3884.3,EMP-098
CASE-00219,resubmit,2023-10-29 15:27:32.696414+00:00,6786.58,rejection_loop,3884.3,EMP-098
CASE-00219,manager_approval,2023-10-29 17:20:39.272650+00:00,96275.53,rejection_loop,3884.3,EMP-098
CASE-00219,paid,2023-10-30 20:05:14.799348+00:00,3461.15,rejection_loop,3884.3,EMP-098
CASE-00220,submit,2023-12-16 07:59:15.627437+00:00,320.23,happy_path,1602.78,EMP-039
CASE-00220,manager_approval,2023-12-16 08:04:35.861592+00:00,110836.25,happy_path,1602.78,EMP-039
CASE-00220,finance_approval,2023-12-17 14:51:52.112507+00:00,36982.16,happy_path,1602.78,EMP-039
CASE-00220,paid,2023-12-18 01:08:14.270363+00:00,2944.77,happy_path,1602.78,EMP-039
CASE-00221,submit,2023-10-27 20:30:58.818932+00:00,314.09,rejection_loop,3650.64,EMP-181
CASE-00221,manager_rejects,2023-10-27 20:36:12.908494+00:00,4113.02,rejection_loop,3650.64,EMP-181
CASE-00221,resubmit,2023-10-27 21:44:45.930839+00:00,6048.42,rejection_loop,3650.64,EMP-181
CASE-00221,manager_approval,2023-10-27 23:25:34.349137+00:00,63936.12,rejection_loop,3650.64,EMP-181
CASE-00221,paid,2023-10-28 17:11:10.469388+00:00,3383.56,rejection_loop,3650.64,EMP-181
CASE-00222,submit,2024-02-01 15:45:08.102605+00:00,334.07,exception,1744.52,EMP-091
CASE-00222,missing_receipt,2024-02-01 15:50:42.176546+00:00,2105.43,exception,1744.52,EMP-091
CASE-00222,hold,2024-02-01 16:25:47.605983+00:00,162717.39,exception,1744.52,EMP-091
CASE-00222,resolved,2024-02-03 13:37:44.991368+00:00,3755.51,exception,1744.52,EMP-091
CASE-00222,paid,2024-02-03 14:40:20.502223+00:00,2934.45,exception,1744.52,EMP-091
CASE-00223,submit,2024-01-11 10:56:03.593357+00:00,325.35,happy_path,4788.82,EMP-072
CASE-00223,manager_approval,2024-01-11 11:01:28.941928+00:00,143706.15,happy_path,4788.82,EMP-072
CASE-00223,finance_approval,2024-01-13 02:56:35.095299+00:00,41447.32,happy_path,4788.82,EMP-072
CASE-00223,paid,2024-01-13 14:27:22.414119+00:00,4310.33,happy_path,4788.82,EMP-072
CASE-00224,submit,2023-12-28 08:45:02.837638+00:00,169.91,happy_path,3539.69,EMP-082
CASE-00224,manager_approval,2023-12-28 08:47:52.749611+00:00,67691.85,happy_path,3539.69,EMP-082
CASE-00224,finance_approval,2023-12-29 03:36:04.604477+00:00,42149.47,happy_path,3539.69,EMP-082
CASE-00224,paid,2023-12-29 15:18:34.076864+00:00,2870.24,happy_path,3539.69,EMP-082
CASE-00225,submit,2024-02-27 07:23:26.259951+00:00,404.05,escalation,2738.79,EMP-102
CASE-00225,manager_approval,2024-02-27 07:30:10.305536+00:00,75418.01,escalation,2738.79,EMP-102
CASE-00225,finance_review,2024-02-28 04:27:08.318705+00:00,163853.76,escalation,2738.79,EMP-102
CASE-00225,paid,2024-03-01 01:58:02.077467+00:00,4317.43,escalation,2738.79,EMP-102
CASE-00226,submit,2024-01-29 01:47:57.330168+00:00,299.3,rejection_loop,1764.5,EMP-114
CASE-00226,manager_rejects,2024-01-29 01:52:56.633920+00:00,3183.69,rejection_loop,1764.5,EMP-114
CASE-00226,resubmit,2024-01-29 02:46:00.323519+00:00,7873.46,rejection_loop,1764.5,EMP-114
CASE-00226,manager_approval,2024-01-29 04:57:13.785113+00:00,71240.82,rejection_loop,1764.5,EMP-114
CASE-00226,paid,2024-01-30 00:44:34.608417+00:00,2937.17,rejection_loop,1764.5,EMP-114
CASE-00227,submit,2023-11-15 15:25:07.413357+00:00,281.85,happy_path,3717.41,EMP-062
CASE-00227,manager_approval,2023-11-15 15:29:49.266486+00:00,73569.78,happy_path,3717.41,EMP-062
CASE-00227,finance_approval,2023-11-16 11:55:59.050999+00:00,35439.83,happy_path,3717.41,EMP-062
CASE-00227,paid,2023-11-16 21:46:38.880092+00:00,3408.69,happy_path,3717.41,EMP-062
CASE-00228,submit,2024-02-02 14:44:57.775314+00:00,284.98,happy_path,3600.92,EMP-026
CASE-00228,manager_approval,2024-02-02 14:49:42.757190+00:00,122658.56,happy_path,3600.92,EMP-026
CASE-00228,finance_approval,2024-02-04 00:54:01.313445+00:00,57345.17,happy_path,3600.92,EMP-026
CASE-00228,paid,2024-02-04 16:49:46.484520+00:00,4122.64,happy_path,3600.92,EMP-026
CASE-00229,submit,2023-12-27 22:34:39.389897+00:00,295.13,escalation,4409.2,EMP-122
CASE-00229,manager_approval,2023-12-27 22:39:34.522719+00:00,103785.36,escalation,4409.2,EMP-122
CASE-00229,finance_review,2023-12-29 03:29:19.882433+00:00,278581.57,escalation,4409.2,EMP-122
CASE-00229,paid,2024-01-01 08:52:21.454092+00:00,3039.23,escalation,4409.2,EMP-122
CASE-00230,submit,2023-11-13 19:11:28.538285+00:00,377.96,exception,492.83,EMP-147
CASE-00230,missing_receipt,2023-11-13 19:17:46.494791+00:00,1758.47,exception,492.83,EMP-147
CASE-00230,hold,2023-11-13 19:47:04.966109+00:00,91229.78,exception,492.83,EMP-147
CASE-00230,resolved,2023-11-14 21:07:34.750970+00:00,4916.47,exception,492.83,EMP-147
CASE-00230,paid,2023-11-14 22:29:31.225657+00:00,4071.44,exception,492.83,EMP-147
CASE-00231,submit,2024-03-30 11:46:55.881633+00:00,244.02,happy_path,4196.14,EMP-010
CASE-00231,manager_approval,2024-03-30 11:50:59.898066+00:00,101632.44,happy_path,4196.14,EMP-010
CASE-00231,finance_approval,2024-03-31 16:04:52.335638+00:00,60180.97,happy_path,4196.14,EMP-010
CASE-00231,paid,2024-04-01 08:47:53.303373+00:00,2706.82,happy_path,4196.14,EMP-010
CASE-00232,submit,2023-11-25 17:03:15.660217+00:00,189.95,exception,4389.88,EMP-003
CASE-00232,missing_receipt,2023-11-25 17:06:25.609119+00:00,1385.32,exception,4389.88,EMP-003
CASE-00232,hold,2023-11-25 17:29:30.933744+00:00,210768.03,exception,4389.88,EMP-003
CASE-00232,resolved,2023-11-28 04:02:18.968576+00:00,4168.36,exception,4389.88,EMP-003
CASE-00232,paid,2023-11-28 05:11:47.333476+00:00,2907.66,exception,4389.88,EMP-003
CASE-00233,submit,2023-12-26 05:50:58.999586+00:00,243.26,rejection_loop,714.29,EMP-130
CASE-00233,manager_rejects,2023-12-26 05:55:02.260719+00:00,3703.15,rejection_loop,714.29,EMP-130
CASE-00233,resubmit,2023-12-26 06:56:45.412171+00:00,8023.82,rejection_loop,714.29,EMP-130
CASE-00233,manager_approval,2023-12-26 09:10:29.230502+00:00,98909.11,rejection_loop,714.29,EMP-130
CASE-00233,paid,2023-12-27 12:38:58.342971+00:00,4450.47,rejection_loop,714.29,EMP-130
CASE-00234,submit,2023-12-02 16:19:28.612936+00:00,274.91,happy_path,971.69,EMP-189
CASE-00234,manager_approval,2023-12-02 16:24:03.523086+00:00,117471.86,happy_path,971.69,EMP-189
CASE-00234,finance_approval,2023-12-04 01:01:55.384164+00:00,46658.6,happy_path,971.69,EMP-189
CASE-00234,paid,2023-12-04 13:59:33.980654+00:00,4758.65,happy_path,971.69,EMP-189
CASE-00235,submit,2024-01-03 18:00:44.808143+00:00,376.32,escalation,2057.18,EMP-110
CASE-00235,manager_approval,2024-01-03 18:07:01.131570+00:00,103057.1,escalation,2057.18,EMP-110
CASE-00235,finance_review,2024-01-04 22:44:38.233443+00:00,182275.11,escalation,2057.18,EMP-110
CASE-00235,paid,2024-01-07 01:22:33.338774+00:00,4054.44,escalation,2057.18,EMP-110
CASE-00236,submit,2023-12-11 01:02:28.923794+00:00,255.33,happy_path,1277.83,EMP-067
CASE-00236,manager_approval,2023-12-11 01:06:44.257620+00:00,91991.79,happy_path,1277.83,EMP-067
CASE-00236,finance_approval,2023-12-12 02:39:56.045272+00:00,38635.34,happy_path,1277.83,EMP-067
CASE-00236,paid,2023-12-12 13:23:51.386692+00:00,4643.7,happy_path,1277.83,EMP-067
CASE-00237,submit,2024-02-04 16:45:37.118254+00:00,327.83,escalation,1344.69,EMP-093
CASE-00237,manager_approval,2024-02-04 16:51:04.952310+00:00,90522.84,escalation,1344.69,EMP-093
CASE-00237,finance_review,2024-02-05 17:59:47.797246+00:00,157408.81,escalation,1344.69,EMP-093
CASE-00237,paid,2024-02-07 13:43:16.603249+00:00,4459.89,escalation,1344.69,EMP-093
CASE-00238,submit,2024-02-18 13:42:47.970070+00:00,268.63,escalation,4480.84,EMP-181
CASE-00238,manager_approval,2024-02-18 13:47:16.597875+00:00,57721.88,escalation,4480.84,EMP-181
CASE-00238,finance_review,2024-02-19 05:49:18.475328+00:00,211308.91,escalation,4480.84,EMP-181
CASE-00238,paid,2024-02-21 16:31:07.387286+00:00,3286.06,escalation,4480.84,EMP-181
CASE-00239,submit,2023-10-30 13:45:41.902046+00:00,298.83,happy_path,4788.93,EMP-123
CASE-00239,manager_approval,2023-10-30 13:50:40.736993+00:00,56932.76,happy_path,4788.93,EMP-123
CASE-00239,finance_approval,2023-10-31 05:39:33.499556+00:00,35352.09,happy_path,4788.93,EMP-123
CASE-00239,paid,2023-10-31 15:28:45.594510+00:00,4173.14,happy_path,4788.93,EMP-123
CASE-00240,submit,2024-02-28 14:36:25.773313+00:00,306.75,happy_path,2710.71,EMP-171
CASE-00240,manager_approval,2024-02-28 14:41:32.519575+00:00,53868.04,happy_path,2710.71,EMP-171
CASE-00240,finance_approval,2024-02-29 05:39:20.564076+00:00,32757.83,happy_path,2710.71,EMP-171
CASE-00240,paid,2024-02-29 14:45:18.392694+00:00,2703.14,happy_path,2710.71,EMP-171
CASE-00241,submit,2023-10-17 01:24:13.534837+00:00,280.29,escalation,2664.46,EMP-093
CASE-00241,manager_approval,2023-10-17 01:28:53.828826+00:00,83373.97,escalation,2664.46,EMP-093
CASE-00241,finance_review,2023-10-18 00:38:27.803241+00:00,123813.15,escalation,2664.46,EMP-093
CASE-00241,paid,2023-10-19 11:02:00.950008+00:00,3284.99,escalation,2664.46,EMP-093
CASE-00242,submit,2024-03-04 19:22:46.387006+00:00,215.37,escalation,791.77,EMP-084
CASE-00242,manager_approval,2024-03-04 19:26:21.757792+00:00,98056.82,escalation,791.77,EMP-084
CASE-00242,finance_review,2024-03-05 22:40:38.582718+00:00,162472.0,escalation,791.77,EMP-084
CASE-00242,paid,2024-03-07 19:48:30.586096+00:00,2579.8,escalation,791.77,EMP-084
CASE-00243,submit,2023-12-23 14:49:39.132396+00:00,233.94,rejection_loop,2255.14,EMP-015
CASE-00243,manager_rejects,2023-12-23 14:53:33.074807+00:00,3544.89,rejection_loop,2255.14,EMP-015
CASE-00243,resubmit,2023-12-23 15:52:37.962014+00:00,9074.85,rejection_loop,2255.14,EMP-015
CASE-00243,manager_approval,2023-12-23 18:23:52.812104+00:00,94939.63,rejection_loop,2255.14,EMP-015
CASE-00243,paid,2023-12-24 20:46:12.446051+00:00,4104.99,rejection_loop,2255.14,EMP-015
CASE-00244,submit,2023-11-11 05:20:01.152482+00:00,209.91,happy_path,4091.44,EMP-191
CASE-00244,manager_approval,2023-11-11 05:23:31.059127+00:00,106731.6,happy_path,4091.44,EMP-191
CASE-00244,finance_approval,2023-11-12 11:02:22.660729+00:00,46548.12,happy_path,4091.44,EMP-191
CASE-00244,paid,2023-11-12 23:58:10.782822+00:00,3255.43,happy_path,4091.44,EMP-191
CASE-00245,submit,2023-10-08 17:05:40.714151+00:00,228.71,happy_path,4476.38,EMP-121
CASE-00245,manager_approval,2023-10-08 17:09:29.429136+00:00,55321.99,happy_path,4476.38,EMP-121
CASE-00245,finance_approval,2023-10-09 08:31:31.420096+00:00,49878.16,happy_path,4476.38,EMP-121
CASE-00245,paid,2023-10-09 22:22:49.579358+00:00,3847.37,happy_path,4476.38,EMP-121
CASE-00246,submit,2023-12-22 17:40:49.487170+00:00,134.72,escalation,2130.79,EMP-098
CASE-00246,manager_approval,2023-12-22 17:43:04.204763+00:00,104642.96,escalation,2130.79,EMP-098
CASE-00246,finance_review,2023-12-23 22:47:07.166719+00:00,151871.68,escalation,2130.79,EMP-098
CASE-00246,paid,2023-12-25 16:58:18.849189+00:00,5633.04,escalation,2130.79,EMP-098
CASE-00247,submit,2023-10-24 08:29:43.017621+00:00,374.79,rejection_loop,708.3,EMP-090
CASE-00247,manager_rejects,2023-10-24 08:35:57.806690+00:00,4198.99,rejection_loop,708.3,EMP-090
CASE-00247,resubmit,2023-10-24 09:45:56.794899+00:00,7119.18,rejection_loop,708.3,EMP-090
CASE-00247,manager_approval,2023-10-24 11:44:35.975840+00:00,128153.7,rejection_loop,708.3,EMP-090
CASE-00247,paid,2023-10-25 23:20:29.679631+00:00,5391.82,rejection_loop,708.3,EMP-090
CASE-00248,submit,2023-12-25 08:10:36.671381+00:00,287.84,rejection_loop,3793.09,EMP-077
CASE-00248,manager_rejects,2023-12-25 08:15:24.507429+00:00,2981.49,rejection_loop,3793.09,EMP-077
CASE-00248,resubmit,2023-12-25 09:05:06.001030+00:00,6256.17,rejection_loop,3793.09,EMP-077
CASE-00248,manager_approval,2023-12-25 10:49:22.169089+00:00,97133.12,rejection_loop,3793.09,EMP-077
CASE-00248,paid,2023-12-26 13:48:15.285194+00:00,3093.35,rejection_loop,3793.09,EMP-077
CASE-00249,submit,2023-10-23 07:29:19.822096+00:00,308.53,happy_path,4382.28,EMP-196
CASE-00249,manager_approval,2023-10-23 07:34:28.353186+00:00,94620.86,happy_path,4382.28,EMP-196
CASE-00249,finance_approval,2023-10-24 09:51:29.210843+00:00,36211.98,happy_path,4382.28,EMP-196
CASE-00249,paid,2023-10-24 19:55:01.186370+00:00,3788.02,happy_path,4382.28,EMP-196
CASE-00250,submit,2024-01-17 21:50:19.381599+00:00,176.15,happy_path,1070.1,EMP-026
CASE-00250,manager_approval,2024-01-17 21:53:15.535788+00:00,55956.11,happy_path,1070.1,EMP-026
CASE-00250,finance_approval,2024-01-18 13:25:51.645382+00:00,46750.03,happy_path,1070.1,EMP-026
CASE-00250,paid,2024-01-19 02:25:01.677167+00:00,4068.39,happy_path,1070.1,EMP-026
CASE-00251,submit,2023-11-11 02:36:10.756681+00:00,267.66,happy_path,2222.87,EMP-139
CASE-00251,manager_approval,2023-11-11 02:40:38.416969+00:00,91225.03,happy_path,2222.87,EMP-139
CASE-00251,finance_approval,2023-11-12 04:01:03.443793+00:00,41346.08,happy_path,2222.87,EMP-139
CASE-00251,paid,2023-11-12 15:30:09.528581+00:00,2856.48,happy_path,2222.87,EMP-139
CASE-00252,submit,2024-01-14 22:41:28.317248+00:00,298.79,rejection_loop,3671.01,EMP-082
CASE-00252,manager_rejects,2024-01-14 22:46:27.103662+00:00,3756.42,rejection_loop,3671.01,EMP-082
CASE-00252,resubmit,2024-01-14 23:49:03.520603+00:00,3908.54,rejection_loop,3671.01,EMP-082
CASE-00252,manager_approval,2024-01-15 00:54:12.057834+00:00,90029.3,rejection_loop,3671.01,EMP-082
CASE-00252,paid,2024-01-16 01:54:41.361200+00:00,5433.64,rejection_loop,3671.01,EMP-082
CASE-00253,submit,2023-11-26 02:09:50.832835+00:00,435.56,exception,2630.19,EMP-106
CASE-00253,missing_receipt,2023-11-26 02:17:06.391770+00:00,2073.09,exception,2630.19,EMP-106
CASE-00253,hold,2023-11-26 02:51:39.478596+00:00,397689.05,exception,2630.19,EMP-106
CASE-00253,resolved,2023-11-30 17:19:48.533036+00:00,2693.62,exception,2630.19,EMP-106
CASE-00253,paid,2023-11-30 18:04:42.149905+00:00,2932.38,exception,2630.19,EMP-106
CASE-00254,submit,2024-01-31 20:11:58.944845+00:00,254.93,happy_path,4862.84,EMP-165
CASE-00254,manager_approval,2024-01-31 20:16:13.877948+00:00,90621.55,happy_path,4862.84,EMP-165
CASE-00254,finance_approval,2024-02-01 21:26:35.430135+00:00,37050.81,happy_path,4862.84,EMP-165
CASE-00254,paid,2024-02-02 07:44:06.239918+00:00,3157.45,happy_path,4862.84,EMP-165
CASE-00255,submit,2023-11-15 08:58:57.275500+00:00,317.12,happy_path,3784.36,EMP-122
CASE-00255,manager_approval,2023-11-15 09:04:14.394091+00:00,92979.55,happy_path,3784.36,EMP-122
CASE-00255,finance_approval,2023-11-16 10:53:53.939781+00:00,57243.91,happy_path,3784.36,EMP-122
CASE-00255,paid,2023-11-17 02:47:57.851295+00:00,4218.37,happy_path,3784.36,EMP-122
CASE-00256,submit,2024-01-11 07:28:43.663515+00:00,352.7,happy_path,2092.75,EMP-107
CASE-00256,manager_approval,2024-01-11 07:34:36.365555+00:00,97123.82,happy_path,2092.75,EMP-107
CASE-00256,finance_approval,2024-01-12 10:33:20.189066+00:00,47208.3,happy_path,2092.75,EMP-107
CASE-00256,paid,2024-01-12 23:40:08.491444+00:00,3975.22,happy_path,2092.75,EMP-107
CASE-00257,submit,2024-01-07 09:56:43.861272+00:00,382.86,exception,4243.31,EMP-024
CASE-00257,missing_receipt,2024-01-07 10:03:06.719846+00:00,1846.7,exception,4243.31,EMP-024
CASE-00257,hold,2024-01-07 10:33:53.415750+00:00,234519.77,exception,4243.31,EMP-024
CASE-00257,resolved,2024-01-10 03:42:33.190218+00:00,3013.93,exception,4243.31,EMP-024
CASE-00257,paid,2024-01-10 04:32:47.124218+00:00,4455.47,exception,4243.31,EMP-024
CASE-00258,submit,2024-01-16 18:21:41.528648+00:00,280.12,happy_path,410.28,EMP-195
CASE-00258,manager_approval,2024-01-16 18:26:21.645740+00:00,73094.09,happy_path,410.28,EMP-195
CASE-00258,finance_approval,2024-01-17 14:44:35.739539+00:00,47208.87,happy_path,410.28,EMP-195
CASE-00258,paid,2024-01-18 03:51:24.613958+00:00,5496.63,happy_path,410.28,EMP-195
CASE-00259,submit,2024-03-19 16:31:48.637321+00:00,329.13,happy_path,4549.52,EMP-055
CASE-00259,manager_approval,2024-03-19 16:37:17.765023+00:00,83853.08,happy_path,4549.52,EMP-055
CASE-00259,finance_approval,2024-03-20 15:54:50.849786+00:00,51420.93,happy_path,4549.52,EMP-055
CASE-00259,paid,2024-03-21 06:11:51.778547+00:00,3597.24,happy_path,4549.52,EMP-055
CASE-00260,submit,2023-12-13 09:27:01.793640+00:00,303.54,happy_path,3041.79,EMP-053
CASE-00260,manager_approval,2023-12-13 09:32:05.334303+00:00,105385.88,happy_path,3041.79,EMP-053
CASE-00260,finance_approval,2023-12-14 14:48:31.210059+00:00,41536.16,happy_path,3041.79,EMP-053
CASE-00260,paid,2023-12-15 02:20:47.365821+00:00,4586.83,happy_path,3041.79,EMP-053
CASE-00261,submit,2024-01-03 07:22:02.830450+00:00,272.66,escalation,1576.69,EMP-093
CASE-00261,manager_approval,2024-01-03 07:26:35.494550+00:00,86568.37,escalation,1576.69,EMP-093
CASE-00261,finance_review,2024-01-04 07:29:23.862339+00:00,221107.69,escalation,1576.69,EMP-093
CASE-00261,paid,2024-01-06 20:54:31.554649+00:00,3481.32,escalation,1576.69,EMP-093
CASE-00262,submit,2023-11-28 07:49:23.237469+00:00,414.96,rejection_loop,4575.94,EMP-095
CASE-00262,manager_rejects,2023-11-28 07:56:18.197972+00:00,3939.6,rejection_loop,4575.94,EMP-095
CASE-00262,resubmit,2023-11-28 09:01:57.800478+00:00,7182.12,rejection_loop,4575.94,EMP-095
CASE-00262,manager_approval,2023-11-28 11:01:39.917665+00:00,82499.6,rejection_loop,4575.94,EMP-095
CASE-00262,paid,2023-11-29 09:56:39.513558+00:00,2474.2,rejection_loop,4575.94,EMP-095
CASE-00263,submit,2023-12-01 09:01:04.927528+00:00,273.88,rejection_loop,1511.2,EMP-051
CASE-00263,manager_rejects,2023-12-01 09:05:38.802812+00:00,2772.77,rejection_loop,1511.2,EMP-051
CASE-00263,resubmit,2023-12-01 09:51:51.574634+00:00,9535.16,rejection_loop,1511.2,EMP-051
CASE-00263,manager_approval,2023-12-01 12:30:46.737519+00:00,54904.64,rejection_loop,1511.2,EMP-051
CASE-00263,paid,2023-12-02 03:45:51.379111+00:00,3605.76,rejection_loop,1511.2,EMP-051
CASE-00264,submit,2024-03-24 23:18:56.572277+00:00,256.15,escalation,1323.77,EMP-126
CASE-00264,manager_approval,2024-03-24 23:23:12.725308+00:00,66900.3,escalation,1323.77,EMP-126
CASE-00264,finance_review,2024-03-25 17:58:13.026128+00:00,210595.57,escalation,1323.77,EMP-126
CASE-00264,paid,2024-03-28 04:28:08.594102+00:00,4995.38,escalation,1323.77,EMP-126
CASE-00265,submit,2023-11-05 03:05:10.963538+00:00,440.34,happy_path,3615.55,EMP-126
CASE-00265,manager_approval,2023-11-05 03:12:31.301167+00:00,44264.04,happy_path,3615.55,EMP-126
CASE-00265,finance_approval,2023-11-05 15:30:15.340315+00:00,51657.56,happy_path,3615.55,EMP-126
CASE-00265,paid,2023-11-06 05:51:12.899608+00:00,3308.9,happy_path,3615.55,EMP-126
CASE-00266,submit,2023-10-11 17:34:55.858543+00:00,332.61,rejection_loop,417.94,EMP-172
CASE-00266,manager_rejects,2023-10-11 17:40:28.465931+00:00,3613.09,rejection_loop,417.94,EMP-172
CASE-00266,resubmit,2023-10-11 18:40:41.552018+00:00,6739.86,rejection_loop,417.94,EMP-172
CASE-00266,manager_approval,2023-10-11 20:33:01.409398+00:00,80467.78,rejection_loop,417.94,EMP-172
CASE-00266,paid,2023-10-12 18:54:09.190896+00:00,3968.36,rejection_loop,417.94,EMP-172
CASE-00267,submit,2024-01-31 00:22:49.554014+00:00,334.26,happy_path,349.23,EMP-164
CASE-00267,manager_approval,2024-01-31 00:28:23.818377+00:00,67940.88,happy_path,349.23,EMP-164
CASE-00267,finance_approval,2024-01-31 19:20:44.694424+00:00,37670.08,happy_path,349.23,EMP-164
CASE-00267,paid,2024-02-01 05:48:34.774532+00:00,3496.63,happy_path,349.23,EMP-164
CASE-00268,submit,2024-02-09 23:52:21.206723+00:00,300.53,escalation,108.66,EMP-136
CASE-00268,manager_approval,2024-02-09 23:57:21.733640+00:00,69090.68,escalation,108.66,EMP-136
CASE-00268,finance_review,2024-02-10 19:08:52.410058+00:00,164893.07,escalation,108.66,EMP-136
CASE-00268,paid,2024-02-12 16:57:05.479071+00:00,2207.69,escalation,108.66,EMP-136
CASE-00269,submit,2023-10-22 06:18:39.499057+00:00,298.71,happy_path,4701.57,EMP-046
CASE-00269,manager_approval,2023-10-22 06:23:38.206558+00:00,96487.22,happy_path,4701.57,EMP-046
CASE-00269,finance_approval,2023-10-23 09:11:45.424094+00:00,45525.9,happy_path,4701.57,EMP-046
CASE-00269,paid,2023-10-23 21:50:31.320885+00:00,3992.65,happy_path,4701.57,EMP-046
CASE-00270,submit,2023-10-17 05:21:47.279802+00:00,368.53,rejection_loop,1373.26,EMP-102
CASE-00270,manager_rejects,2023-10-17 05:27:55.813459+00:00,4243.44,rejection_loop,1373.26,EMP-102
CASE-00270,resubmit,2023-10-17 06:38:39.253644+00:00,6695.29,rejection_loop,1373.26,EMP-102
CASE-00270,manager_approval,2023-10-17 08:30:14.543005+00:00,87824.52,rejection_loop,1373.26,EMP-102
CASE-00270,paid,2023-10-18 08:53:59.065538+00:00,4989.98,rejection_loop,1373.26,EMP-102
CASE-00271,submit,2024-01-28 16:08:17.910584+00:00,363.7,happy_path,4148.91,EMP-021
CASE-00271,manager_approval,2024-01-28 16:14:21.607767+00:00,58041.02,happy_path,4148.91,EMP-021
CASE-00271,finance_approval,2024-01-29 08:21:42.625483+00:00,49052.46,happy_path,4148.91,EMP-021
CASE-00271,paid,2024-01-29 21:59:15.088082+00:00,4087.15,happy_path,4148.91,EMP-021
CASE-00272,submit,2024-02-06 12:17:27.773097+00:00,400.63,escalation,327.77,EMP-003
CASE-00272,manager_approval,2024-02-06 12:24:08.401621+00:00,107119.28,escalation,327.77,EMP-003
CASE-00272,finance_review,2024-02-07 18:09:27.685640+00:00,149029.66,escalation,327.77,EMP-003
CASE-00272,paid,2024-02-09 11:33:17.344618+00:00,2962.34,escalation,327.77,EMP-003
CASE-00273,submit,2024-03-16 10:44:15.254526+00:00,316.37,exception,4870.51,EMP-136
CASE-00273,missing_receipt,2024-03-16 10:49:31.624929+00:00,2440.37,exception,4870.51,EMP-136
CASE-00273,hold,2024-03-16 11:30:11.993260+00:00,219558.04,exception,4870.51,EMP-136
CASE-00273,resolved,2024-03-19 00:29:30.031693+00:00,2874.39,exception,4870.51,EMP-136
CASE-00273,paid,2024-03-19 01:17:24.422675+00:00,3329.86,exception,4870.51,EMP-136
CASE-00274,submit,2024-01-12 10:21:45.405674+00:00,435.08,escalation,1437.85,EMP-140
CASE-00274,manager_approval,2024-01-12 10:29:00.480976+00:00,134992.69,escalation,1437.85,EMP-140
CASE-00274,finance_review,2024-01-13 23:58:53.170543+00:00,193182.12,escalation,1437.85,EMP-140
CASE-00274,paid,2024-01-16 05:38:35.291666+00:00,2694.67,escalation,1437.85,EMP-140
CASE-00275,submit,2024-02-27 18:17:53.934834+00:00,440.72,escalation,3773.66,EMP-183
CASE-00275,manager_approval,2024-02-27 18:25:14.656392+00:00,102827.94,escalation,3773.66,EMP-183
CASE-00275,finance_review,2024-02-28 22:59:02.600236+00:00,157054.56,escalation,3773.66,EMP-183
CASE-00275,paid,2024-03-01 18:36:37.155763+00:00,2528.76,escalation,3773.66,EMP-183
CASE-00276,submit,2023-12-01 17:04:22.465799+00:00,269.65,rejection_loop,3401.32,EMP-139
CASE-00276,manager_rejects,2023-12-01 17:08:52.114685+00:00,3611.61,rejection_loop,3401.32,EMP-139
CASE-00276,resubmit,2023-12-01 18:09:03.724172+00:00,6212.2,rejection_loop,3401.32,EMP-139
CASE-00276,manager_approval,2023-12-01 19:52:35.925079+00:00,120976.32,rejection_loop,3401.32,EMP-139
CASE-00276,paid,2023-12-03 05:28:52.240263+00:00,3495.52,rejection_loop,3401.32,EMP-139
CASE-00277,submit,2023-10-20 14:00:09.364992+00:00,302.67,escalation,4872.9,EMP-014
CASE-00277,manager_approval,2023-10-20 14:05:12.036185+00:00,94935.25,escalation,4872.9,EMP-014
CASE-00277,finance_review,2023-10-21 16:27:27.286232+00:00,125748.49,escalation,4872.9,EMP-014
CASE-00277,paid,2023-10-23 03:23:15.773630+00:00,2837.98,escalation,4872.9,EMP-014
CASE-00278,submit,2023-10-08 07:58:58.247915+00:00,272.56,escalation,4846.16,EMP-084
CASE-00278,manager_approval,2023-10-08 08:03:30.804317+00:00,153323.51,escalation,4846.16,EMP-084
CASE-00278,finance_review,2023-10-10 02:38:54.314508+00:00,132356.29,escalation,4846.16,EMP-084
CASE-00278,paid,2023-10-11 15:24:50.609238+00:00,3649.8,escalation,4846.16,EMP-084
CASE-00279,submit,2024-01-16 10:58:49.885074+00:00,224.74,exception,2187.65,EMP-175
CASE-00279,missing_receipt,2024-01-16 11:02:34.624664+00:00,2153.05,exception,2187.65,EMP-175
CASE-00279,hold,2024-01-16 11:38:27.672417+00:00,240917.74,exception,2187.65,EMP-175
CASE-00279,resolved,2024-01-19 06:33:45.415874+00:00,4033.14,exception,2187.65,EMP-175
CASE-00279,paid,2024-01-19 07:40:58.557944+00:00,4236.39,exception,2187.65,EMP-175
CASE-00280,submit,2024-02-13 03:18:39.054164+00:00,321.12,happy_path,3930.26,EMP-040
CASE-00280,manager_approval,2024-02-13 03:24:00.172263+00:00,82228.91,happy_path,3930.26,EMP-040
CASE-00280,finance_approval,2024-02-14 02:14:29.085607+00:00,46322.19,happy_path,3930.26,EMP-040
CASE-00280,paid,2024-02-14 15:06:31.279838+00:00,4372.29,happy_path,3930.26,EMP-040
CASE-00281,submit,2023-10-18 17:07:26.557587+00:00,301.68,happy_path,1385.34,EMP-034
CASE-00281,manager_approval,2023-10-18 17:12:28.238808+00:00,61388.79,happy_path,1385.34,EMP-034
CASE-00281,finance_approval,2023-10-19 10:15:37.027665+00:00,47060.64,happy_path,1385.34,EMP-034
CASE-00281,paid,2023-10-19 23:19:57.663366+00:00,3181.02,happy_path,1385.34,EMP-034
CASE-00282,submit,2024-01-18 15:32:57.143297+00:00,297.81,happy_path,2793.39,EMP-153
CASE-00282,manager_approval,2024-01-18 15:37:54.955440+00:00,76794.91,happy_path,2793.39,EMP-153
CASE-00282,finance_approval,2024-01-19 12:57:49.865769+00:00,49539.68,happy_path,2793.39,EMP-153
CASE-00282,paid,2024-01-20 02:43:29.544539+00:00,3368.26,happy_path,2793.39,EMP-153
CASE-00283,submit,2024-01-13 22:52:08.619017+00:00,357.4,happy_path,4510.62,EMP-063
CASE-00283,manager_approval,2024-01-13 22:58:06.015287+00:00,96635.85,happy_path,4510.62,EMP-063
CASE-00283,finance_approval,2024-01-15 01:48:41.861777+00:00,49367.97,happy_path,4510.62,EMP-063
CASE-00283,paid,2024-01-15 15:31:29.830856+00:00,4089.89,happy_path,4510.62,EMP-063
CASE-00284,submit,2023-11-21 16:09:19.027161+00:00,338.9,happy_path,363.17,EMP-112
CASE-00284,manager_approval,2023-11-21 16:14:57.925149+00:00,74793.85,happy_path,363.17,EMP-112
CASE-00284,finance_approval,2023-11-22 13:01:31.775870+00:00,55170.05,happy_path,363.17,EMP-112
CASE-00284,paid,2023-11-23 04:21:01.829427+00:00,2209.9,happy_path,363.17,EMP-112
CASE-00285,submit,2023-11-07 04:46:05.993338+00:00,410.42,rejection_loop,2504.22,EMP-158
CASE-00285,manager_rejects,2023-11-07 04:52:56.417839+00:00,4000.23,rejection_loop,2504.22,EMP-158
CASE-00285,resubmit,2023-11-07 05:59:36.651356+00:00,8155.42,rejection_loop,2504.22,EMP-158
CASE-00285,manager_approval,2023-11-07 08:15:32.075693+00:00,104816.11,rejection_loop,2504.22,EMP-158
CASE-00285,paid,2023-11-08 13:22:28.182240+00:00,3344.39,rejection_loop,2504.22,EMP-158
CASE-00286,submit,2023-12-21 05:45:46.874876+00:00,198.7,escalation,4030.18,EMP-085
CASE-00286,manager_approval,2023-12-21 05:49:05.571702+00:00,103388.92,escalation,4030.18,EMP-085
CASE-00286,finance_review,2023-12-22 10:32:14.491491+00:00,138994.39,escalation,4030.18,EMP-085
CASE-00286,paid,2023-12-24 01:08:48.882203+00:00,2617.24,escalation,4030.18,EMP-085
CASE-00287,submit,2023-11-08 03:40:42.352295+00:00,239.14,happy_path,3035.9,EMP-178
CASE-00287,manager_approval,2023-11-08 03:44:41.493072+00:00,137750.83,happy_path,3035.9,EMP-178
CASE-00287,finance_approval,2023-11-09 18:00:32.320535+00:00,49061.69,happy_path,3035.9,EMP-178
CASE-00287,paid,2023-11-10 07:38:14.009743+00:00,3454.14,happy_path,3035.9,EMP-178
CASE-00288,submit,2024-02-20 18:07:45.396075+00:00,277.67,escalation,2480.49,EMP-148
CASE-00288,manager_approval,2024-02-20 18:12:23.061761+00:00,101965.2,escalation,2480.49,EMP-148
CASE-00288,finance_review,2024-02-21 22:31:48.263561+00:00,182000.0,escalation,2480.49,EMP-148
CASE-00288,paid,2024-02-24 01:05:08.261187+00:00,2763.94,escalation,2480.49,EMP-148
CASE-00289,submit,2023-11-04 09:17:08.010490+00:00,301.55,exception,1039.01,EMP-140
CASE-00289,missing_receipt,2023-11-04 09:22:09.558861+00:00,1730.35,exception,1039.01,EMP-140
CASE-00289,hold,2023-11-04 09:50:59.907154+00:00,229693.98,exception,1039.01,EMP-140
CASE-00289,resolved,2023-11-07 01:39:13.888543+00:00,2178.63,exception,1039.01,EMP-140
CASE-00289,paid,2023-11-07 02:15:32.521279+00:00,4003.57,exception,1039.01,EMP-140
CASE-00290,submit,2024-02-01 03:15:48.450055+00:00,403.83,rejection_loop,392.34,EMP-105
CASE-00290,manager_rejects,2024-02-01 03:22:32.282919+00:00,3926.87,rejection_loop,392.34,EMP-105
CASE-00290,resubmit,2024-02-01 04:27:59.156000+00:00,8372.99,rejection_loop,392.34,EMP-105
CASE-00290,manager_approval,2024-02-01 06:47:32.149996+00:00,86189.42,rejection_loop,392.34,EMP-105
CASE-00290,paid,2024-02-02 06:44:01.568433+00:00,4120.69,rejection_loop,392.34,EMP-105
CASE-00291,submit,2024-03-29 07:49:35.955724+00:00,239.79,happy_path,1916.1,EMP-115
CASE-00291,manager_approval,2024-03-29 07:53:35.746146+00:00,89244.2,happy_path,1916.1,EMP-115
CASE-00291,finance_approval,2024-03-30 08:40:59.947483+00:00,27015.92,happy_path,1916.1,EMP-115
CASE-00291,paid,2024-03-30 16:11:15.869117+00:00,3515.9,happy_path,1916.1,EMP-115
CASE-00292,submit,2024-02-06 07:03:36.432289+00:00,330.73,escalation,2741.04,EMP-093
CASE-00292,manager_approval,2024-02-06 07:09:07.159169+00:00,59598.1,escalation,2741.04,EMP-093
CASE-00292,finance_review,2024-02-06 23:42:25.257765+00:00,190656.8,escalation,2741.04,EMP-093
CASE-00292,paid,2024-02-09 04:40:02.054013+00:00,3378.1,escalation,2741.04,EMP-093
CASE-00293,submit,2024-01-27 11:02:21.635838+00:00,465.42,happy_path,3340.23,EMP-043
CASE-00293,manager_approval,2024-01-27 11:10:07.058757+00:00,103416.52,happy_path,3340.23,EMP-043
CASE-00293,finance_approval,2024-01-28 15:53:43.576959+00:00,39999.17,happy_path,3340.23,EMP-043
CASE-00293,paid,2024-01-29 03:00:22.750961+00:00,2783.65,happy_path,3340.23,EMP-043
CASE-00294,submit,2023-10-22 01:40:49.666578+00:00,334.61,rejection_loop,4830.3,EMP-111
CASE-00294,manager_rejects,2023-10-22 01:46:24.278369+00:00,3846.87,rejection_loop,4830.3,EMP-111
CASE-00294,resubmit,2023-10-22 02:50:31.146941+00:00,7154.52,rejection_loop,4830.3,EMP-111
CASE-00294,manager_approval,2023-10-22 04:49:45.669962+00:00,58804.17,rejection_loop,4830.3,EMP-111
CASE-00294,paid,2023-10-22 21:09:49.840286+00:00,3357.17,rejection_loop,4830.3,EMP-111
CASE-00295,submit,2024-01-16 22:42:31.004112+00:00,260.8,happy_path,2342.16,EMP-174
CASE-00295,manager_approval,2024-01-16 22:46:51.807340+00:00,66531.13,happy_path,2342.16,EMP-174
CASE-00295,finance_approval,2024-01-17 17:15:42.938857+00:00,43180.62,happy_path,2342.16,EMP-174
CASE-00295,paid,2024-01-18 05:15:23.556110+00:00,4017.93,happy_path,2342.16,EMP-174
CASE-00296,submit,2024-02-29 15:17:33.565685+00:00,304.33,happy_path,4810.55,EMP-030
CASE-00296,manager_approval,2024-02-29 15:22:37.900154+00:00,83913.45,happy_path,4810.55,EMP-030
CASE-00296,finance_approval,2024-03-01 14:41:11.346904+00:00,36588.62,happy_path,4810.55,EMP-030
CASE-00296,paid,2024-03-02 00:50:59.968230+00:00,2729.9,happy_path,4810.55,EMP-030
CASE-00297,submit,2023-12-20 20:52:36.672022+00:00,387.62,escalation,1774.09,EMP-025
CASE-00297,manager_approval,2023-12-20 20:59:04.296787+00:00,80185.15,escalation,1774.09,EMP-025
CASE-00297,finance_review,2023-12-21 19:15:29.449433+00:00,137036.9,escalation,1774.09,EMP-025
CASE-00297,paid,2023-12-23 09:19:26.351852+00:00,3090.4,escalation,1774.09,EMP-025
CASE-00298,submit,2023-10-22 16:26:48.427117+00:00,403.97,happy_path,4253.44,EMP-166
CASE-00298,manager_approval,2023-10-22 16:33:32.398884+00:00,101805.0,happy_path,4253.44,EMP-166
CASE-00298,finance_approval,2023-10-23 20:50:17.403117+00:00,27413.01,happy_path,4253.44,EMP-166
CASE-00298,paid,2023-10-24 04:27:10.413635+00:00,3535.25,happy_path,4253.44,EMP-166
CASE-00299,submit,2024-03-23 12:33:30.693206+00:00,227.85,escalation,1688.4,EMP-110
CASE-00299,manager_approval,2024-03-23 12:37:18.539886+00:00,88904.09,escalation,1688.4,EMP-110
CASE-00299,finance_review,2024-03-24 13:19:02.627029+00:00,216538.96,escalation,1688.4,EMP-110
CASE-00299,paid,2024-03-27 01:28:01.585890+00:00,4115.33,escalation,1688.4,EMP-110
CASE-00300,submit,2024-03-09 22:58:50.366969+00:00,378.65,happy_path,194.5,EMP-158
CASE-00300,manager_approval,2024-03-09 23:05:09.012939+00:00,64652.59,happy_path,194.5,EMP-158
CASE-00300,finance_approval,2024-03-10 17:02:41.604304+00:00,45576.81,happy_path,194.5,EMP-158
CASE-00300,paid,2024-03-11 05:42:18.410913+00:00,4225.64,happy_path,194.5,EMP-158
CASE-00301,submit,2024-01-14 22:08:34.621699+00:00,301.17,happy_path,3533.61,EMP-017
CASE-00301,manager_approval,2024-01-14 22:13:35.788220+00:00,94602.29,happy_path,3533.61,EMP-017
CASE-00301,finance_approval,2024-01-16 00:30:18.078435+00:00,34694.92,happy_path,3533.61,EMP-017
CASE-00301,paid,2024-01-16 10:08:32.998165+00:00,3203.43,happy_path,3533.61,EMP-017
CASE-00302,submit,2024-01-05 23:43:43.985251+00:00,329.69,happy_path,3369.97,EMP-126
CASE-00302,manager_approval,2024-01-05 23:49:13.673515+00:00,67712.89,happy_path,3369.97,EMP-126
CASE-00302,finance_approval,2024-01-06 18:37:46.564229+00:00,35755.68,happy_path,3369.97,EMP-126
CASE-00302,paid,2024-01-07 04:33:42.242550+00:00,2684.07,happy_path,3369.97,EMP-126
CASE-00303,submit,2023-11-03 01:19:07.882337+00:00,248.63,happy_path,4235.31,EMP-159
CASE-00303,manager_approval,2023-11-03 01:23:16.515941+00:00,68483.96,happy_path,4235.31,EMP-159
CASE-00303,finance_approval,2023-11-03 20:24:40.472739+00:00,31731.78,happy_path,4235.31,EMP-159
CASE-00303,paid,2023-11-04 05:13:32.254342+00:00,4648.58,happy_path,4235.31,EMP-159
CASE-00304,submit,2023-11-26 23:14:29.799432+00:00,260.81,escalation,1600.27,EMP-062
CASE-00304,manager_approval,2023-11-26 23:18:50.611575+00:00,99964.92,escalation,1600.27,EMP-062
CASE-00304,finance_review,2023-11-28 03:04:55.533470+00:00,233438.24,escalation,1600.27,EMP-062
CASE-00304,paid,2023-11-30 19:55:33.776625+00:00,2665.39,escalation,1600.27,EMP-062
CASE-00305,submit,2023-12-29 14:24:55.194448+00:00,295.76,happy_path,1949.36,EMP-048
CASE-00305,manager_approval,2023-12-29 14:29:50.950094+00:00,39283.42,happy_path,1949.36,EMP-048
CASE-00305,finance_approval,2023-12-30 01:24:34.371067+00:00,39442.03,happy_path,1949.36,EMP-048
CASE-00305,paid,2023-12-30 12:21:56.405906+00:00,4103.33,happy_path,1949.36,EMP-048
CASE-00306,submit,2023-11-28 14:59:08.388005+00:00,284.39,happy_path,1479.73,EMP-048
CASE-00306,manager_approval,2023-11-28 15:03:52.776577+00:00,79566.61,happy_path,1479.73,EMP-048
CASE-00306,finance_approval,2023-11-29 13:09:59.386162+00:00,43924.3,happy_path,1479.73,EMP-048
CASE-00306,paid,2023-11-30 01:22:03.681181+00:00,3520.97,happy_path,1479.73,EMP-048
CASE-00307,submit,2024-01-01 23:29:32.082851+00:00,306.45,happy_path,4085.32,EMP-144
CASE-00307,manager_approval,2024-01-01 23:34:38.530590+00:00,53598.32,happy_path,4085.32,EMP-144
CASE-00307,finance_approval,2024-01-02 14:27:56.847308+00:00,43545.68,happy_path,4085.32,EMP-144
CASE-00307,paid,2024-01-03 02:33:42.532283+00:00,2113.74,happy_path,4085.32,EMP-144
CASE-00308,submit,2024-02-23 06:12:19.595097+00:00,358.07,happy_path,459.22,EMP-008
CASE-00308,manager_approval,2024-02-23 06:18:17.664694+00:00,87425.4,happy_path,459.22,EMP-008
CASE-00308,finance_approval,2024-02-24 06:35:23.061081+00:00,45024.73,happy_path,459.22,EMP-008
CASE-00308,paid,2024-02-24 19:05:47.794983+00:00,3716.93,happy_path,459.22,EMP-008
CASE-00309,submit,2024-02-17 20:46:20.918484+00:00,348.9,rejection_loop,2849.97,EMP-198
CASE-00309,manager_rejects,2024-02-17 20:52:09.823441+00:00,3320.12,rejection_loop,2849.97,EMP-198
CASE-00309,resubmit,2024-02-17 21:47:29.942536+00:00,6928.78,rejection_loop,2849.97,EMP-198
CASE-00309,manager_approval,2024-02-17 23:42:58.722244+00:00,114512.58,rejection_loop,2849.97,EMP-198
CASE-00309,paid,2024-02-19 07:31:31.298546+00:00,4622.36,rejection_loop,2849.97,EMP-198
CASE-00310,submit,2023-10-10 11:45:26.842347+00:00,285.39,rejection_loop,1865.97,EMP-194
CASE-00310,manager_rejects,2023-10-10 11:50:12.231852+00:00,2859.89,rejection_loop,1865.97,EMP-194
CASE-00310,resubmit,2023-10-10 12:37:52.118592+00:00,8035.03,rejection_loop,1865.97,EMP-194
CASE-00310,manager_approval,2023-10-10 14:51:47.146967+00:00,85755.4,rejection_loop,1865.97,EMP-194
CASE-00310,paid,2023-10-11 14:41:02.543326+00:00,4323.94,rejection_loop,1865.97,EMP-194
CASE-00311,submit,2023-11-19 07:21:42.375176+00:00,212.3,happy_path,4996.6,EMP-116
CASE-00311,manager_approval,2023-11-19 07:25:14.677594+00:00,92371.37,happy_path,4996.6,EMP-116
CASE-00311,finance_approval,2023-11-20 09:04:46.050787+00:00,40860.55,happy_path,4996.6,EMP-116
CASE-00311,paid,2023-11-20 20:25:46.597981+00:00,3898.05,happy_path,4996.6,EMP-116
CASE-00312,submit,2024-01-16 19:49:52.445783+00:00,277.54,rejection_loop,1088.9,EMP-189
CASE-00312,manager_rejects,2024-01-16 19:54:29.990621+00:00,3041.48,rejection_loop,1088.9,EMP-189
CASE-00312,resubmit,2024-01-16 20:45:11.470434+00:00,9487.09,rejection_loop,1088.9,EMP-189
CASE-00312,manager_approval,2024-01-16 23:23:18.562838+00:00,77657.87,rejection_loop,1088.9,EMP-189
CASE-00312,paid,2024-01-17 20:57:36.437391+00:00,3198.32,rejection_loop,1088.9,EMP-189
CASE-00313,submit,2024-02-24 23:30:10.552895+00:00,233.09,happy_path,1072.77,EMP-053
CASE-00313,manager_approval,2024-02-24 23:34:03.639840+00:00,75050.97,happy_path,1072.77,EMP-053
CASE-00313,finance_approval,2024-02-25 20:24:54.611176+00:00,39612.77,happy_path,1072.77,EMP-053
CASE-00313,paid,2024-02-26 07:25:07.377870+00:00,3287.55,happy_path,1072.77,EMP-053
CASE-00314,submit,2023-11-20 02:55:19.366757+00:00,409.59,exception,1498.54,EMP-147
CASE-00314,missing_receipt,2023-11-20 03:02:08.959876+00:00,1120.56,exception,1498.54,EMP-147
CASE-00314,hold,2023-11-20 03:20:49.520587+00:00,242588.7,exception,1498.54,EMP-147
CASE-00314,resolved,2023-11-22 22:43:58.223851+00:00,3357.63,exception,1498.54,EMP-147
CASE-00314,paid,2023-11-22 23:39:55.854834+00:00,5136.65,exception,1498.54,EMP-147
CASE-00315,submit,2023-10-25 20:09:24.798282+00:00,275.59,exception,4962.81,EMP-168
CASE-00315,missing_receipt,2023-10-25 20:14:00.388938+00:00,1951.53,exception,4962.81,EMP-168
CASE-00315,hold,2023-10-25 20:46:31.916038+00:00,210371.58,exception,4962.81,EMP-168
CASE-00315,resolved,2023-10-28 07:12:43.500715+00:00,3329.38,exception,4962.81,EMP-168
CASE-00315,paid,2023-10-28 08:08:12.881579+00:00,1959.45,exception,4962.81,EMP-168
CASE-00316,submit,2023-10-28 14:10:53.237588+00:00,243.19,rejection_loop,3397.36,EMP-126
CASE-00316,manager_rejects,2023-10-28 14:14:56.425550+00:00,2976.42,rejection_loop,3397.36,EMP-126
CASE-00316,resubmit,2023-10-28 15:04:32.841342+00:00,6695.07,rejection_loop,3397.36,EMP-126
CASE-00316,manager_approval,2023-10-28 16:56:07.910483+00:00,92446.06,rejection_loop,3397.36,EMP-126
CASE-00316,paid,2023-10-29 18:36:53.973627+00:00,4026.04,rejection_loop,3397.36,EMP-126
CASE-00317,submit,2024-03-19 12:58:19.246306+00:00,201.31,happy_path,3761.52,EMP-178
CASE-00317,manager_approval,2024-03-19 13:01:40.554385+00:00,50402.06,happy_path,3761.52,EMP-178
CASE-00317,finance_approval,2024-03-20 03:01:42.610323+00:00,56128.35,happy_path,3761.52,EMP-178
CASE-00317,paid,2024-03-20 18:37:10.957869+00:00,3570.44,happy_path,3761.52,EMP-178
CASE-00318,submit,2024-03-25 23:41:21.340219+00:00,303.73,rejection_loop,3676.98,EMP-188
CASE-00318,manager_rejects,2024-03-25 23:46:25.074402+00:00,2985.89,rejection_loop,3676.98,EMP-188
CASE-00318,resubmit,2024-03-26 00:36:10.965614+00:00,5114.51,rejection_loop,3676.98,EMP-188
CASE-00318,manager_approval,2024-03-26 02:01:25.472324+00:00,109047.45,rejection_loop,3676.98,EMP-188
CASE-00318,paid,2024-03-27 08:18:52.922596+00:00,2303.01,rejection_loop,3676.98,EMP-188
CASE-00319,submit,2023-12-31 01:10:06.864383+00:00,278.34,happy_path,4842.24,EMP-055
CASE-00319,manager_approval,2023-12-31 01:14:45.205336+00:00,102224.18,happy_path,4842.24,EMP-055
CASE-00319,finance_approval,2024-01-01 05:38:29.388853+00:00,39557.92,happy_path,4842.24,EMP-055
CASE-00319,paid,2024-01-01 16:37:47.310438+00:00,3460.54,happy_path,4842.24,EMP-055
CASE-00320,submit,2024-02-17 04:56:14.556715+00:00,380.69,rejection_loop,3952.1,EMP-175
CASE-00320,manager_rejects,2024-02-17 05:02:35.244458+00:00,3839.61,rejection_loop,3952.1,EMP-175
CASE-00320,resubmit,2024-02-17 06:06:34.856921+00:00,7369.01,rejection_loop,3952.1,EMP-175
CASE-00320,manager_approval,2024-02-17 08:09:23.871804+00:00,83052.76,rejection_loop,3952.1,EMP-175
CASE-00320,paid,2024-02-18 07:13:36.636674+00:00,4076.76,rejection_loop,3952.1,EMP-175
CASE-00321,submit,2023-11-08 10:00:52.745892+00:00,284.91,happy_path,4959.6,EMP-110
CASE-00321,manager_approval,2023-11-08 10:05:37.650909+00:00,82076.19,happy_path,4959.6,EMP-110
CASE-00321,finance_approval,2023-11-09 08:53:33.838377+00:00,39651.81,happy_path,4959.6,EMP-110
CASE-00321,paid,2023-11-09 19:54:25.646193+00:00,3288.7,happy_path,4959.6,EMP-110
CASE-00322,submit,2023-12-06 21:04:51.082594+00:00,271.44,exception,1406.4,EMP-168
CASE-00322,missing_receipt,2023-12-06 21:09:22.518986+00:00,2185.25,exception,1406.4,EMP-168
CASE-00322,hold,2023-12-06 21:45:47.765310+00:00,322411.9,exception,1406.4,EMP-168
CASE-00322,resolved,2023-12-10 15:19:19.661720+00:00,3483.91,exception,1406.4,EMP-168
CASE-00322,paid,2023-12-10 16:17:23.569133+00:00,3363.73,exception,1406.4,EMP-168
CASE-00323,submit,2023-11-14 03:30:05.022766+00:00,247.63,escalation,3643.64,EMP-194
CASE-00323,manager_approval,2023-11-14 03:34:12.657148+00:00,58477.94,escalation,3643.64,EMP-194
CASE-00323,finance_review,2023-11-14 19:48:50.599623+00:00,221971.17,escalation,3643.64,EMP-194
CASE-00323,paid,2023-11-17 09:28:21.769576+00:00,3606.99,escalation,3643.64,EMP-194
CASE-00324,submit,2023-12-22 02:41:20.067662+00:00,354.98,happy_path,1169.64,EMP-175
CASE-00324,manager_approval,2023-12-22 02:47:15.049810+00:00,87403.57,happy_path,1169.64,EMP-175
CASE-00324,finance_approval,2023-12-23 03:03:58.623456+00:00,53577.72,happy_path,1169.64,EMP-175
CASE-00324,paid,2023-12-23 17:56:56.342499+00:00,4827.31,happy_path,1169.64,EMP-175
CASE-00325,submit,2023-12-10 22:51:43.484110+00:00,296.64,escalation,2414.62,EMP-059
CASE-00325,manager_approval,2023-12-10 22:56:40.120920+00:00,76431.65,escalation,2414.62,EMP-059
CASE-00325,finance_review,2023-12-11 20:10:31.771894+00:00,138250.12,escalation,2414.62,EMP-059
CASE-00325,paid,2023-12-13 10:34:41.893732+00:00,5311.76,escalation,2414.62,EMP-059
CASE-00326,submit,2024-03-08 09:49:41.938340+00:00,243.18,happy_path,3878.63,EMP-193
CASE-00326,manager_approval,2024-03-08 09:53:45.120666+00:00,61170.32,happy_path,3878.63,EMP-193
CASE-00326,finance_approval,2024-03-09 02:53:15.439499+00:00,51624.99,happy_path,3878.63,EMP-193
CASE-00326,paid,2024-03-09 17:13:40.433704+00:00,4082.78,happy_path,3878.63,EMP-193
CASE-00327,submit,2024-02-10 00:54:22.874018+00:00,276.17,escalation,862.38,EMP-090
CASE-00327,manager_approval,2024-02-10 00:58:59.040681+00:00,77481.31,escalation,862.38,EMP-090
CASE-00327,finance_review,2024-02-10 22:30:20.354450+00:00,116863.38,escalation,862.38,EMP-090
CASE-00327,paid,2024-02-12 06:58:03.735713+00:00,4322.11,escalation,862.38,EMP-090
CASE-00328,submit,2023-10-28 04:51:24.377787+00:00,369.45,rejection_loop,479.11,EMP-026
CASE-00328,manager_rejects,2023-10-28 04:57:33.824659+00:00,4278.57,rejection_loop,479.11,EMP-026
CASE-00328,resubmit,2023-10-28 06:08:52.394915+00:00,6064.43,rejection_loop,479.11,EMP-026
CASE-00328,manager_approval,2023-10-28 07:49:56.820972+00:00,104780.21,rejection_loop,479.11,EMP-026
CASE-00328,paid,2023-10-29 12:56:17.033724+00:00,3773.35,rejection_loop,479.11,EMP-026
CASE-00329,submit,2024-01-19 00:02:02.351096+00:00,256.22,escalation,1278.43,EMP-154
CASE-00329,manager_approval,2024-01-19 00:06:18.572827+00:00,57124.16,escalation,1278.43,EMP-154
CASE-00329,finance_review,2024-01-19 15:58:22.730111+00:00,125834.99,escalation,1278.43,EMP-154
CASE-00329,paid,2024-01-21 02:55:37.724718+00:00,2961.88,escalation,1278.43,EMP-154
CASE-00330,submit,2024-01-20 05:55:26.677138+00:00,191.61,escalation,1543.16,EMP-133
CASE-00330,manager_approval,2024-01-20 05:58:38.284169+00:00,94498.98,escalation,1543.16,EMP-133
CASE-00330,finance_review,2024-01-21 08:13:37.265162+00:00,212716.25,escalation,1543.16,EMP-133
CASE-00330,paid,2024-01-23 19:18:53.511483+00:00,2643.75,escalation,1543.16,EMP-133
CASE-00331,submit,2023-10-23 07:03:09.440814+00:00,216.55,rejection_loop,1234.74,EMP-099
CASE-00331,manager_rejects,2023-10-23 07:06:45.995366+00:00,2794.47,rejection_loop,1234.74,EMP-099
CASE-00331,resubmit,2023-10-23 07:53:20.464160+00:00,7206.34,rejection_loop,1234.74,EMP-099
CASE-00331,manager_approval,2023-10-23 09:53:26.802828+00:00,27767.54,rejection_loop,1234.74,EMP-099
CASE-00331,paid,2023-10-23 17:36:14.342131+00:00,3161.17,rejection_loop,1234.74,EMP-099
CASE-00332,submit,2023-12-11 15:08:28.445729+00:00,333.26,exception,4672.93,EMP-034
CASE-00332,missing_receipt,2023-12-11 15:14:01.706095+00:00,1534.18,exception,4672.93,EMP-034
CASE-00332,hold,2023-12-11 15:39:35.881368+00:00,208226.66,exception,4672.93,EMP-034
CASE-00332,resolved,2023-12-14 01:30:02.536467+00:00,3493.88,exception,4672.93,EMP-034
CASE-00332,paid,2023-12-14 02:28:16.416101+00:00,982.87,exception,4672.93,EMP-034
CASE-00333,submit,2023-11-19 04:38:25.430424+00:00,332.13,happy_path,2957.45,EMP-004
CASE-00333,manager_approval,2023-11-19 04:43:57.561932+00:00,93791.45,happy_path,2957.45,EMP-004
CASE-00333,finance_approval,2023-11-20 06:47:09.011003+00:00,43829.74,happy_path,2957.45,EMP-004
CASE-00333,paid,2023-11-20 18:57:38.755342+00:00,3861.42,happy_path,2957.45,EMP-004
CASE-00334,submit,2023-12-18 05:50:42.057390+00:00,230.84,escalation,2530.19,EMP-107
CASE-00334,manager_approval,2023-12-18 05:54:32.899977+00:00,61145.28,escalation,2530.19,EMP-107
CASE-00334,finance_review,2023-12-18 22:53:38.179036+00:00,208404.27,escalation,2530.19,EMP-107
CASE-00334,paid,2023-12-21 08:47:02.446976+00:00,3096.36,escalation,2530.19,EMP-107
CASE-00335,submit,2024-03-26 09:02:01.753482+00:00,291.9,happy_path,441.16,EMP-053
CASE-00335,manager_approval,2024-03-26 09:06:53.657955+00:00,97162.2,happy_path,441.16,EMP-053
CASE-00335,finance_approval,2024-03-27 12:06:15.853839+00:00,48505.7,happy_path,441.16,EMP-053
CASE-00335,paid,2024-03-28 01:34:41.550899+00:00,2292.13,happy_path,441.16,EMP-053
CASE-00336,submit,2024-02-05 18:16:47.310729+00:00,247.37,escalation,3233.62,EMP-080
CASE-00336,manager_approval,2024-02-05 18:20:54.677402+00:00,81148.3,escalation,3233.62,EMP-080
CASE-00336,finance_review,2024-02-06 16:53:22.974190+00:00,89831.48,escalation,3233.62,EMP-080
CASE-00336,paid,2024-02-07 17:50:34.456315+00:00,3957.15,escalation,3233.62,EMP-080
CASE-00337,submit,2023-10-12 21:43:25.093364+00:00,309.07,happy_path,2294.19,EMP-156
CASE-00337,manager_approval,2023-10-12 21:48:34.159998+00:00,70477.13,happy_path,2294.19,EMP-156
CASE-00337,finance_approval,2023-10-13 17:23:11.288770+00:00,34084.74,happy_path,2294.19,EMP-156
CASE-00337,paid,2023-10-14 02:51:16.032600+00:00,3664.72,happy_path,2294.19,EMP-156
CASE-00338,submit,2024-03-22 13:01:47.969689+00:00,308.55,happy_path,106.19,EMP-128
CASE-00338,manager_approval,2024-03-22 13:06:56.522821+00:00,49036.39,happy_path,106.19,EMP-128
CASE-00338,finance_approval,2024-03-23 02:44:12.910012+00:00,41387.09,happy_path,106.19,EMP-128
CASE-00338,paid,2024-03-23 14:14:00.000675+00:00,3500.64,happy_path,106.19,EMP-128
CASE-00339,submit,2024-02-11 22:16:58.145656+00:00,264.34,happy_path,3916.56,EMP-069
CASE-00339,manager_approval,2024-02-11 22:21:22.489037+00:00,120567.08,happy_path,3916.56,EMP-069
CASE-00339,finance_approval,2024-02-13 07:50:49.568728+00:00,53636.27,happy_path,3916.56,EMP-069
CASE-00339,paid,2024-02-13 22:44:45.842142+00:00,3114.69,happy_path,3916.56,EMP-069
CASE-00340,submit,2024-01-23 22:56:30.617241+00:00,354.7,escalation,1351.6,EMP-148
CASE-00340,manager_approval,2024-01-23 23:02:25.316016+00:00,60578.68,escalation,1351.6,EMP-148
CASE-00340,finance_review,2024-01-24 15:52:03.999452+00:00,174050.28,escalation,1351.6,EMP-148
CASE-00340,paid,2024-01-26 16:12:54.281377+00:00,5275.55,escalation,1351.6,EMP-148
CASE-00341,submit,2023-10-21 12:32:57.238420+00:00,340.56,happy_path,828.68,EMP-198
CASE-00341,manager_approval,2023-10-21 12:38:37.802689+00:00,55464.86,happy_path,828.68,EMP-198
CASE-00341,finance_approval,2023-10-22 04:03:02.667497+00:00,38034.38,happy_path,828.68,EMP-198
CASE-00341,paid,2023-10-22 14:36:57.049175+00:00,3745.17,happy_path,828.68,EMP-198
CASE-00342,submit,2023-10-11 06:38:24.752845+00:00,370.89,happy_path,4321.5,EMP-063
CASE-00342,manager_approval,2023-10-11 06:44:35.641516+00:00,54512.28,happy_path,4321.5,EMP-063
CASE-00342,finance_approval,2023-10-11 21:53:07.916576+00:00,55413.96,happy_path,4321.5,EMP-063
CASE-00342,paid,2023-10-12 13:16:41.875272+00:00,4587.07,happy_path,4321.5,EMP-063
CASE-00343,submit,2024-02-13 07:40:34.958713+00:00,437.5,happy_path,4025.42,EMP-183
CASE-00343,manager_approval,2024-02-13 07:47:52.463284+00:00,69755.65,happy_path,4025.42,EMP-183
CASE-00343,finance_approval,2024-02-14 03:10:28.109311+00:00,46278.8,happy_path,4025.42,EMP-183
CASE-00343,paid,2024-02-14 16:01:46.906425+00:00,2357.71,happy_path,4025.42,EMP-183
CASE-00344,submit,2023-10-24 11:48:43.258303+00:00,348.1,happy_path,435.54,EMP-096
CASE-00344,manager_approval,2023-10-24 11:54:31.359114+00:00,83107.65,happy_path,435.54,EMP-096
CASE-00344,finance_approval,2023-10-25 10:59:39.008803+00:00,41101.02,happy_path,435.54,EMP-096
CASE-00344,paid,2023-10-25 22:24:40.025034+00:00,3781.76,happy_path,435.54,EMP-096
CASE-00345,submit,2024-03-06 21:15:33.240605+00:00,371.24,happy_path,2034.58,EMP-120
CASE-00345,manager_approval,2024-03-06 21:21:44.477147+00:00,89144.46,happy_path,2034.58,EMP-120
CASE-00345,finance_approval,2024-03-07 22:07:28.935280+00:00,37056.72,happy_path,2034.58,EMP-120
CASE-00345,paid,2024-03-08 08:25:05.655278+00:00,4451.34,happy_path,2034.58,EMP-120
CASE-00346,submit,2024-02-13 02:58:05.745678+00:00,334.24,happy_path,1493.4,EMP-078
CASE-00346,manager_approval,2024-02-13 03:03:39.981272+00:00,87364.29,happy_path,1493.4,EMP-078
CASE-00346,finance_approval,2024-02-14 03:19:44.274832+00:00,50093.24,happy_path,1493.4,EMP-078
CASE-00346,paid,2024-02-14 17:14:37.517570+00:00,6697.96,happy_path,1493.4,EMP-078
CASE-00347,submit,2024-02-16 21:16:59.490443+00:00,263.1,rejection_loop,3675.69,EMP-140
CASE-00347,manager_rejects,2024-02-16 21:21:22.585631+00:00,3602.08,rejection_loop,3675.69,EMP-140
CASE-00347,resubmit,2024-02-16 22:21:24.663501+00:00,7403.52,rejection_loop,3675.69,EMP-140
CASE-00347,manager_approval,2024-02-17 00:24:48.187898+00:00,73114.35,rejection_loop,3675.69,EMP-140
CASE-00347,paid,2024-02-17 20:43:22.537172+00:00,3951.13,rejection_loop,3675.69,EMP-140
CASE-00348,submit,2024-03-22 04:16:40.556855+00:00,387.81,happy_path,4205.89,EMP-003
CASE-00348,manager_approval,2024-03-22 04:23:08.362943+00:00,86690.39,happy_path,4205.89,EMP-003
CASE-00348,finance_approval,2024-03-23 04:27:58.750919+00:00,49962.77,happy_path,4205.89,EMP-003
CASE-00348,paid,2024-03-23 18:20:41.522658+00:00,2421.07,happy_path,4205.89,EMP-003
CASE-00349,submit,2023-12-17 13:36:15.974828+00:00,456.14,happy_path,2672.58,EMP-061
CASE-00349,manager_approval,2023-12-17 13:43:52.114730+00:00,72412.92,happy_path,2672.58,EMP-061
CASE-00349,finance_approval,2023-12-18 09:50:45.034736+00:00,46851.21,happy_path,2672.58,EMP-061
CASE-00349,paid,2023-12-18 22:51:36.242763+00:00,4168.75,happy_path,2672.58,EMP-061
CASE-00350,submit,2023-12-16 08:24:19.408048+00:00,352.66,happy_path,1195.79,EMP-134
CASE-00350,manager_approval,2023-12-16 08:30:12.063826+00:00,71806.1,happy_path,1195.79,EMP-134
CASE-00350,finance_approval,2023-12-17 04:26:58.163885+00:00,43074.7,happy_path,1195.79,EMP-134
CASE-00350,paid,2023-12-17 16:24:52.863485+00:00,2413.37,happy_path,1195.79,EMP-134
CASE-00351,submit,2023-10-16 11:16:03.692298+00:00,241.62,escalation,3204.22,EMP-101
CASE-00351,manager_approval,2023-10-16 11:20:05.312802+00:00,76859.6,escalation,3204.22,EMP-101
CASE-00351,finance_review,2023-10-17 08:41:04.912192+00:00,203757.82,escalation,3204.22,EMP-101
CASE-00351,paid,2023-10-19 17:17:02.732159+00:00,3452.51,escalation,3204.22,EMP-101
CASE-00352,submit,2024-02-06 03:08:04.629513+00:00,295.18,happy_path,1609.29,EMP-101
CASE-00352,manager_approval,2024-02-06 03:12:59.804736+00:00,67580.04,happy_path,1609.29,EMP-101
CASE-00352,finance_approval,2024-02-06 21:59:19.841480+00:00,42809.88,happy_path,1609.29,EMP-101
CASE-00352,paid,2024-02-07 09:52:49.722741+00:00,3951.24,happy_path,1609.29,EMP-101
CASE-00353,submit,2023-10-22 14:45:45.509989+00:00,351.64,happy_path,3910.69,EMP-150
CASE-00353,manager_approval,2023-10-22 14:51:37.149911+00:00,100943.62,happy_path,3910.69,EMP-150
CASE-00353,finance_approval,2023-10-23 18:54:00.773278+00:00,41769.81,happy_path,3910.69,EMP-150
CASE-00353,paid,2023-10-24 06:30:10.586299+00:00,4020.1,happy_path,3910.69,EMP-150
CASE-00354,submit,2023-11-27 11:53:21.633641+00:00,297.14,happy_path,3863.17,EMP-116
CASE-00354,manager_approval,2023-11-27 11:58:18.778167+00:00,97269.02,happy_path,3863.17,EMP-116
CASE-00354,finance_approval,2023-11-28 14:59:27.793523+00:00,49210.54,happy_path,3863.17,EMP-116
CASE-00354,paid,2023-11-29 04:39:38.329027+00:00,4745.58,happy_path,3863.17,EMP-116
CASE-00355,submit,2023-11-10 16:53:23.317895+00:00,321.1,rejection_loop,3499.55,EMP-011
CASE-00355,manager_rejects,2023-11-10 16:58:44.420840+00:00,3333.43,rejection_loop,3499.55,EMP-011
CASE-00355,resubmit,2023-11-10 17:54:17.846731+00:00,6056.71,rejection_loop,3499.55,EMP-011
CASE-00355,manager_approval,2023-11-10 19:35:14.561599+00:00,31306.15,rejection_loop,3499.55,EMP-011
CASE-00355,paid,2023-11-11 04:17:00.712322+00:00,3373.33,rejection_loop,3499.55,EMP-011
CASE-00356,submit,2023-10-08 14:16:28.715915+00:00,311.53,happy_path,4109.44,EMP-045
CASE-00356,manager_approval,2023-10-08 14:21:40.249198+00:00,66850.85,happy_path,4109.44,EMP-045
CASE-00356,finance_approval,2023-10-09 08:55:51.096078+00:00,47665.0,happy_path,4109.44,EMP-045
CASE-00356,paid,2023-10-09 22:10:16.098645+00:00,3591.76,happy_path,4109.44,EMP-045
CASE-00357,submit,2023-10-24 20:40:41.029599+00:00,254.51,happy_path,4029.29,EMP-036
CASE-00357,manager_approval,2023-10-24 20:44:55.536802+00:00,121251.68,happy_path,4029.29,EMP-036
CASE-00357,finance_approval,2023-10-26 06:25:47.219934+00:00,47941.12,happy_path,4029.29,EMP-036
CASE-00357,paid,2023-10-26 19:44:48.337139+00:00,3703.61,happy_path,4029.29,EMP-036
CASE-00358,submit,2023-10-18 03:03:01.125595+00:00,339.27,happy_path,3447.11,EMP-166
CASE-00358,manager_approval,2023-10-18 03:08:40.395629+00:00,45049.76,happy_path,3447.11,EMP-166
CASE-00358,finance_approval,2023-10-18 15:39:30.156818+00:00,34917.19,happy_path,3447.11,EMP-166
CASE-00358,paid,2023-10-19 01:21:27.346103+00:00,6346.44,happy_path,3447.11,EMP-166
CASE-00359,submit,2023-10-19 13:20:51.788394+00:00,393.27,happy_path,3247.64,EMP-033
CASE-00359,manager_approval,2023-10-19 13:27:25.061862+00:00,108950.29,happy_path,3247.64,EMP-033
CASE-00359,finance_approval,2023-10-20 19:43:15.350785+00:00,32472.59,happy_path,3247.64,EMP-033
CASE-00359,paid,2023-10-21 04:44:27.936163+00:00,5143.38,happy_path,3247.64,EMP-033
CASE-00360,submit,2024-02-27 21:40:51.364630+00:00,399.74,happy_path,4624.45,EMP-111
CASE-00360,manager_approval,2024-02-27 21:47:31.108476+00:00,82224.58,happy_path,4624.45,EMP-111
CASE-00360,finance_approval,2024-02-28 20:37:55.690734+00:00,44279.61,happy_path,4624.45,EMP-111
CASE-00360,paid,2024-02-29 08:55:55.304439+00:00,3374.13,happy_path,4624.45,EMP-111
CASE-00361,submit,2023-12-22 06:46:09.769417+00:00,266.25,happy_path,976.4,EMP-072
CASE-00361,manager_approval,2023-12-22 06:50:36.017095+00:00,104127.37,happy_path,976.4,EMP-072
CASE-00361,finance_approval,2023-12-23 11:46:03.383314+00:00,51187.85,happy_path,976.4,EMP-072
CASE-00361,paid,2023-12-24 01:59:11.233841+00:00,2636.13,happy_path,976.4,EMP-072
CASE-00362,submit,2023-10-13 23:25:46.480044+00:00,241.91,happy_path,4419.75,EMP-123
CASE-00362,manager_approval,2023-10-13 23:29:48.394772+00:00,84217.06,happy_path,4419.75,EMP-123
CASE-00362,finance_approval,2023-10-14 22:53:25.452562+00:00,47043.85,happy_path,4419.75,EMP-123
CASE-00362,paid,2023-10-15 11:57:29.299614+00:00,4184.08,happy_path,4419.75,EMP-123
CASE-00363,submit,2024-02-23 01:44:08.791383+00:00,418.47,escalation,3172.23,EMP-140
CASE-00363,manager_approval,2024-02-23 01:51:07.258125+00:00,124012.95,escalation,3172.23,EMP-140
CASE-00363,finance_review,2024-02-24 12:18:00.212325+00:00,167784.12,escalation,3172.23,EMP-140
CASE-00363,paid,2024-02-26 10:54:24.329519+00:00,2885.4,escalation,3172.23,EMP-140
CASE-00364,submit,2023-11-29 21:19:51.919125+00:00,358.25,happy_path,4567.75,EMP-129
CASE-00364,manager_approval,2023-11-29 21:25:50.164404+00:00,85764.35,happy_path,4567.75,EMP-129
CASE-00364,finance_approval,2023-11-30 21:15:14.516382+00:00,44841.08,happy_path,4567.75,EMP-129
CASE-00364,paid,2023-12-01 09:42:35.598977+00:00,3420.11,happy_path,4567.75,EMP-129
CASE-00365,submit,2024-01-06 07:08:51.004646+00:00,291.61,rejection_loop,1440.62,EMP-121
CASE-00365,manager_rejects,2024-01-06 07:13:42.619218+00:00,3850.93,rejection_loop,1440.62,EMP-121
CASE-00365,resubmit,2024-01-06 08:17:53.547846+00:00,112.91,rejection_loop,1440.62,EMP-121
CASE-00365,manager_approval,2024-01-06 08:19:46.453579+00:00,96190.05,rejection_loop,1440.62,EMP-121
CASE-00365,paid,2024-01-07 11:02:56.505822+00:00,3532.71,rejection_loop,1440.62,EMP-121
CASE-00366,submit,2023-10-13 01:31:31.415817+00:00,342.22,escalation,1369.31,EMP-189
CASE-00366,manager_approval,2023-10-13 01:37:13.636380+00:00,86055.38,escalation,1369.31,EMP-189
CASE-00366,finance_review,2023-10-14 01:31:29.015583+00:00,216790.92,escalation,1369.31,EMP-189
CASE-00366,paid,2023-10-16 13:44:39.935043+00:00,2278.5,escalation,1369.31,EMP-189
CASE-00367,submit,2023-11-03 16:45:12.916604+00:00,209.16,happy_path,4204.15,EMP-045
CASE-00367,manager_approval,2023-11-03 16:48:42.074060+00:00,64912.2,happy_path,4204.15,EMP-045
CASE-00367,finance_approval,2023-11-04 10:50:34.271831+00:00,38046.1,happy_path,4204.15,EMP-045
CASE-00367,paid,2023-11-04 21:24:40.370751+00:00,1713.44,happy_path,4204.15,EMP-045
CASE-00368,submit,2024-01-12 10:46:48.082452+00:00,264.26,happy_path,3517.78,EMP-146
CASE-00368,manager_approval,2024-01-12 10:51:12.339766+00:00,81012.4,happy_path,3517.78,EMP-146
CASE-00368,finance_approval,2024-01-13 09:21:24.736239+00:00,58032.05,happy_path,3517.78,EMP-146
CASE-00368,paid,2024-01-14 01:28:36.783941+00:00,3460.02,happy_path,3517.78,EMP-146
CASE-00369,submit,2023-10-09 20:00:12.103144+00:00,376.39,happy_path,1579.81,EMP-126
CASE-00369,manager_approval,2023-10-09 20:06:28.494070+00:00,96529.46,happy_path,1579.81,EMP-126
CASE-00369,finance_approval,2023-10-10 22:55:17.951369+00:00,51345.41,happy_path,1579.81,EMP-126
CASE-00369,paid,2023-10-11 13:11:03.363868+00:00,3728.16,happy_path,1579.81,EMP-126
CASE-00370,submit,2023-12-03 08:04:44.656437+00:00,347.56,happy_path,3089.97,EMP-034
CASE-00370,manager_approval,2023-12-03 08:10:32.218290+00:00,121328.6,happy_path,3089.97,EMP-034
CASE-00370,finance_approval,2023-12-04 17:52:40.820886+00:00,44906.5,happy_path,3089.97,EMP-034
CASE-00370,paid,2023-12-05 06:21:07.322422+00:00,3367.68,happy_path,3089.97,EMP-034
CASE-00371,submit,2024-02-19 09:15:47.789647+00:00,367.87,happy_path,3538.25,EMP-037
CASE-00371,manager_approval,2024-02-19 09:21:55.661096+00:00,51156.77,happy_path,3538.25,EMP-037
CASE-00371,finance_approval,2024-02-19 23:34:32.430892+00:00,49951.19,happy_path,3538.25,EMP-037
CASE-00371,paid,2024-02-20 13:27:03.624880+00:00,3386.48,happy_path,3538.25,EMP-037
CASE-00372,submit,2023-12-02 13:56:37.778382+00:00,227.87,exception,2008.2,EMP-026
CASE-00372,missing_receipt,2023-12-02 14:00:25.645544+00:00,2535.0,exception,2008.2,EMP-026
CASE-00372,hold,2023-12-02 14:42:40.645993+00:00,248953.85,exception,2008.2,EMP-026
CASE-00372,resolved,2023-12-05 11:51:54.499347+00:00,2960.94,exception,2008.2,EMP-026
CASE-00372,paid,2023-12-05 12:41:15.444337+00:00,2933.28,exception,2008.2,EMP-026
CASE-00373,submit,2024-02-04 20:10:51.314246+00:00,246.77,happy_path,3550.56,EMP-144
CASE-00373,manager_approval,2024-02-04 20:14:58.087813+00:00,120653.26,happy_path,3550.56,EMP-144
CASE-00373,finance_approval,2024-02-06 05:45:51.346072+00:00,37725.68,happy_path,3550.56,EMP-144
CASE-00373,paid,2024-02-06 16:14:37.022124+00:00,3800.85,happy_path,3550.56,EMP-144
CASE-00374,submit,2023-11-25 00:18:52.500909+00:00,378.88,happy_path,1568.77,EMP-177
CASE-00374,manager_approval,2023-11-25 00:25:11.379259+00:00,86968.56,happy_path,1568.77,EMP-177
CASE-00374,finance_approval,2023-11-26 00:34:39.941738+00:00,43588.15,happy_path,1568.77,EMP-177
CASE-00374,paid,2023-11-26 12:41:08.086804+00:00,3251.37,happy_path,1568.77,EMP-177
CASE-00375,submit,2023-10-08 19:53:36.418002+00:00,225.27,rejection_loop,3865.61,EMP-146
CASE-00375,manager_rejects,2023-10-08 19:57:21.691629+00:00,2518.25,rejection_loop,3865.61,EMP-146
CASE-00375,resubmit,2023-10-08 20:39:19.942771+00:00,4766.95,rejection_loop,3865.61,EMP-146
CASE-00375,manager_approval,2023-10-08 21:58:46.890725+00:00,101345.1,rejection_loop,3865.61,EMP-146
CASE-00375,paid,2023-10-10 02:07:51.995425+00:00,3471.17,rejection_loop,3865.61,EMP-146
CASE-00376,submit,2023-12-01 14:38:51.363734+00:00,348.89,escalation,4686.6,EMP-037
CASE-00376,manager_approval,2023-12-01 14:44:40.252232+00:00,95762.11,escalation,4686.6,EMP-037
CASE-00376,finance_review,2023-12-02 17:20:42.357643+00:00,146811.49,escalation,4686.6,EMP-037
CASE-00376,paid,2023-12-04 10:07:33.849514+00:00,4759.68,escalation,4686.6,EMP-037
CASE-00377,submit,2024-01-26 00:55:25.002297+00:00,349.41,exception,4117.23,EMP-172
CASE-00377,missing_receipt,2024-01-26 01:01:14.409411+00:00,1586.73,exception,4117.23,EMP-172
CASE-00377,hold,2024-01-26 01:27:41.138403+00:00,252952.02,exception,4117.23,EMP-172
CASE-00377,resolved,2024-01-28 23:43:33.153424+00:00,4052.56,exception,4117.23,EMP-172
CASE-00377,paid,2024-01-29 00:51:05.710458+00:00,4231.23,exception,4117.23,EMP-172
CASE-00378,submit,2023-12-20 21:06:39.637898+00:00,319.09,happy_path,56.34,EMP-099
CASE-00378,manager_approval,2023-12-20 21:11:58.732613+00:00,74996.12,happy_path,56.34,EMP-099
CASE-00378,finance_approval,2023-12-21 18:01:54.847995+00:00,45300.58,happy_path,56.34,EMP-099
CASE-00378,paid,2023-12-22 06:36:55.426023+00:00,2005.04,happy_path,56.34,EMP-099
CASE-00379,submit,2024-02-21 23:18:48.874094+00:00,363.77,happy_path,1907.97,EMP-123
CASE-00379,manager_approval,2024-02-21 23:24:52.645422+00:00,54291.71,happy_path,1907.97,EMP-123
CASE-00379,finance_approval,2024-02-22 14:29:44.352546+00:00,37485.26,happy_path,1907.97,EMP-123
CASE-00379,paid,2024-02-23 00:54:29.614212+00:00,3750.69,happy_path,1907.97,EMP-123
CASE-00380,submit,2023-11-29 08:51:25.352542+00:00,364.96,rejection_loop,215.39,EMP-006
CASE-00380,manager_rejects,2023-11-29 08:57:30.317025+00:00,3824.82,rejection_loop,215.39,EMP-006
CASE-00380,resubmit,2023-11-29 10:01:15.139767+00:00,6988.61,rejection_loop,215.39,EMP-006
CASE-00380,manager_approval,2023-11-29 11:57:43.753130+00:00,96484.63,rejection_loop,215.39,EMP-006
CASE-00380,paid,2023-11-30 14:45:48.386953+00:00,4365.53,rejection_loop,215.39,EMP-006
CASE-00381,submit,2023-12-02 19:56:47.486224+00:00,426.37,rejection_loop,2757.88,EMP-024
CASE-00381,manager_rejects,2023-12-02 20:03:53.855709+00:00,3482.76,rejection_loop,2757.88,EMP-024
CASE-00381,resubmit,2023-12-02 21:01:56.612847+00:00,6660.72,rejection_loop,2757.88,EMP-024
CASE-00381,manager_approval,2023-12-02 22:52:57.333555+00:00,64381.49,rejection_loop,2757.88,EMP-024
CASE-00381,paid,2023-12-03 16:45:58.820868+00:00,2899.61,rejection_loop,2757.88,EMP-024
CASE-00382,submit,2023-11-08 23:58:41.013917+00:00,232.55,happy_path,315.1,EMP-085
CASE-00382,manager_approval,2023-11-09 00:02:33.559820+00:00,98694.09,happy_path,315.1,EMP-085
CASE-00382,finance_approval,2023-11-10 03:27:27.648298+00:00,53547.45,happy_path,315.1,EMP-085
CASE-00382,paid,2023-11-10 18:19:55.098899+00:00,3345.45,happy_path,315.1,EMP-085
CASE-00383,submit,2023-10-20 06:21:24.409648+00:00,204.4,happy_path,1443.54,EMP-061
CASE-00383,manager_approval,2023-10-20 06:24:48.814035+00:00,65063.87,happy_path,1443.54,EMP-061
CASE-00383,finance_approval,2023-10-21 00:29:12.685722+00:00,48868.37,happy_path,1443.54,EMP-061
CASE-00383,paid,2023-10-21 14:03:41.056339+00:00,3299.16,happy_path,1443.54,EMP-061
CASE-00384,submit,2024-01-23 12:23:34.512087+00:00,301.14,happy_path,483.76,EMP-170
CASE-00384,manager_approval,2024-01-23 12:28:35.653959+00:00,76717.63,happy_path,483.76,EMP-170
CASE-00384,finance_approval,2024-01-24 09:47:13.282003+00:00,43600.96,happy_path,483.76,EMP-170
CASE-00384,paid,2024-01-24 21:53:54.240677+00:00,3942.89,happy_path,483.76,EMP-170
CASE-00385,submit,2023-11-27 12:05:12.078631+00:00,382.45,exception,2394.17,EMP-030
CASE-00385,missing_receipt,2023-11-27 12:11:34.524020+00:00,1522.01,exception,2394.17,EMP-030
CASE-00385,hold,2023-11-27 12:36:56.530022+00:00,319338.14,exception,2394.17,EMP-030
CASE-00385,resolved,2023-12-01 05:19:14.672320+00:00,3460.9,exception,2394.17,EMP-030
CASE-00385,paid,2023-12-01 06:16:55.572703+00:00,3266.42,exception,2394.17,EMP-030
CASE-00386,submit,2023-12-08 11:48:54.693022+00:00,255.79,escalation,965.16,EMP-098
CASE-00386,manager_approval,2023-12-08 11:53:10.483956+00:00,92042.43,escalation,965.16,EMP-098
CASE-00386,finance_review,2023-12-09 13:27:12.909600+00:00,142601.35,escalation,965.16,EMP-098
CASE-00386,paid,2023-12-11 05:03:54.258461+00:00,3740.39,escalation,965.16,EMP-098
CASE-00387,submit,2024-02-05 08:45:16.230676+00:00,373.17,happy_path,355.11,EMP-193
CASE-00387,manager_approval,2024-02-05 08:51:29.397947+00:00,104715.75,happy_path,355.11,EMP-193
CASE-00387,finance_approval,2024-02-06 13:56:45.152401+00:00,45860.88,happy_path,355.11,EMP-193
CASE-00387,paid,2024-02-07 02:41:06.028206+00:00,2731.02,happy_path,355.11,EMP-193
CASE-00388,submit,2024-03-02 08:14:37.532323+00:00,326.04,rejection_loop,1176.19,EMP-016
CASE-00388,manager_rejects,2024-03-02 08:20:03.571617+00:00,3031.93,rejection_loop,1176.19,EMP-016
CASE-00388,resubmit,2024-03-02 09:10:35.502106+00:00,3674.71,rejection_loop,1176.19,EMP-016
CASE-00388,manager_approval,2024-03-02 10:11:50.210513+00:00,76800.38,rejection_loop,1176.19,EMP-016
CASE-00388,paid,2024-03-03 07:31:50.591125+00:00,1763.83,rejection_loop,1176.19,EMP-016
CASE-00389,submit,2023-10-09 06:01:37.531801+00:00,319.53,happy_path,440.83,EMP-183
CASE-00389,manager_approval,2023-10-09 06:06:57.058333+00:00,62913.02,happy_path,440.83,EMP-183
CASE-00389,finance_approval,2023-10-09 23:35:30.080413+00:00,39442.39,happy_path,440.83,EMP-183
CASE-00389,paid,2023-10-10 10:32:52.471461+00:00,1289.71,happy_path,440.83,EMP-183
CASE-00390,submit,2023-11-03 02:50:13.785087+00:00,225.76,happy_path,4748.81,EMP-115
CASE-00390,manager_approval,2023-11-03 02:53:59.545378+00:00,143930.8,happy_path,4748.81,EMP-115
CASE-00390,finance_approval,2023-11-04 18:52:50.346072+00:00,41310.38,happy_path,4748.81,EMP-115
CASE-00390,paid,2023-11-05 06:21:20.730156+00:00,3767.87,happy_path,4748.81,EMP-115
CASE-00391,submit,2023-11-08 08:17:28.642128+00:00,270.91,happy_path,4941.99,EMP-112
CASE-00391,manager_approval,2023-11-08 08:21:59.557023+00:00,91780.38,happy_path,4941.99,EMP-112
CASE-00391,finance_approval,2023-11-09 09:51:39.937115+00:00,39542.82,happy_path,4941.99,EMP-112
CASE-00391,paid,2023-11-09 20:50:42.754769+00:00,2946.7,happy_path,4941.99,EMP-112
CASE-00392,submit,2023-12-11 20:35:18.027685+00:00,270.38,rejection_loop,4046.35,EMP-023
CASE-00392,manager_rejects,2023-12-11 20:39:48.409770+00:00,3173.98,rejection_loop,4046.35,EMP-023
CASE-00392,resubmit,2023-12-11 21:32:42.391195+00:00,8161.41,rejection_loop,4046.35,EMP-023
CASE-00392,manager_approval,2023-12-11 23:48:43.804687+00:00,82481.21,rejection_loop,4046.35,EMP-023
CASE-00392,paid,2023-12-12 22:43:25.013522+00:00,4582.87,rejection_loop,4046.35,EMP-023
CASE-00393,submit,2024-01-16 18:19:43.316413+00:00,305.8,rejection_loop,3943.43,EMP-160
CASE-00393,manager_rejects,2024-01-16 18:24:49.114438+00:00,3312.63,rejection_loop,3943.43,EMP-160
CASE-00393,resubmit,2024-01-16 19:20:01.741436+00:00,8572.37,rejection_loop,3943.43,EMP-160
CASE-00393,manager_approval,2024-01-16 21:42:54.108738+00:00,108960.02,rejection_loop,3943.43,EMP-160
CASE-00393,paid,2024-01-18 03:58:54.132800+00:00,1578.45,rejection_loop,3943.43,EMP-160
CASE-00394,submit,2023-10-21 04:16:43.366821+00:00,222.93,happy_path,572.89,EMP-200
CASE-00394,manager_approval,2023-10-21 04:20:26.296504+00:00,80384.64,happy_path,572.89,EMP-200
CASE-00394,finance_approval,2023-10-22 02:40:10.937044+00:00,51889.68,happy_path,572.89,EMP-200
CASE-00394,paid,2023-10-22 17:05:00.612860+00:00,3085.05,happy_path,572.89,EMP-200
CASE-00395,submit,2023-12-27 03:33:40.972015+00:00,351.3,happy_path,2453.64,EMP-156
CASE-00395,manager_approval,2023-12-27 03:39:32.267772+00:00,96702.24,happy_path,2453.64,EMP-156
CASE-00395,finance_approval,2023-12-28 06:31:14.511815+00:00,49656.37,happy_path,2453.64,EMP-156
CASE-00395,paid,2023-12-28 20:18:50.877961+00:00,2598.28,happy_path,2453.64,EMP-156
CASE-00396,submit,2024-02-04 07:01:09.904867+00:00,238.66,happy_path,2009.17,EMP-085
CASE-00396,manager_approval,2024-02-04 07:05:08.565348+00:00,109761.58,happy_path,2009.17,EMP-085
CASE-00396,finance_approval,2024-02-05 13:34:30.148793+00:00,45691.91,happy_path,2009.17,EMP-085
CASE-00396,paid,2024-02-06 02:16:02.062948+00:00,3498.78,happy_path,2009.17,EMP-085
CASE-00397,submit,2023-11-22 11:05:51.150328+00:00,357.52,happy_path,3978.58,EMP-080
CASE-00397,manager_approval,2023-11-22 11:11:48.674851+00:00,53104.75,happy_path,3978.58,EMP-080
CASE-00397,finance_approval,2023-11-23 01:56:53.427400+00:00,43784.96,happy_path,3978.58,EMP-080
CASE-00397,paid,2023-11-23 14:06:38.388948+00:00,5079.61,happy_path,3978.58,EMP-080
CASE-00398,submit,2024-02-19 07:48:48.559816+00:00,369.99,happy_path,4872.39,EMP-114
CASE-00398,manager_approval,2024-02-19 07:54:58.552086+00:00,71370.61,happy_path,4872.39,EMP-114
CASE-00398,finance_approval,2024-02-20 03:44:29.166873+00:00,53697.32,happy_path,4872.39,EMP-114
CASE-00398,paid,2024-02-20 18:39:26.482179+00:00,3292.4,happy_path,4872.39,EMP-114
CASE-00399,submit,2024-02-13 08:52:53.512804+00:00,284.1,happy_path,4571.49,EMP-105
CASE-00399,manager_approval,2024-02-13 08:57:37.610624+00:00,88987.37,happy_path,4571.49,EMP-105
CASE-00399,finance_approval,2024-02-14 09:40:44.975649+00:00,28758.11,happy_path,4571.49,EMP-105
CASE-00399,paid,2024-02-14 17:40:03.083197+00:00,4067.42,happy_path,4571.49,EMP-105
CASE-00400,submit,2023-12-14 14:37:25.713026+00:00,234.86,happy_path,1590.06,EMP-130
CASE-00400,manager_approval,2023-12-14 14:41:20.575294+00:00,91417.58,happy_path,1590.06,EMP-130
CASE-00400,finance_approval,2023-12-15 16:04:58.157826+00:00,34584.28,happy_path,1590.06,EMP-130
CASE-00400,paid,2023-12-16 01:41:22.442122+00:00,3094.94,happy_path,1590.06,EMP-130
CASE-00401,submit,2023-11-16 21:47:52.544115+00:00,284.5,rejection_loop,1043.6,EMP-015
CASE-00401,manager_rejects,2023-11-16 21:52:37.041503+00:00,2307.91,rejection_loop,1043.6,EMP-015
CASE-00401,resubmit,2023-11-16 22:31:04.953217+00:00,8288.0,rejection_loop,1043.6,EMP-015
CASE-00401,manager_approval,2023-11-17 00:49:12.951347+00:00,81539.56,rejection_loop,1043.6,EMP-015
CASE-00401,paid,2023-11-17 23:28:12.509124+00:00,2908.86,rejection_loop,1043.6,EMP-015
CASE-00402,submit,2024-03-17 03:40:40.135336+00:00,281.28,rejection_loop,2550.38,EMP-163
CASE-00402,manager_rejects,2024-03-17 03:45:21.419591+00:00,3194.53,rejection_loop,2550.38,EMP-163
CASE-00402,resubmit,2024-03-17 04:38:35.950660+00:00,5248.27,rejection_loop,2550.38,EMP-163
CASE-00402,manager_approval,2024-03-17 06:06:04.216716+00:00,88052.85,rejection_loop,2550.38,EMP-163
CASE-00402,paid,2024-03-18 06:33:37.065378+00:00,4589.81,rejection_loop,2550.38,EMP-163
CASE-00403,submit,2024-02-14 19:30:43.563510+00:00,283.29,escalation,1754.03,EMP-067
CASE-00403,manager_approval,2024-02-14 19:35:26.850636+00:00,79767.24,escalation,1754.03,EMP-067
CASE-00403,finance_review,2024-02-15 17:44:54.087129+00:00,139989.43,escalation,1754.03,EMP-067
CASE-00403,paid,2024-02-17 08:38:03.520968+00:00,3193.93,escalation,1754.03,EMP-067
CASE-00404,submit,2024-01-27 12:40:52.076675+00:00,323.4,escalation,4826.34,EMP-057
CASE-00404,manager_approval,2024-01-27 12:46:15.474159+00:00,78894.83,escalation,4826.34,EMP-057
CASE-00404,finance_review,2024-01-28 10:41:10.303739+00:00,142064.7,escalation,4826.34,EMP-057
CASE-00404,paid,2024-01-30 02:08:55.006103+00:00,3447.35,escalation,4826.34,EMP-057
CASE-00405,submit,2023-12-27 08:05:59.755944+00:00,306.5,rejection_loop,3849.49,EMP-003
CASE-00405,manager_rejects,2023-12-27 08:11:06.258449+00:00,3849.37,rejection_loop,3849.49,EMP-003
CASE-00405,resubmit,2023-12-27 09:15:15.628213+00:00,8020.23,rejection_loop,3849.49,EMP-003
CASE-00405,manager_approval,2023-12-27 11:28:55.862763+00:00,91230.26,rejection_loop,3849.49,EMP-003
CASE-00405,paid,2023-12-28 12:49:26.124919+00:00,2991.85,rejection_loop,3849.49,EMP-003
CASE-00406,submit,2024-03-25 01:32:44.143265+00:00,260.68,escalation,4717.87,EMP-183
CASE-00406,manager_approval,2024-03-25 01:37:04.825041+00:00,68677.45,escalation,4717.87,EMP-183
CASE-00406,finance_review,2024-03-25 20:41:42.271436+00:00,144250.42,escalation,4717.87,EMP-183
CASE-00406,paid,2024-03-27 12:45:52.693225+00:00,4183.86,escalation,4717.87,EMP-183
CASE-00407,submit,2024-01-04 17:09:20.594801+00:00,243.28,happy_path,2360.16,EMP-174
CASE-00407,manager_approval,2024-01-04 17:13:23.875772+00:00,66335.72,happy_path,2360.16,EMP-174
CASE-00407,finance_approval,2024-01-05 11:38:59.591907+00:00,70997.74,happy_path,2360.16,EMP-174
CASE-00407,paid,2024-01-06 07:22:17.336038+00:00,3760.53,happy_path,2360.16,EMP-174
CASE-00408,submit,2024-01-27 12:31:04.651245+00:00,260.88,exception,4204.92,EMP-144
CASE-00408,missing_receipt,2024-01-27 12:35:25.532416+00:00,1640.15,exception,4204.92,EMP-144
CASE-00408,hold,2024-01-27 13:02:45.679538+00:00,283617.17,exception,4204.92,EMP-144
CASE-00408,resolved,2024-01-30 19:49:42.851626+00:00,3736.91,exception,4204.92,EMP-144
CASE-00408,paid,2024-01-30 20:51:59.758452+00:00,4884.1,exception,4204.92,EMP-144
CASE-00409,submit,2024-03-22 09:27:04.636291+00:00,293.73,rejection_loop,1342.68,EMP-183
CASE-00409,manager_rejects,2024-03-22 09:31:58.364691+00:00,3375.05,rejection_loop,1342.68,EMP-183
CASE-00409,resubmit,2024-03-22 10:28:13.416246+00:00,6252.93,rejection_loop,1342.68,EMP-183
CASE-00409,manager_approval,2024-03-22 12:12:26.341819+00:00,70480.28,rejection_loop,1342.68,EMP-183
CASE-00409,paid,2024-03-23 07:47:06.621645+00:00,3527.64,rejection_loop,1342.68,EMP-183
CASE-00410,submit,2023-12-14 17:42:18.725142+00:00,286.05,happy_path,4293.71,EMP-154
CASE-00410,manager_approval,2023-12-14 17:47:04.775728+00:00,97144.35,happy_path,4293.71,EMP-154
CASE-00410,finance_approval,2023-12-15 20:46:09.123432+00:00,51537.46,happy_path,4293.71,EMP-154
CASE-00410,paid,2023-12-16 11:05:06.579736+00:00,3768.12,happy_path,4293.71,EMP-154
CASE-00411,submit,2023-12-11 21:20:51.571477+00:00,391.84,happy_path,4539.21,EMP-104
CASE-00411,manager_approval,2023-12-11 21:27:23.416257+00:00,93860.32,happy_path,4539.21,EMP-104
CASE-00411,finance_approval,2023-12-12 23:31:43.738058+00:00,38997.65,happy_path,4539.21,EMP-104
CASE-00411,paid,2023-12-13 10:21:41.384341+00:00,3344.53,happy_path,4539.21,EMP-104
CASE-00412,submit,2024-01-25 21:30:52.949777+00:00,159.05,rejection_loop,1150.7,EMP-137
CASE-00412,manager_rejects,2024-01-25 21:33:31.995554+00:00,3816.58,rejection_loop,1150.7,EMP-137
CASE-00412,resubmit,2024-01-25 22:37:08.575354+00:00,6241.67,rejection_loop,1150.7,EMP-137
CASE-00412,manager_approval,2024-01-26 00:21:10.242474+00:00,100571.46,rejection_loop,1150.7,EMP-137
CASE-00412,paid,2024-01-27 04:17:21.706655+00:00,4234.91,rejection_loop,1150.7,EMP-137
CASE-00413,submit,2023-10-26 00:43:07.260553+00:00,376.98,escalation,1504.23,EMP-121
CASE-00413,manager_approval,2023-10-26 00:49:24.237909+00:00,84266.68,escalation,1504.23,EMP-121
CASE-00413,finance_review,2023-10-27 00:13:50.919762+00:00,251209.49,escalation,1504.23,EMP-121
CASE-00413,paid,2023-10-29 22:00:40.413586+00:00,3646.4,escalation,1504.23,EMP-121
CASE-00414,submit,2023-11-12 00:08:06.611049+00:00,261.97,escalation,1711.38,EMP-023
CASE-00414,manager_approval,2023-11-12 00:12:28.581210+00:00,93697.69,escalation,1711.38,EMP-023
CASE-00414,finance_review,2023-11-13 02:14:06.266859+00:00,259075.19,escalation,1711.38,EMP-023
CASE-00414,paid,2023-11-16 02:12:01.455305+00:00,1950.9,escalation,1711.38,EMP-023
CASE-00415,submit,2024-03-04 05:14:38.389464+00:00,360.02,happy_path,2948.57,EMP-119
CASE-00415,manager_approval,2024-03-04 05:20:38.405096+00:00,43801.89,happy_path,2948.57,EMP-119
CASE-00415,finance_approval,2024-03-04 17:30:40.299030+00:00,45859.09,happy_path,2948.57,EMP-119
CASE-00415,paid,2024-03-05 06:14:59.392068+00:00,1728.5,happy_path,2948.57,EMP-119
CASE-00416,submit,2023-10-24 13:36:17.455140+00:00,227.71,happy_path,4452.66,EMP-129
CASE-00416,manager_approval,2023-10-24 13:40:05.168560+00:00,75206.52,happy_path,4452.66,EMP-129
CASE-00416,finance_approval,2023-10-25 10:33:31.691897+00:00,35179.8,happy_path,4452.66,EMP-129
CASE-00416,paid,2023-10-25 20:19:51.493906+00:00,2043.79,happy_path,4452.66,EMP-129
CASE-00417,submit,2023-12-15 15:42:31.600689+00:00,363.03,happy_path,4962.12,EMP-088
CASE-00417,manager_approval,2023-12-15 15:48:34.634074+00:00,43764.61,happy_path,4962.12,EMP-088
CASE-00417,finance_approval,2023-12-16 03:57:59.240580+00:00,36577.37,happy_path,4962.12,EMP-088
CASE-00417,paid,2023-12-16 14:07:36.611472+00:00,2842.76,happy_path,4962.12,EMP-088
CASE-00418,submit,2023-12-01 20:57:33.158446+00:00,313.79,rejection_loop,3905.76,EMP-125
CASE-00418,manager_rejects,2023-12-01 21:02:46.944643+00:00,4118.49,rejection_loop,3905.76,EMP-125
CASE-00418,resubmit,2023-12-01 22:11:25.436725+00:00,7069.12,rejection_loop,3905.76,EMP-125
CASE-00418,manager_approval,2023-12-02 00:09:14.560939+00:00,108536.05,rejection_loop,3905.76,EMP-125
CASE-00418,paid,2023-12-03 06:18:10.607694+00:00,3951.93,rejection_loop,3905.76,EMP-125
CASE-00419,submit,2024-02-17 14:34:11.064539+00:00,198.32,happy_path,3879.03,EMP-148
CASE-00419,manager_approval,2024-02-17 14:37:29.385390+00:00,88800.63,happy_path,3879.03,EMP-148
CASE-00419,finance_approval,2024-02-18 15:17:30.012597+00:00,51658.39,happy_path,3879.03,EMP-148
CASE-00419,paid,2024-02-19 05:38:28.405364+00:00,4252.87,happy_path,3879.03,EMP-148
CASE-00420,submit,2023-12-10 23:55:36.964671+00:00,338.9,escalation,2046.8,EMP-123
CASE-00420,manager_approval,2023-12-11 00:01:15.862776+00:00,89782.87,escalation,2046.8,EMP-123
CASE-00420,finance_review,2023-12-12 00:57:38.736474+00:00,167718.0,escalation,2046.8,EMP-123
CASE-00420,paid,2023-12-13 23:32:56.732701+00:00,3708.43,escalation,2046.8,EMP-123
CASE-00421,submit,2023-10-06 05:23:51.585812+00:00,397.56,happy_path,4174.48,EMP-049
CASE-00421,manager_approval,2023-10-06 05:30:29.143695+00:00,87310.21,happy_path,4174.48,EMP-049
CASE-00421,finance_approval,2023-10-07 05:45:39.356867+00:00,45389.94,happy_path,4174.48,EMP-049
CASE-00421,paid,2023-10-07 18:22:09.292484+00:00,5422.0,happy_path,4174.48,EMP-049
CASE-00422,submit,2024-01-16 23:03:26.542390+00:00,355.69,happy_path,558.41,EMP-129
CASE-00422,manager_approval,2024-01-16 23:09:22.233263+00:00,121304.21,happy_path,558.41,EMP-129
CASE-00422,finance_approval,2024-01-18 08:51:06.445199+00:00,41419.68,happy_path,558.41,EMP-129
CASE-00422,paid,2024-01-18 20:21:26.127801+00:00,4312.18,happy_path,558.41,EMP-129
CASE-00423,submit,2023-12-20 01:26:01.657513+00:00,287.56,rejection_loop,3002.03,EMP-087
CASE-00423,manager_rejects,2023-12-20 01:30:49.217054+00:00,3303.46,rejection_loop,3002.03,EMP-087
CASE-00423,resubmit,2023-12-20 02:25:52.678496+00:00,9288.77,rejection_loop,3002.03,EMP-087
CASE-00423,manager_approval,2023-12-20 05:00:41.451973+00:00,85791.8,rejection_loop,3002.03,EMP-087
CASE-00423,paid,2023-12-21 04:50:33.251059+00:00,3600.39,rejection_loop,3002.03,EMP-087
CASE-00424,submit,2023-11-13 02:46:01.165767+00:00,263.98,exception,4069.44,EMP-005
CASE-00424,missing_receipt,2023-11-13 02:50:25.147376+00:00,1777.25,exception,4069.44,EMP-005
CASE-00424,hold,2023-11-13 03:20:02.400484+00:00,213846.27,exception,4069.44,EMP-005
CASE-00424,resolved,2023-11-15 14:44:08.668298+00:00,3520.01,exception,4069.44,EMP-005
CASE-00424,paid,2023-11-15 15:42:48.674059+00:00,2404.69,exception,4069.44,EMP-005
CASE-00425,submit,2024-02-22 13:59:21.515274+00:00,239.25,happy_path,1864.63,EMP-167
CASE-00425,manager_approval,2024-02-22 14:03:20.769423+00:00,108215.69,happy_path,1864.63,EMP-167
CASE-00425,finance_approval,2024-02-23 20:06:56.457790+00:00,44539.01,happy_path,1864.63,EMP-167
CASE-00425,paid,2024-02-24 08:29:15.467703+00:00,2353.85,happy_path,1864.63,EMP-167
CASE-00426,submit,2024-01-28 15:24:43.601369+00:00,391.09,escalation,287.4,EMP-028
CASE-00426,manager_approval,2024-01-28 15:31:14.693169+00:00,90488.68,escalation,287.4,EMP-028
CASE-00426,finance_review,2024-01-29 16:39:23.372750+00:00,136188.55,escalation,287.4,EMP-028
CASE-00426,paid,2024-01-31 06:29:11.925546+00:00,4039.67,escalation,287.4,EMP-028
CASE-00427,submit,2023-11-08 23:44:16.928316+00:00,296.78,escalation,2398.26,EMP-040
CASE-00427,manager_approval,2023-11-08 23:49:13.705141+00:00,83684.03,escalation,2398.26,EMP-040
CASE-00427,finance_review,2023-11-09 23:03:57.732278+00:00,155280.32,escalation,2398.26,EMP-040
CASE-00427,paid,2023-11-11 18:11:58.051120+00:00,3798.06,escalation,2398.26,EMP-040
CASE-00428,submit,2023-10-27 16:32:47.109382+00:00,313.71,escalation,3132.85,EMP-180
CASE-00428,manager_approval,2023-10-27 16:38:00.819948+00:00,77508.38,escalation,3132.85,EMP-180
CASE-00428,finance_review,2023-10-28 14:09:49.200916+00:00,168583.79,escalation,3132.85,EMP-180
CASE-00428,paid,2023-10-30 12:59:32.992488+00:00,3158.17,escalation,3132.85,EMP-180
CASE-00429,submit,2024-01-20 14:53:16.139116+00:00,319.79,happy_path,576.01,EMP-051
CASE-00429,manager_approval,2024-01-20 14:58:35.928830+00:00,46263.28,happy_path,576.01,EMP-051
CASE-00429,finance_approval,2024-01-21 03:49:39.210219+00:00,49881.1,happy_path,576.01,EMP-051
CASE-00429,paid,2024-01-21 17:41:00.306132+00:00,3457.59,happy_path,576.01,EMP-051
CASE-00430,submit,2023-12-31 08:15:08.502301+00:00,336.66,happy_path,843.85,EMP-141
CASE-00430,manager_approval,2023-12-31 08:20:45.162849+00:00,134875.08,happy_path,843.85,EMP-141
CASE-00430,finance_approval,2024-01-01 21:48:40.242586+00:00,42941.38,happy_path,843.85,EMP-141
CASE-00430,paid,2024-01-02 09:44:21.618188+00:00,3658.28,happy_path,843.85,EMP-141
CASE-00431,submit,2024-01-31 10:10:29.063162+00:00,315.44,escalation,4539.06,EMP-147
CASE-00431,manager_approval,2024-01-31 10:15:44.500397+00:00,93963.28,escalation,4539.06,EMP-147
CASE-00431,finance_review,2024-02-01 12:21:47.781065+00:00,103711.54,escalation,4539.06,EMP-147
CASE-00431,paid,2024-02-02 17:10:19.319980+00:00,3493.95,escalation,4539.06,EMP-147
CASE-00432,submit,2023-12-24 05:09:55.202754+00:00,346.51,happy_path,1316.67,EMP-060
CASE-00432,manager_approval,2023-12-24 05:15:41.716748+00:00,83994.38,happy_path,1316.67,EMP-060
CASE-00432,finance_approval,2023-12-25 04:35:36.100949+00:00,55740.85,happy_path,1316.67,EMP-060
CASE-00432,paid,2023-12-25 20:04:36.952285+00:00,4110.22,happy_path,1316.67,EMP-060
CASE-00433,submit,2024-02-24 06:53:42.589042+00:00,262.27,rejection_loop,4268.63,EMP-093
CASE-00433,manager_rejects,2024-02-24 06:58:04.861455+00:00,4507.48,rejection_loop,4268.63,EMP-093
CASE-00433,resubmit,2024-02-24 08:13:12.344082+00:00,9708.59,rejection_loop,4268.63,EMP-093
CASE-00433,manager_approval,2024-02-24 10:55:00.938615+00:00,106857.65,rejection_loop,4268.63,EMP-093
CASE-00433,paid,2024-02-25 16:35:58.584670+00:00,5286.66,rejection_loop,4268.63,EMP-093
CASE-00434,submit,2024-03-12 00:21:33.505461+00:00,333.35,escalation,894.04,EMP-092
CASE-00434,manager_approval,2024-03-12 00:27:06.855686+00:00,102798.24,escalation,894.04,EMP-092
CASE-00434,finance_review,2024-03-13 05:00:25.095189+00:00,163291.66,escalation,894.04,EMP-092
CASE-00434,paid,2024-03-15 02:21:56.756863+00:00,3507.72,escalation,894.04,EMP-092
CASE-00435,submit,2024-03-24 05:10:44.033689+00:00,242.39,happy_path,613.47,EMP-103
CASE-00435,manager_approval,2024-03-24 05:14:46.424344+00:00,83483.93,happy_path,613.47,EMP-103
CASE-00435,finance_approval,2024-03-25 04:26:10.355690+00:00,50241.17,happy_path,613.47,EMP-103
CASE-00435,paid,2024-03-25 18:23:31.529842+00:00,4554.46,happy_path,613.47,EMP-103
CASE-00436,submit,2023-10-26 20:27:00.033631+00:00,213.19,escalation,3994.7,EMP-029
CASE-00436,manager_approval,2023-10-26 20:30:33.226464+00:00,77385.24,escalation,3994.7,EMP-029
CASE-00436,finance_review,2023-10-27 18:00:18.464640+00:00,52046.3,escalation,3994.7,EMP-029
CASE-00436,paid,2023-10-28 08:27:44.766978+00:00,3835.31,escalation,3994.7,EMP-029
CASE-00437,submit,2024-02-02 02:39:30.054948+00:00,276.71,exception,2439.24,EMP-146
CASE-00437,missing_receipt,2024-02-02 02:44:06.768081+00:00,1922.74,exception,2439.24,EMP-146
CASE-00437,hold,2024-02-02 03:16:09.507062+00:00,335890.92,exception,2439.24,EMP-146
CASE-00437,resolved,2024-02-06 00:34:20.422911+00:00,3508.5,exception,2439.24,EMP-146
CASE-00437,paid,2024-02-06 01:32:48.923783+00:00,3768.91,exception,2439.24,EMP-146
CASE-00438,submit,2023-12-28 22:54:14.815796+00:00,174.9,escalation,4200.76,EMP-034
CASE-00438,manager_approval,2023-12-28 22:57:09.719386+00:00,89767.05,escalation,4200.76,EMP-034
CASE-00438,finance_review,2023-12-29 23:53:16.768050+00:00,158245.19,escalation,4200.76,EMP-034
CASE-00438,paid,2023-12-31 19:50:41.956565+00:00,3718.54,escalation,4200.76,EMP-034
CASE-00439,submit,2024-01-05 11:12:48.168025+00:00,296.15,escalation,111.18,EMP-174
CASE-00439,manager_approval,2024-01-05 11:17:44.313226+00:00,51779.7,escalation,111.18,EMP-174
CASE-00439,finance_review,2024-01-06 01:40:44.014907+00:00,190355.66,escalation,111.18,EMP-174
CASE-00439,paid,2024-01-08 06:33:19.676481+00:00,5817.58,escalation,111.18,EMP-174
CASE-00440,submit,2024-02-06 02:30:23.026196+00:00,372.99,rejection_loop,2619.54,EMP-177
CASE-00440,manager_rejects,2024-02-06 02:36:36.014147+00:00,4097.65,rejection_loop,2619.54,EMP-177
CASE-00440,resubmit,2024-02-06 03:44:53.664736+00:00,7214.82,rejection_loop,2619.54,EMP-177
CASE-00440,manager_approval,2024-02-06 05:45:08.489461+00:00,106296.19,rejection_loop,2619.54,EMP-177
CASE-00440,paid,2024-02-07 11:16:44.681730+00:00,3203.65,rejection_loop,2619.54,EMP-177
CASE-00441,submit,2023-10-12 19:43:32.224021+00:00,247.08,rejection_loop,2813.8,EMP-157
CASE-00441,manager_rejects,2023-10-12 19:47:39.304207+00:00,3382.35,rejection_loop,2813.8,EMP-157
CASE-00441,resubmit,2023-10-12 20:44:01.655791+00:00,6375.49,rejection_loop,2813.8,EMP-157
CASE-00441,manager_approval,2023-10-12 22:30:17.148315+00:00,110963.93,rejection_loop,2813.8,EMP-157
CASE-00441,paid,2023-10-14 05:19:41.076935+00:00,2169.57,rejection_loop,2813.8,EMP-157
CASE-00442,submit,2023-11-29 17:08:17.099179+00:00,276.42,rejection_loop,420.58,EMP-126
CASE-00442,manager_rejects,2023-11-29 17:12:53.522776+00:00,4023.2,rejection_loop,420.58,EMP-126
CASE-00442,resubmit,2023-11-29 18:19:56.722177+00:00,4925.87,rejection_loop,420.58,EMP-126
CASE-00442,manager_approval,2023-11-29 19:42:02.595023+00:00,85211.11,rejection_loop,420.58,EMP-126
CASE-00442,paid,2023-11-30 19:22:13.704747+00:00,2400.44,rejection_loop,420.58,EMP-126
CASE-00443,submit,2023-12-22 15:47:09.204268+00:00,376.4,happy_path,2248.73,EMP-147
CASE-00443,manager_approval,2023-12-22 15:53:25.600194+00:00,100996.5,happy_path,2248.73,EMP-147
CASE-00443,finance_approval,2023-12-23 19:56:42.096121+00:00,37055.13,happy_path,2248.73,EMP-147
CASE-00443,paid,2023-12-24 06:14:17.224679+00:00,4375.39,happy_path,2248.73,EMP-147
CASE-00444,submit,2023-10-09 10:47:38.212749+00:00,347.76,escalation,558.08,EMP-106
CASE-00444,manager_approval,2023-10-09 10:53:25.970758+00:00,47917.88,escalation,558.08,EMP-106
CASE-00444,finance_review,2023-10-10 00:12:03.852757+00:00,148273.74,escalation,558.08,EMP-106
CASE-00444,paid,2023-10-11 17:23:17.594096+00:00,4200.2,escalation,558.08,EMP-106
CASE-00445,submit,2023-11-09 05:35:50.622114+00:00,151.11,escalation,4456.05,EMP-144
CASE-00445,manager_approval,2023-11-09 05:38:21.727587+00:00,61329.56,escalation,4456.05,EMP-144
CASE-00445,finance_review,2023-11-09 22:40:31.286580+00:00,79558.34,escalation,4456.05,EMP-144
CASE-00445,paid,2023-11-10 20:46:29.623931+00:00,3403.52,escalation,4456.05,EMP-144
CASE-00446,submit,2024-02-18 03:14:19.850693+00:00,315.17,happy_path,2299.58,EMP-144
CASE-00446,manager_approval,2024-02-18 03:19:35.023612+00:00,58641.36,happy_path,2299.58,EMP-144
CASE-00446,finance_approval,2024-02-18 19:36:56.387751+00:00,36481.73,happy_path,2299.58,EMP-144
CASE-00446,paid,2024-02-19 05:44:58.115985+00:00,2954.66,happy_path,2299.58,EMP-144
CASE-00447,submit,2023-12-03 10:39:45.845899+00:00,349.87,happy_path,3311.61,EMP-001
CASE-00447,manager_approval,2023-12-03 10:45:35.712743+00:00,113244.37,happy_path,3311.61,EMP-001
CASE-00447,finance_approval,2023-12-04 18:13:00.078766+00:00,26895.26,happy_path,3311.61,EMP-001
CASE-00447,paid,2023-12-05 01:41:15.339305+00:00,3314.88,happy_path,3311.61,EMP-001
CASE-00448,submit,2023-12-30 15:15:49.155202+00:00,370.38,rejection_loop,276.6,EMP-043
CASE-00448,manager_rejects,2023-12-30 15:21:59.533527+00:00,4031.13,rejection_loop,276.6,EMP-043
CASE-00448,resubmit,2023-12-30 16:29:10.665324+00:00,4531.85,rejection_loop,276.6,EMP-043
CASE-00448,manager_approval,2023-12-30 17:44:42.510747+00:00,72473.28,rejection_loop,276.6,EMP-043
CASE-00448,paid,2023-12-31 13:52:35.795116+00:00,3972.31,rejection_loop,276.6,EMP-043
CASE-00449,submit,2023-11-10 19:20:47.971946+00:00,317.62,happy_path,647.69,EMP-101
CASE-00449,manager_approval,2023-11-10 19:26:05.587902+00:00,73866.95,happy_path,647.69,EMP-101
CASE-00449,finance_approval,2023-11-11 15:57:12.540985+00:00,36842.55,happy_path,647.69,EMP-101
CASE-00449,paid,2023-11-12 02:11:15.092626+00:00,4888.91,happy_path,647.69,EMP-101
CASE-00450,submit,2024-01-16 23:39:50.350028+00:00,309.11,happy_path,3184.54,EMP-173
CASE-00450,manager_approval,2024-01-16 23:44:59.456444+00:00,62991.39,happy_path,3184.54,EMP-173
CASE-00450,finance_approval,2024-01-17 17:14:50.850522+00:00,33403.66,happy_path,3184.54,EMP-173
CASE-00450,paid,2024-01-18 02:31:34.508710+00:00,1711.17,happy_path,3184.54,EMP-173
CASE-00451,submit,2024-02-12 12:26:39.044229+00:00,239.64,happy_path,2519.2,EMP-136
CASE-00451,manager_approval,2024-02-12 12:30:38.687172+00:00,78849.7,happy_path,2519.2,EMP-136
CASE-00451,finance_approval,2024-02-13 10:24:48.385325+00:00,29123.44,happy_path,2519.2,EMP-136
CASE-00451,paid,2024-02-13 18:30:11.829655+00:00,2557.59,happy_path,2519.2,EMP-136
CASE-00452,submit,2024-01-15 03:21:17.806471+00:00,296.15,rejection_loop,4555.4,EMP-178
CASE-00452,manager_rejects,2024-01-15 03:26:13.961339+00:00,3287.83,rejection_loop,4555.4,EMP-178
CASE-00452,resubmit,2024-01-15 04:21:01.787968+00:00,5346.67,rejection_loop,4555.4,EMP-178
CASE-00452,manager_approval,2024-01-15 05:50:08.457114+00:00,105417.56,rejection_loop,4555.4,EMP-178
CASE-00452,paid,2024-01-16 11:07:06.016399+00:00,4389.3,rejection_loop,4555.4,EMP-178
CASE-00453,submit,2024-02-17 05:27:30.654183+00:00,252.24,happy_path,4898.53,EMP-178
CASE-00453,manager_approval,2024-02-17 05:31:42.891952+00:00,78186.96,happy_path,4898.53,EMP-178
CASE-00453,finance_approval,2024-02-18 03:14:49.851663+00:00,61530.24,happy_path,4898.53,EMP-178
CASE-00453,paid,2024-02-18 20:20:20.096591+00:00,4571.44,happy_path,4898.53,EMP-178
CASE-00454,submit,2024-03-10 13:24:25.975317+00:00,287.85,happy_path,2093.09,EMP-180
CASE-00454,manager_approval,2024-03-10 13:29:13.828361+00:00,44953.28,happy_path,2093.09,EMP-180
CASE-00454,finance_approval,2024-03-11 01:58:27.103761+00:00,42130.63,happy_path,2093.09,EMP-180
CASE-00454,paid,2024-03-11 13:40:37.731014+00:00,2853.74,happy_path,2093.09,EMP-180
CASE-00455,submit,2023-11-08 03:50:27.008324+00:00,284.59,rejection_loop,2790.23,EMP-056
CASE-00455,manager_rejects,2023-11-08 03:55:11.598307+00:00,3246.61,rejection_loop,2790.23,EMP-056
CASE-00455,resubmit,2023-11-08 04:49:18.210079+00:00,6150.87,rejection_loop,2790.23,EMP-056
CASE-00455,manager_approval,2023-11-08 06:31:49.077523+00:00,68213.25,rejection_loop,2790.23,EMP-056
CASE-00455,paid,2023-11-09 01:28:42.330342+00:00,4710.63,rejection_loop,2790.23,EMP-056
CASE-00456,submit,2024-01-01 16:49:10.764001+00:00,281.85,exception,3267.93,EMP-046
CASE-00456,missing_receipt,2024-01-01 16:53:52.618045+00:00,1551.37,exception,3267.93,EMP-046
CASE-00456,hold,2024-01-01 17:19:43.984118+00:00,319461.18,exception,3267.93,EMP-046
CASE-00456,resolved,2024-01-05 10:04:05.161511+00:00,3970.84,exception,3267.93,EMP-046
CASE-00456,paid,2024-01-05 11:10:15.999655+00:00,2438.58,exception,3267.93,EMP-046
CASE-00457,submit,2024-03-11 21:30:04.053429+00:00,309.6,escalation,2116.52,EMP-192
CASE-00457,manager_approval,2024-03-11 21:35:13.652115+00:00,43139.3,escalation,2116.52,EMP-192
CASE-00457,finance_review,2024-03-12 09:34:12.948902+00:00,154085.49,escalation,2116.52,EMP-192
CASE-00457,paid,2024-03-14 04:22:18.440420+00:00,3472.52,escalation,2116.52,EMP-192
CASE-00458,submit,2024-01-31 15:29:52.988183+00:00,304.51,happy_path,1935.31,EMP-014
CASE-00458,manager_approval,2024-01-31 15:34:57.495626+00:00,97538.16,happy_path,1935.31,EMP-014
CASE-00458,finance_approval,2024-02-01 18:40:35.655487+00:00,54602.78,happy_path,1935.31,EMP-014
CASE-00458,paid,2024-02-02 09:50:38.438887+00:00,3992.66,happy_path,1935.31,EMP-014
CASE-00459,submit,2024-02-21 04:25:26.299533+00:00,341.79,happy_path,4204.94,EMP-177
CASE-00459,manager_approval,2024-02-21 04:31:08.089753+00:00,94084.68,happy_path,4204.94,EMP-177
CASE-00459,finance_approval,2024-02-22 06:39:12.768468+00:00,51814.72,happy_path,4204.94,EMP-177
CASE-00459,paid,2024-02-22 21:02:47.490339+00:00,2976.54,happy_path,4204.94,EMP-177
CASE-00460,submit,2024-03-06 16:06:54.777902+00:00,351.1,escalation,3393.85,EMP-144
CASE-00460,manager_approval,2024-03-06 16:12:45.875185+00:00,85078.71,escalation,3393.85,EMP-144
CASE-00460,finance_review,2024-03-07 15:50:44.581764+00:00,117409.53,escalation,3393.85,EMP-144
CASE-00460,paid,2024-03-09 00:27:34.115066+00:00,3722.74,escalation,3393.85,EMP-144
CASE-00461,submit,2023-10-11 10:57:11.113594+00:00,404.77,rejection_loop,1473.81,EMP-171
CASE-00461,manager_rejects,2023-10-11 11:03:55.885379+00:00,3141.74,rejection_loop,1473.81,EMP-171
CASE-00461,resubmit,2023-10-11 11:56:17.623246+00:00,8465.52,rejection_loop,1473.81,EMP-171
CASE-00461,manager_approval,2023-10-11 14:17:23.144544+00:00,94188.62,rejection_loop,1473.81,EMP-171
CASE-00461,paid,2023-10-12 16:27:11.765964+00:00,2270.77,rejection_loop,1473.81,EMP-171
CASE-00462,submit,2023-11-17 05:47:37.228446+00:00,224.03,exception,316.32,EMP-191
CASE-00462,missing_receipt,2023-11-17 05:51:21.263144+00:00,1440.79,exception,316.32,EMP-191
CASE-00462,hold,2023-11-17 06:15:22.051311+00:00,370626.8,exception,316.32,EMP-191
CASE-00462,resolved,2023-11-21 13:12:28.847302+00:00,2777.21,exception,316.32,EMP-191
CASE-00462,paid,2023-11-21 13:58:46.061259+00:00,4793.74,exception,316.32,EMP-191
CASE-00463,submit,2024-02-12 22:06:14.905406+00:00,250.53,escalation,3787.78,EMP-140
CASE-00463,manager_approval,2024-02-12 22:10:25.436997+00:00,97853.6,escalation,3787.78,EMP-140
CASE-00463,finance_review,2024-02-14 01:21:19.034801+00:00,238318.49,escalation,3787.78,EMP-140
CASE-00463,paid,2024-02-16 19:33:17.528571+00:00,3941.47,escalation,3787.78,EMP-140
CASE-00464,submit,2024-02-12 07:32:36.166680+00:00,361.41,exception,418.62,EMP-045
CASE-00464,missing_receipt,2024-02-12 07:38:37.572745+00:00,1863.23,exception,418.62,EMP-045
CASE-00464,hold,2024-02-12 08:09:40.803537+00:00,276162.16,exception,418.62,EMP-045
CASE-00464,resolved,2024-02-15 12:52:22.961957+00:00,3514.5,exception,418.62,EMP-045
CASE-00464,paid,2024-02-15 13:50:57.462986+00:00,4293.29,exception,418.62,EMP-045
CASE-00465,submit,2023-12-01 12:01:52.490520+00:00,291.28,happy_path,4237.77,EMP-002
CASE-00465,manager_approval,2023-12-01 12:06:43.770618+00:00,74272.1,happy_path,4237.77,EMP-002
CASE-00465,finance_approval,2023-12-02 08:44:35.872331+00:00,46814.8,happy_path,4237.77,EMP-002
CASE-00465,paid,2023-12-02 21:44:50.669506+00:00,4253.36,happy_path,4237.77,EMP-002
CASE-00466,submit,2024-03-02 18:21:52.987537+00:00,266.52,happy_path,4665.29,EMP-158
CASE-00466,manager_approval,2024-03-02 18:26:19.504820+00:00,122601.8,happy_path,4665.29,EMP-158
CASE-00466,finance_approval,2024-03-04 04:29:41.302603+00:00,40536.93,happy_path,4665.29,EMP-158
CASE-00466,paid,2024-03-04 15:45:18.233684+00:00,3491.47,happy_path,4665.29,EMP-158
CASE-00467,submit,2024-01-04 17:01:08.980583+00:00,307.98,rejection_loop,2650.71,EMP-048
CASE-00467,manager_rejects,2024-01-04 17:06:16.965489+00:00,3255.59,rejection_loop,2650.71,EMP-048
CASE-00467,resubmit,2024-01-04 18:00:32.554120+00:00,5437.09,rejection_loop,2650.71,EMP-048
CASE-00467,manager_approval,2024-01-04 19:31:09.644200+00:00,80529.7,rejection_loop,2650.71,EMP-048
CASE-00467,paid,2024-01-05 17:53:19.344520+00:00,2508.96,rejection_loop,2650.71,EMP-048
CASE-00468,submit,2023-11-11 07:41:01.084521+00:00,400.91,escalation,1688.78,EMP-076
CASE-00468,manager_approval,2023-11-11 07:47:41.990965+00:00,86843.19,escalation,1688.78,EMP-076
CASE-00468,finance_review,2023-11-12 07:55:05.182007+00:00,119684.23,escalation,1688.78,EMP-076
CASE-00468,paid,2023-11-13 17:09:49.411474+00:00,5276.38,escalation,1688.78,EMP-076
CASE-00469,submit,2023-12-04 06:45:05.386876+00:00,297.63,exception,93.58,EMP-172
CASE-00469,missing_receipt,2023-12-04 06:50:03.020866+00:00,1826.07,exception,93.58,EMP-172
CASE-00469,hold,2023-12-04 07:20:29.092068+00:00,382856.77,exception,93.58,EMP-172
CASE-00469,resolved,2023-12-08 17:41:25.865716+00:00,3991.19,exception,93.58,EMP-172
CASE-00469,paid,2023-12-08 18:47:57.058547+00:00,3270.69,exception,93.58,EMP-172
CASE-00470,submit,2024-03-15 20:49:41.156005+00:00,355.74,happy_path,4434.02,EMP-098
CASE-00470,manager_approval,2024-03-15 20:55:36.900503+00:00,79173.31,happy_path,4434.02,EMP-098
CASE-00470,finance_approval,2024-03-16 18:55:10.212807+00:00,37515.73,happy_path,4434.02,EMP-098
CASE-00470,paid,2024-03-17 05:20:25.940248+00:00,3416.44,happy_path,4434.02,EMP-098
CASE-00471,submit,2024-01-03 13:48:54.533541+00:00,230.8,exception,4119.44,EMP-096
CASE-00471,missing_receipt,2024-01-03 13:52:45.333425+00:00,1780.99,exception,4119.44,EMP-096
CASE-00471,hold,2024-01-03 14:22:26.323276+00:00,223115.0,exception,4119.44,EMP-096
CASE-00471,resolved,2024-01-06 04:21:01.320525+00:00,4434.4,exception,4119.44,EMP-096
CASE-00471,paid,2024-01-06 05:34:55.722726+00:00,3440.47,exception,4119.44,EMP-096
CASE-00472,submit,2024-01-07 20:03:04.571156+00:00,322.49,happy_path,4859.56,EMP-198
CASE-00472,manager_approval,2024-01-07 20:08:27.057165+00:00,94340.46,happy_path,4859.56,EMP-198
CASE-00472,finance_approval,2024-01-08 22:20:47.515008+00:00,43322.0,happy_path,4859.56,EMP-198
CASE-00472,paid,2024-01-09 10:22:49.512283+00:00,2855.55,happy_path,4859.56,EMP-198
CASE-00473,submit,2023-11-09 00:06:13.441255+00:00,209.27,rejection_loop,2149.84,EMP-027
CASE-00473,manager_rejects,2023-11-09 00:09:42.713178+00:00,4185.14,rejection_loop,2149.84,EMP-027
CASE-00473,resubmit,2023-11-09 01:19:27.849599+00:00,3946.59,rejection_loop,2149.84,EMP-027
CASE-00473,manager_approval,2023-11-09 02:25:14.440423+00:00,85149.32,rejection_loop,2149.84,EMP-027
CASE-00473,paid,2023-11-10 02:04:23.764869+00:00,2639.34,rejection_loop,2149.84,EMP-027
CASE-00474,submit,2023-10-30 16:13:11.184889+00:00,247.89,rejection_loop,407.0,EMP-176
CASE-00474,manager_rejects,2023-10-30 16:17:19.073875+00:00,3736.51,rejection_loop,407.0,EMP-176
CASE-00474,resubmit,2023-10-30 17:19:35.579616+00:00,7712.65,rejection_loop,407.0,EMP-176
CASE-00474,manager_approval,2023-10-30 19:28:08.228895+00:00,90170.93,rejection_loop,407.0,EMP-176
CASE-00474,paid,2023-10-31 20:30:59.162674+00:00,3915.44,rejection_loop,407.0,EMP-176
CASE-00475,submit,2023-12-15 08:58:24.971167+00:00,226.26,escalation,1176.85,EMP-067
CASE-00475,manager_approval,2023-12-15 09:02:11.231473+00:00,65437.76,escalation,1176.85,EMP-067
CASE-00475,finance_review,2023-12-16 03:12:48.989042+00:00,186095.01,escalation,1176.85,EMP-067
CASE-00475,paid,2023-12-18 06:54:23.999951+00:00,3237.68,escalation,1176.85,EMP-067
CASE-00476,submit,2024-01-22 07:16:09.229778+00:00,354.49,happy_path,79.2,EMP-185
CASE-00476,manager_approval,2024-01-22 07:22:03.723858+00:00,87473.52,happy_path,79.2,EMP-185
CASE-00476,finance_approval,2024-01-23 07:39:57.245271+00:00,33649.71,happy_path,79.2,EMP-185
CASE-00476,paid,2024-01-23 17:00:46.951417+00:00,3493.87,happy_path,79.2,EMP-185
CASE-00477,submit,2023-11-26 05:50:06.239507+00:00,277.81,exception,575.37,EMP-176
CASE-00477,missing_receipt,2023-11-26 05:54:44.046580+00:00,2237.16,exception,575.37,EMP-176
CASE-00477,hold,2023-11-26 06:32:01.204755+00:00,335274.24,exception,575.37,EMP-176
CASE-00477,resolved,2023-11-30 03:39:55.447843+00:00,3043.92,exception,575.37,EMP-176
CASE-00477,paid,2023-11-30 04:30:39.363215+00:00,3944.43,exception,575.37,EMP-176
CASE-00478,submit,2023-11-11 13:49:11.762362+00:00,297.82,escalation,2396.24,EMP-137
CASE-00478,manager_approval,2023-11-11 13:54:09.577916+00:00,47848.31,escalation,2396.24,EMP-137
CASE-00478,finance_review,2023-11-12 03:11:37.888039+00:00,193932.48,escalation,2396.24,EMP-137
CASE-00478,paid,2023-11-14 09:03:50.369509+00:00,2989.75,escalation,2396.24,EMP-137
CASE-00479,submit,2024-01-27 15:06:12.345863+00:00,308.67,escalation,1525.38,EMP-187
CASE-00479,manager_approval,2024-01-27 15:11:21.010914+00:00,85544.34,escalation,1525.38,EMP-187
CASE-00479,finance_review,2024-01-28 14:57:05.351634+00:00,189641.09,escalation,1525.38,EMP-187
CASE-00479,paid,2024-01-30 19:37:46.441692+00:00,3248.11,escalation,1525.38,EMP-187
CASE-00480,submit,2024-01-07 16:29:48.659119+00:00,348.34,happy_path,2884.96,EMP-101
CASE-00480,manager_approval,2024-01-07 16:35:36.998328+00:00,80378.26,happy_path,2884.96,EMP-101
CASE-00480,finance_approval,2024-01-08 14:55:15.254392+00:00,43033.34,happy_path,2884.96,EMP-101
CASE-00480,paid,2024-01-09 02:52:28.596570+00:00,1653.66,happy_path,2884.96,EMP-101
CASE-00481,submit,2024-03-04 06:18:08.056064+00:00,323.93,happy_path,2092.64,EMP-166
CASE-00481,manager_approval,2024-03-04 06:23:31.987599+00:00,97147.5,happy_path,2092.64,EMP-166
CASE-00481,finance_approval,2024-03-05 09:22:39.492576+00:00,39120.68,happy_path,2092.64,EMP-166
CASE-00481,paid,2024-03-05 20:14:40.176533+00:00,3139.6,happy_path,2092.64,EMP-166
CASE-00482,submit,2024-03-04 09:43:29.539040+00:00,382.84,happy_path,3371.34,EMP-146
CASE-00482,manager_approval,2024-03-04 09:49:52.376026+00:00,46098.19,happy_path,3371.34,EMP-146
CASE-00482,finance_approval,2024-03-04 22:38:10.564246+00:00,51202.97,happy_path,3371.34,EMP-146
CASE-00482,paid,2024-03-05 12:51:33.534841+00:00,3564.24,happy_path,3371.34,EMP-146
CASE-00483,submit,2023-11-17 02:58:13.785602+00:00,325.66,escalation,1488.73,EMP-018
CASE-00483,manager_approval,2023-11-17 03:03:39.445010+00:00,113334.68,escalation,1488.73,EMP-018
CASE-00483,finance_review,2023-11-18 10:32:34.127560+00:00,211541.24,escalation,1488.73,EMP-018
CASE-00483,paid,2023-11-20 21:18:15.363959+00:00,3346.36,escalation,1488.73,EMP-018
CASE-00484,submit,2024-01-22 12:18:29.366304+00:00,342.47,escalation,1210.94,EMP-073
CASE-00484,manager_approval,2024-01-22 12:24:11.840431+00:00,75308.06,escalation,1210.94,EMP-073
CASE-00484,finance_review,2024-01-23 09:19:19.905310+00:00,115854.72,escalation,1210.94,EMP-073
CASE-00484,paid,2024-01-24 17:30:14.627261+00:00,3980.16,escalation,1210.94,EMP-073
CASE-00485,submit,2024-01-13 00:50:36.159502+00:00,353.71,happy_path,2941.64,EMP-145
CASE-00485,manager_approval,2024-01-13 00:56:29.872648+00:00,35420.43,happy_path,2941.64,EMP-145
CASE-00485,finance_approval,2024-01-13 10:46:50.303065+00:00,46253.5,happy_path,2941.64,EMP-145
CASE-00485,paid,2024-01-13 23:37:43.802328+00:00,4280.44,happy_path,2941.64,EMP-145
CASE-00486,submit,2023-12-20 12:03:21.475827+00:00,317.29,rejection_loop,3575.39,EMP-165
CASE-00486,manager_rejects,2023-12-20 12:08:38.761317+00:00,3328.04,rejection_loop,3575.39,EMP-165
CASE-00486,resubmit,2023-12-20 13:04:06.801455+00:00,6805.83,rejection_loop,3575.39,EMP-165
CASE-00486,manager_approval,2023-12-20 14:57:32.633975+00:00,42356.95,rejection_loop,3575.39,EMP-165
CASE-00486,paid,2023-12-21 02:43:29.579257+00:00,2774.6,rejection_loop,3575.39,EMP-165
CASE-00487,submit,2024-01-27 04:46:58.546682+00:00,313.08,happy_path,2780.78,EMP-045
CASE-00487,manager_approval,2024-01-27 04:52:11.630121+00:00,101656.53,happy_path,2780.78,EMP-045
CASE-00487,finance_approval,2024-01-28 09:06:28.158590+00:00,46078.48,happy_path,2780.78,EMP-045
CASE-00487,paid,2024-01-28 21:54:26.635299+00:00,4476.08,happy_path,2780.78,EMP-045
CASE-00488,submit,2023-10-16 18:19:02.911322+00:00,187.9,happy_path,3681.05,EMP-161
CASE-00488,manager_approval,2023-10-16 18:22:10.810370+00:00,90127.69,happy_path,3681.05,EMP-161
CASE-00488,finance_approval,2023-10-17 19:24:18.504926+00:00,43837.06,happy_path,3681.05,EMP-161
CASE-00488,paid,2023-10-18 07:34:55.561630+00:00,3373.65,happy_path,3681.05,EMP-161
CASE-00489,submit,2023-11-10 07:07:34.191414+00:00,299.32,escalation,2055.42,EMP-152
CASE-00489,manager_approval,2023-11-10 07:12:33.510347+00:00,102742.02,escalation,2055.42,EMP-152
CASE-00489,finance_review,2023-11-11 11:44:55.526626+00:00,180463.73,escalation,2055.42,EMP-152
CASE-00489,paid,2023-11-13 13:52:39.253291+00:00,4481.44,escalation,2055.42,EMP-152
CASE-00490,submit,2023-11-12 04:41:04.983854+00:00,253.82,escalation,785.73,EMP-101
CASE-00490,manager_approval,2023-11-12 04:45:18.800298+00:00,91270.0,escalation,785.73,EMP-101
CASE-00490,finance_review,2023-11-13 06:06:28.800873+00:00,103250.96,escalation,785.73,EMP-101
CASE-00490,paid,2023-11-14 10:47:19.759413+00:00,3343.66,escalation,785.73,EMP-101
CASE-00491,submit,2023-10-04 21:45:21.858039+00:00,364.86,escalation,2014.09,EMP-129
CASE-00491,manager_approval,2023-10-04 21:51:26.722932+00:00,90287.9,escalation,2014.09,EMP-129
CASE-00491,finance_review,2023-10-05 22:56:14.622710+00:00,283918.0,escalation,2014.09,EMP-129
CASE-00491,paid,2023-10-09 05:48:12.624933+00:00,4957.54,escalation,2014.09,EMP-129
CASE-00492,submit,2023-11-04 05:54:25.900147+00:00,289.64,rejection_loop,744.83,EMP-041
CASE-00492,manager_rejects,2023-11-04 05:59:15.536087+00:00,4435.29,rejection_loop,744.83,EMP-041
CASE-00492,resubmit,2023-11-04 07:13:10.830933+00:00,6363.31,rejection_loop,744.83,EMP-041
CASE-00492,manager_approval,2023-11-04 08:59:14.136701+00:00,120926.61,rejection_loop,744.83,EMP-041
CASE-00492,paid,2023-11-05 18:34:40.741736+00:00,3304.3,rejection_loop,744.83,EMP-041
CASE-00493,submit,2024-02-17 01:33:38.420075+00:00,305.38,happy_path,1826.04,EMP-057
CASE-00493,manager_approval,2024-02-17 01:38:43.799497+00:00,103214.49,happy_path,1826.04,EMP-057
CASE-00493,finance_approval,2024-02-18 06:18:58.294400+00:00,44272.68,happy_path,1826.04,EMP-057
CASE-00493,paid,2024-02-18 18:36:50.975515+00:00,4930.84,happy_path,1826.04,EMP-057
CASE-00494,submit,2023-12-26 12:59:33.609567+00:00,282.24,escalation,3967.73,EMP-100
CASE-00494,manager_approval,2023-12-26 13:04:15.852839+00:00,88272.71,escalation,3967.73,EMP-100
CASE-00494,finance_review,2023-12-27 13:35:28.562772+00:00,210750.69,escalation,3967.73,EMP-100
CASE-00494,paid,2023-12-30 00:07:59.248264+00:00,3503.09,escalation,3967.73,EMP-100
CASE-00495,submit,2024-03-01 06:38:53.484213+00:00,293.71,rejection_loop,2630.8,EMP-071
CASE-00495,manager_rejects,2024-03-01 06:43:47.197335+00:00,4349.66,rejection_loop,2630.8,EMP-071
CASE-00495,resubmit,2024-03-01 07:56:16.856882+00:00,8406.9,rejection_loop,2630.8,EMP-071
CASE-00495,manager_approval,2024-03-01 10:16:23.753324+00:00,114323.29,rejection_loop,2630.8,EMP-071
CASE-00495,paid,2024-03-02 18:01:47.044081+00:00,2731.82,rejection_loop,2630.8,EMP-071
CASE-00496,submit,2024-03-26 01:57:07.733068+00:00,365.4,rejection_loop,2607.48,EMP-097
CASE-00496,manager_rejects,2024-03-26 02:03:13.137424+00:00,3703.75,rejection_loop,2607.48,EMP-097
CASE-00496,resubmit,2024-03-26 03:04:56.886203+00:00,9010.16,rejection_loop,2607.48,EMP-097
CASE-00496,manager_approval,2024-03-26 05:35:07.046621+00:00,94547.35,rejection_loop,2607.48,EMP-097
CASE-00496,paid,2024-03-27 07:50:54.398735+00:00,2844.82,rejection_loop,2607.48,EMP-097
CASE-00497,submit,2024-01-01 07:56:08.782489+00:00,323.19,rejection_loop,4441.5,EMP-002
CASE-00497,manager_rejects,2024-01-01 08:01:31.976392+00:00,3876.69,rejection_loop,4441.5,EMP-002
CASE-00497,resubmit,2024-01-01 09:06:08.670846+00:00,9487.82,rejection_loop,4441.5,EMP-002
CASE-00497,manager_approval,2024-01-01 11:44:16.492122+00:00,100845.25,rejection_loop,4441.5,EMP-002
CASE-00497,paid,2024-01-02 15:45:01.741697+00:00,3738.63,rejection_loop,4441.5,EMP-002
CASE-00498,submit,2024-01-29 23:59:37.166545+00:00,337.47,happy_path,3600.65,EMP-031
CASE-00498,manager_approval,2024-01-30 00:05:14.640876+00:00,69777.84,happy_path,3600.65,EMP-031
CASE-00498,finance_approval,2024-01-30 19:28:12.477295+00:00,46494.95,happy_path,3600.65,EMP-031
CASE-00498,paid,2024-01-31 08:23:07.429522+00:00,4621.75,happy_path,3600.65,EMP-031
CASE-00499,submit,2024-03-01 00:08:12.423939+00:00,358.8,happy_path,2974.41,EMP-166
CASE-00499,manager_approval,2024-03-01 00:14:11.224582+00:00,92751.38,happy_path,2974.41,EMP-166
CASE-00499,finance_approval,2024-03-02 02:00:02.601953+00:00,43500.58,happy_path,2974.41,EMP-166
CASE-00499,paid,2024-03-02 14:05:03.181252+00:00,3122.36,happy_path,2974.41,EMP-166
CASE-00500,submit,2023-10-29 10:27:26.036523+00:00,284.15,escalation,243.99,EMP-147
CASE-00500,manager_approval,2023-10-29 10:32:10.191418+00:00,110908.7,escalation,243.99,EMP-147
CASE-00500,finance_review,2023-10-30 17:20:38.893647+00:00,257301.3,escalation,243.99,EMP-147
CASE-00500,paid,2023-11-02 16:49:00.190705+00:00,2687.22,escalation,243.99,EMP-147
CASE-00501,submit,2024-02-11 00:50:56.553843+00:00,293.61,exception,3206.23,EMP-185
CASE-00501,missing_receipt,2024-02-11 00:55:50.168101+00:00,2115.24,exception,3206.23,EMP-185
CASE-00501,hold,2024-02-11 01:31:05.407161+00:00,70294.83,exception,3206.23,EMP-185
CASE-00501,resolved,2024-02-11 21:02:40.236053+00:00,3770.75,exception,3206.23,EMP-185
CASE-00501,paid,2024-02-11 22:05:30.987642+00:00,4802.26,exception,3206.23,EMP-185
CASE-00502,submit,2024-02-29 11:10:14.313801+00:00,213.97,happy_path,2434.26,EMP-057
CASE-00502,manager_approval,2024-02-29 11:13:48.278821+00:00,63646.76,happy_path,2434.26,EMP-057
CASE-00502,finance_approval,2024-03-01 04:54:35.035263+00:00,45154.25,happy_path,2434.26,EMP-057
CASE-00502,paid,2024-03-01 17:27:09.282537+00:00,3084.69,happy_path,2434.26,EMP-057
CASE-00503,submit,2024-02-03 09:45:13.779482+00:00,371.41,escalation,1359.38,EMP-186
CASE-00503,manager_approval,2024-02-03 09:51:25.188187+00:00,72758.14,escalation,1359.38,EMP-186
CASE-00503,finance_review,2024-02-04 06:04:03.327967+00:00,211034.36,escalation,1359.38,EMP-186
CASE-00503,paid,2024-02-06 16:41:17.684470+00:00,3967.78,escalation,1359.38,EMP-186
CASE-00504,submit,2024-03-05 17:26:09.994149+00:00,237.42,happy_path,131.99,EMP-134
CASE-00504,manager_approval,2024-03-05 17:30:07.411792+00:00,85782.72,happy_path,131.99,EMP-134
CASE-00504,finance_approval,2024-03-06 17:19:50.131803+00:00,45111.7,happy_path,131.99,EMP-134
CASE-00504,paid,2024-03-07 05:51:41.834797+00:00,3927.0,happy_path,131.99,EMP-134
CASE-00505,submit,2024-03-08 23:53:29.022179+00:00,201.7,happy_path,3093.0,EMP-010
CASE-00505,manager_approval,2024-03-08 23:56:50.719550+00:00,79319.1,happy_path,3093.0,EMP-010
CASE-00505,finance_approval,2024-03-09 21:58:49.815065+00:00,52006.92,happy_path,3093.0,EMP-010
CASE-00505,paid,2024-03-10 12:25:36.733120+00:00,4329.98,happy_path,3093.0,EMP-010
CASE-00506,submit,2024-03-12 10:54:21.154685+00:00,313.52,exception,2719.47,EMP-001
CASE-00506,missing_receipt,2024-03-12 10:59:34.671184+00:00,1371.04,exception,2719.47,EMP-001
CASE-00506,hold,2024-03-12 11:22:25.712078+00:00,176886.96,exception,2719.47,EMP-001
CASE-00506,resolved,2024-03-14 12:30:32.673792+00:00,3520.32,exception,2719.47,EMP-001
CASE-00506,paid,2024-03-14 13:29:12.989876+00:00,4664.74,exception,2719.47,EMP-001
CASE-00507,submit,2023-12-10 14:56:29.988888+00:00,319.87,happy_path,4021.39,EMP-197
CASE-00507,manager_approval,2023-12-10 15:01:49.858123+00:00,56292.27,happy_path,4021.39,EMP-197
CASE-00507,finance_approval,2023-12-11 06:40:02.125279+00:00,36914.9,happy_path,4021.39,EMP-197
CASE-00507,paid,2023-12-11 16:55:17.025115+00:00,3700.71,happy_path,4021.39,EMP-197
CASE-00508,submit,2024-02-17 20:30:37.462855+00:00,207.56,happy_path,712.72,EMP-123
CASE-00508,manager_approval,2024-02-17 20:34:05.024005+00:00,94033.62,happy_path,712.72,EMP-123
CASE-00508,finance_approval,2024-02-18 22:41:18.641081+00:00,41587.1,happy_path,712.72,EMP-123
CASE-00508,paid,2024-02-19 10:14:25.741135+00:00,2680.81,happy_path,712.72,EMP-123
CASE-00509,submit,2024-02-22 02:18:18.444809+00:00,256.47,happy_path,77.07,EMP-191
CASE-00509,manager_approval,2024-02-22 02:22:34.919431+00:00,76856.79,happy_path,77.07,EMP-191
CASE-00509,finance_approval,2024-02-22 23:43:31.712192+00:00,41503.22,happy_path,77.07,EMP-191
CASE-00509,paid,2024-02-23 11:15:14.936235+00:00,4910.87,happy_path,77.07,EMP-191
CASE-00510,submit,2023-10-22 04:26:22.182222+00:00,303.95,escalation,1613.71,EMP-093
CASE-00510,manager_approval,2023-10-22 04:31:26.135135+00:00,60775.25,escalation,1613.71,EMP-093
CASE-00510,finance_review,2023-10-22 21:24:21.388608+00:00,198479.75,escalation,1613.71,EMP-093
CASE-00510,paid,2023-10-25 04:32:21.142816+00:00,3520.85,escalation,1613.71,EMP-093
CASE-00511,submit,2023-12-13 13:00:06.912736+00:00,374.18,escalation,3078.81,EMP-175
CASE-00511,manager_approval,2023-12-13 13:06:21.091246+00:00,94253.35,escalation,3078.81,EMP-175
CASE-00511,finance_review,2023-12-14 15:17:14.445233+00:00,225252.01,escalation,3078.81,EMP-175
CASE-00511,paid,2023-12-17 05:51:26.457361+00:00,3071.77,escalation,3078.81,EMP-175
CASE-00512,submit,2024-01-14 23:27:10.732860+00:00,286.68,escalation,2444.61,EMP-079
CASE-00512,manager_approval,2024-01-14 23:31:57.410239+00:00,89696.1,escalation,2444.61,EMP-079
CASE-00512,finance_review,2024-01-16 00:26:53.509456+00:00,129770.09,escalation,2444.61,EMP-079
CASE-00512,paid,2024-01-17 12:29:43.601262+00:00,4762.32,escalation,2444.61,EMP-079
CASE-00513,submit,2024-03-21 20:44:21.014708+00:00,391.39,happy_path,1187.37,EMP-180
CASE-00513,manager_approval,2024-03-21 20:50:52.400514+00:00,107196.71,happy_path,1187.37,EMP-180
CASE-00513,finance_approval,2024-03-23 02:37:29.106373+00:00,48255.13,happy_path,1187.37,EMP-180
CASE-00513,paid,2024-03-23 16:01:44.235318+00:00,3963.42,happy_path,1187.37,EMP-180
CASE-00514,submit,2023-10-31 22:23:17.518040+00:00,194.97,escalation,3438.59,EMP-014
CASE-00514,manager_approval,2023-10-31 22:26:32.485812+00:00,88569.94,escalation,3438.59,EMP-014
CASE-00514,finance_review,2023-11-01 23:02:42.423536+00:00,171817.61,escalation,3438.59,EMP-014
CASE-00514,paid,2023-11-03 22:46:20.034987+00:00,4024.01,escalation,3438.59,EMP-014
CASE-00515,submit,2023-11-19 08:33:26.752343+00:00,318.21,exception,2205.12,EMP-017
CASE-00515,missing_receipt,2023-11-19 08:38:44.963548+00:00,1516.98,exception,2205.12,EMP-017
CASE-00515,hold,2023-11-19 09:04:01.945253+00:00,345090.91,exception,2205.12,EMP-017
CASE-00515,resolved,2023-11-23 08:55:32.855423+00:00,3378.79,exception,2205.12,EMP-017
CASE-00515,paid,2023-11-23 09:51:51.648985+00:00,1547.24,exception,2205.12,EMP-017
CASE-00516,submit,2024-02-08 02:08:13.894738+00:00,181.49,happy_path,3298.07,EMP-074
CASE-00516,manager_approval,2024-02-08 02:11:15.383134+00:00,56426.1,happy_path,3298.07,EMP-074
CASE-00516,finance_approval,2024-02-08 17:51:41.483263+00:00,47597.23,happy_path,3298.07,EMP-074
CASE-00516,paid,2024-02-09 07:04:58.714421+00:00,2436.27,happy_path,3298.07,EMP-074
CASE-00517,submit,2024-03-18 12:52:35.684161+00:00,260.77,happy_path,1048.45,EMP-169
CASE-00517,manager_approval,2024-03-18 12:56:56.450176+00:00,84781.96,happy_path,1048.45,EMP-169
CASE-00517,finance_approval,2024-03-19 12:29:58.410950+00:00,45022.55,happy_path,1048.45,EMP-169
CASE-00517,paid,2024-03-20 01:00:20.959294+00:00,2548.55,happy_path,1048.45,EMP-169
CASE-00518,submit,2023-10-09 11:47:02.742661+00:00,300.1,escalation,3095.19,EMP-173
CASE-00518,manager_approval,2023-10-09 11:52:02.839675+00:00,86916.6,escalation,3095.19,EMP-173
CASE-00518,finance_review,2023-10-10 12:00:39.441904+00:00,253273.25,escalation,3095.19,EMP-173
CASE-00518,paid,2023-10-13 10:21:52.693736+00:00,6150.34,escalation,3095.19,EMP-173
CASE-00519,submit,2023-12-14 23:32:53.436459+00:00,303.24,rejection_loop,1797.98,EMP-102
CASE-00519,manager_rejects,2023-12-14 23:37:56.679857+00:00,3700.49,rejection_loop,1797.98,EMP-102
CASE-00519,resubmit,2023-12-15 00:39:37.167772+00:00,6040.08,rejection_loop,1797.98,EMP-102
CASE-00519,manager_approval,2023-12-15 02:20:17.247051+00:00,39993.94,rejection_loop,1797.98,EMP-102
CASE-00519,paid,2023-12-15 13:26:51.186796+00:00,2221.27,rejection_loop,1797.98,EMP-102
CASE-00520,submit,2024-03-24 09:24:09.767098+00:00,270.39,escalation,2935.52,EMP-089
CASE-00520,manager_approval,2024-03-24 09:28:40.161767+00:00,81510.13,escalation,2935.52,EMP-089
CASE-00520,finance_review,2024-03-25 08:07:10.289578+00:00,230974.3,escalation,2935.52,EMP-089
CASE-00520,paid,2024-03-28 00:16:44.588397+00:00,4308.35,escalation,2935.52,EMP-089
CASE-00521,submit,2024-01-02 02:56:54.872966+00:00,429.95,escalation,1342.48,EMP-105
CASE-00521,manager_approval,2024-01-02 03:04:04.823843+00:00,62565.63,escalation,1342.48,EMP-105
CASE-00521,finance_review,2024-01-02 20:26:50.450127+00:00,154399.42,escalation,1342.48,EMP-105
CASE-00521,paid,2024-01-04 15:20:09.865908+00:00,3359.5,escalation,1342.48,EMP-105
CASE-00522,submit,2024-02-26 08:47:47.581078+00:00,325.28,escalation,1325.58,EMP-138
CASE-00522,manager_approval,2024-02-26 08:53:12.857577+00:00,56764.03,escalation,1325.58,EMP-138
CASE-00522,finance_review,2024-02-27 00:39:16.890734+00:00,142649.21,escalation,1325.58,EMP-138
CASE-00522,paid,2024-02-28 16:16:46.096849+00:00,4732.07,escalation,1325.58,EMP-138
CASE-00523,submit,2023-12-24 14:13:30.773004+00:00,283.65,rejection_loop,3799.49,EMP-199
CASE-00523,manager_rejects,2023-12-24 14:18:14.427879+00:00,2826.43,rejection_loop,3799.49,EMP-199
CASE-00523,resubmit,2023-12-24 15:05:20.854114+00:00,7784.68,rejection_loop,3799.49,EMP-199
CASE-00523,manager_approval,2023-12-24 17:15:05.529318+00:00,96981.24,rejection_loop,3799.49,EMP-199
CASE-00523,paid,2023-12-25 20:11:26.766113+00:00,3676.52,rejection_loop,3799.49,EMP-199
CASE-00524,submit,2024-02-01 20:15:50.603764+00:00,306.57,happy_path,3186.63,EMP-057
CASE-00524,manager_approval,2024-02-01 20:20:57.177158+00:00,105066.26,happy_path,3186.63,EMP-057
CASE-00524,finance_approval,2024-02-03 01:32:03.436667+00:00,51542.27,happy_path,3186.63,EMP-057
CASE-00524,paid,2024-02-03 15:51:05.710145+00:00,3300.21,happy_path,3186.63,EMP-057
CASE-00525,submit,2023-11-23 17:05:27.593041+00:00,219.71,happy_path,4169.28,EMP-064
CASE-00525,manager_approval,2023-11-23 17:09:07.303730+00:00,107698.28,happy_path,4169.28,EMP-064
CASE-00525,finance_approval,2023-11-24 23:04:05.581753+00:00,38197.23,happy_path,4169.28,EMP-064
CASE-00525,paid,2023-11-25 09:40:42.811643+00:00,4558.64,happy_path,4169.28,EMP-064
CASE-00526,submit,2024-03-11 23:26:46.364637+00:00,282.6,happy_path,1603.67,EMP-056
CASE-00526,manager_approval,2024-03-11 23:31:28.969044+00:00,138398.75,happy_path,1603.67,EMP-056
CASE-00526,finance_approval,2024-03-13 13:58:07.716569+00:00,36753.94,happy_path,1603.67,EMP-056
CASE-00526,paid,2024-03-14 00:10:41.660199+00:00,1797.13,happy_path,1603.67,EMP-056
CASE-00527,submit,2023-11-15 13:41:02.965525+00:00,295.82,happy_path,1038.35,EMP-189
CASE-00527,manager_approval,2023-11-15 13:45:58.781376+00:00,101913.09,happy_path,1038.35,EMP-189
CASE-00527,finance_approval,2023-11-16 18:04:31.869854+00:00,50168.78,happy_path,1038.35,EMP-189
CASE-00527,paid,2023-11-17 08:00:40.653434+00:00,2125.8,happy_path,1038.35,EMP-189
CASE-00528,submit,2024-03-16 15:12:45.790497+00:00,260.2,happy_path,3905.75,EMP-031
CASE-00528,manager_approval,2024-03-16 15:17:05.994777+00:00,57924.46,happy_path,3905.75,EMP-031
CASE-00528,finance_approval,2024-03-17 07:22:30.455091+00:00,33959.36,happy_path,3905.75,EMP-031
CASE-00528,paid,2024-03-17 16:48:29.818386+00:00,2596.69,happy_path,3905.75,EMP-031
CASE-00529,submit,2023-12-08 19:34:08.518287+00:00,248.76,escalation,259.2,EMP-124
CASE-00529,manager_approval,2023-12-08 19:38:17.281328+00:00,128720.09,escalation,259.2,EMP-124
CASE-00529,finance_review,2023-12-10 07:23:37.372495+00:00,214208.25,escalation,259.2,EMP-124
CASE-00529,paid,2023-12-12 18:53:45.621362+00:00,2799.91,escalation,259.2,EMP-124
CASE-00530,submit,2024-03-15 21:08:58.215068+00:00,291.96,happy_path,955.22,EMP-196
CASE-00530,manager_approval,2024-03-15 21:13:50.176955+00:00,101432.55,happy_path,955.22,EMP-196
CASE-00530,finance_approval,2024-03-17 01:24:22.729026+00:00,41070.92,happy_path,955.22,EMP-196
CASE-00530,paid,2024-03-17 12:48:53.652917+00:00,3460.87,happy_path,955.22,EMP-196
CASE-00531,submit,2023-10-08 20:40:14.286662+00:00,231.67,rejection_loop,2417.68,EMP-139
CASE-00531,manager_rejects,2023-10-08 20:44:05.952539+00:00,4575.04,rejection_loop,2417.68,EMP-139
CASE-00531,resubmit,2023-10-08 22:00:20.994477+00:00,7522.43,rejection_loop,2417.68,EMP-139
CASE-00531,manager_approval,2023-10-09 00:05:43.426044+00:00,62837.9,rejection_loop,2417.68,EMP-139
CASE-00531,paid,2023-10-09 17:33:01.330440+00:00,4391.14,rejection_loop,2417.68,EMP-139
CASE-00532,submit,2023-11-09 22:27:01.102429+00:00,349.76,happy_path,91.67,EMP-173
CASE-00532,manager_approval,2023-11-09 22:32:50.861109+00:00,69663.0,happy_path,91.67,EMP-173
CASE-00532,finance_approval,2023-11-10 17:53:53.858895+00:00,40086.73,happy_path,91.67,EMP-173
CASE-00532,paid,2023-11-11 05:02:00.592401+00:00,3070.07,happy_path,91.67,EMP-173
CASE-00533,submit,2024-03-23 12:50:09.058943+00:00,269.72,escalation,1223.84,EMP-121
CASE-00533,manager_approval,2024-03-23 12:54:38.778314+00:00,78796.28,escalation,1223.84,EMP-121
CASE-00533,finance_review,2024-03-24 10:47:55.056234+00:00,195763.12,escalation,1223.84,EMP-121
CASE-00533,paid,2024-03-26 17:10:38.172981+00:00,2767.04,escalation,1223.84,EMP-121
CASE-00534,submit,2023-11-22 07:59:58.479808+00:00,328.76,rejection_loop,1857.14,EMP-103
CASE-00534,manager_rejects,2023-11-22 08:05:27.240147+00:00,3735.66,rejection_loop,1857.14,EMP-103
CASE-00534,resubmit,2023-11-22 09:07:42.897222+00:00,8063.3,rejection_loop,1857.14,EMP-103
CASE-00534,manager_approval,2023-11-22 11:22:06.194972+00:00,72574.76,rejection_loop,1857.14,EMP-103
CASE-00534,paid,2023-11-23 07:31:40.952348+00:00,3302.41,rejection_loop,1857.14,EMP-103
CASE-00535,submit,2024-01-10 23:04:08.417487+00:00,324.55,happy_path,1386.25,EMP-061
CASE-00535,manager_approval,2024-01-10 23:09:32.969544+00:00,75196.62,happy_path,1386.25,EMP-061
CASE-00535,finance_approval,2024-01-11 20:02:49.587525+00:00,46847.01,happy_path,1386.25,EMP-061
CASE-00535,paid,2024-01-12 09:03:36.595287+00:00,2198.08,happy_path,1386.25,EMP-061
CASE-00536,submit,2023-12-31 22:15:45.391692+00:00,416.7,happy_path,98.22,EMP-108
CASE-00536,manager_approval,2023-12-31 22:22:42.094060+00:00,85228.12,happy_path,98.22,EMP-108
CASE-00536,finance_approval,2024-01-01 22:03:10.210644+00:00,31768.24,happy_path,98.22,EMP-108
CASE-00536,paid,2024-01-02 06:52:38.452541+00:00,3446.72,happy_path,98.22,EMP-108
CASE-00537,submit,2024-03-05 12:43:42.831051+00:00,326.17,rejection_loop,1535.17,EMP-144
CASE-00537,manager_rejects,2024-03-05 12:49:09.002863+00:00,3680.89,rejection_loop,1535.17,EMP-144
CASE-00537,resubmit,2024-03-05 13:50:29.894782+00:00,7849.54,rejection_loop,1535.17,EMP-144
CASE-00537,manager_approval,2024-03-05 16:01:19.436136+00:00,99271.8,rejection_loop,1535.17,EMP-144
CASE-00537,paid,2024-03-06 19:35:51.239135+00:00,3553.65,rejection_loop,1535.17,EMP-144
CASE-00538,submit,2023-12-06 23:21:21.351449+00:00,414.63,happy_path,3735.74,EMP-067
CASE-00538,manager_approval,2023-12-06 23:28:15.976542+00:00,39893.03,happy_path,3735.74,EMP-067
CASE-00538,finance_approval,2023-12-07 10:33:09.005558+00:00,37022.72,happy_path,3735.74,EMP-067
CASE-00538,paid,2023-12-07 20:50:11.727538+00:00,3591.27,happy_path,3735.74,EMP-067
CASE-00539,submit,2023-11-07 19:29:56.536625+00:00,312.0,happy_path,4343.47,EMP-156
CASE-00539,manager_approval,2023-11-07 19:35:08.532921+00:00,58625.79,happy_path,4343.47,EMP-156
CASE-00539,finance_approval,2023-11-08 11:52:14.326794+00:00,38417.05,happy_path,4343.47,EMP-156
CASE-00539,paid,2023-11-08 22:32:31.377510+00:00,4315.4,happy_path,4343.47,EMP-156
CASE-00540,submit,2024-02-19 10:53:44.397552+00:00,392.94,happy_path,3382.3,EMP-125
CASE-00540,manager_approval,2024-02-19 11:00:17.334080+00:00,78152.02,happy_path,3382.3,EMP-125
CASE-00540,finance_approval,2024-02-20 08:42:49.358784+00:00,44152.32,happy_path,3382.3,EMP-125
CASE-00540,paid,2024-02-20 20:58:41.675143+00:00,2840.78,happy_path,3382.3,EMP-125
CASE-00541,submit,2024-02-25 09:20:17.022820+00:00,256.13,exception,4347.88,EMP-164
CASE-00541,missing_receipt,2024-02-25 09:24:33.149467+00:00,1578.83,exception,4347.88,EMP-164
CASE-00541,hold,2024-02-25 09:50:51.980816+00:00,363307.28,exception,4347.88,EMP-164
CASE-00541,resolved,2024-02-29 14:45:59.260871+00:00,2549.71,exception,4347.88,EMP-164
CASE-00541,paid,2024-02-29 15:28:28.966660+00:00,2838.76,exception,4347.88,EMP-164
CASE-00542,submit,2023-11-28 10:14:33.049832+00:00,245.93,happy_path,851.9,EMP-059
CASE-00542,manager_approval,2023-11-28 10:18:38.981922+00:00,58514.23,happy_path,851.9,EMP-059
CASE-00542,finance_approval,2023-11-29 02:33:53.206931+00:00,37502.98,happy_path,851.9,EMP-059
CASE-00542,paid,2023-11-29 12:58:56.188587+00:00,3044.85,happy_path,851.9,EMP-059
CASE-00543,submit,2024-02-14 14:54:30.792304+00:00,234.93,rejection_loop,3915.82,EMP-093
CASE-00543,manager_rejects,2024-02-14 14:58:25.722434+00:00,3513.91,rejection_loop,3915.82,EMP-093
CASE-00543,resubmit,2024-02-14 15:56:59.630547+00:00,8953.67,rejection_loop,3915.82,EMP-093
CASE-00543,manager_approval,2024-02-14 18:26:13.297331+00:00,123196.28,rejection_loop,3915.82,EMP-093
CASE-00543,paid,2024-02-16 04:39:29.581542+00:00,4065.27,rejection_loop,3915.82,EMP-093
CASE-00544,submit,2023-10-17 09:52:46.803441+00:00,331.03,happy_path,3732.18,EMP-192
CASE-00544,manager_approval,2023-10-17 09:58:17.837210+00:00,91422.49,happy_path,3732.18,EMP-192
CASE-00544,finance_approval,2023-10-18 11:22:00.323818+00:00,46110.02,happy_path,3732.18,EMP-192
CASE-00544,paid,2023-10-19 00:10:30.343240+00:00,5302.07,happy_path,3732.18,EMP-192
CASE-00545,submit,2024-01-05 07:36:20.370948+00:00,348.08,escalation,180.51,EMP-102
CASE-00545,manager_approval,2024-01-05 07:42:08.455367+00:00,96515.91,escalation,180.51,EMP-102
CASE-00545,finance_review,2024-01-06 10:30:44.366920+00:00,172293.16,escalation,180.51,EMP-102
CASE-00545,paid,2024-01-08 10:22:17.525294+00:00,3321.58,escalation,180.51,EMP-102
CASE-00546,submit,2023-11-16 12:45:10.668390+00:00,282.98,exception,1979.74,EMP-059
CASE-00546,missing_receipt,2023-11-16 12:49:53.649782+00:00,1710.29,exception,1979.74,EMP-059
CASE-00546,hold,2023-11-16 13:18:23.936565+00:00,377670.24,exception,1979.74,EMP-059
CASE-00546,resolved,2023-11-20 22:12:54.177888+00:00,4377.62,exception,1979.74,EMP-059
CASE-00546,paid,2023-11-20 23:25:51.793113+00:00,4862.26,exception,1979.74,EMP-059
CASE-00547,submit,2024-03-06 13:31:18.234914+00:00,181.16,happy_path,3334.57,EMP-084
CASE-00547,manager_approval,2024-03-06 13:34:19.398638+00:00,95345.49,happy_path,3334.57,EMP-084
CASE-00547,finance_approval,2024-03-07 16:03:24.891991+00:00,51530.4,happy_path,3334.57,EMP-084
CASE-00547,paid,2024-03-08 06:22:15.290289+00:00,3148.28,happy_path,3334.57,EMP-084
CASE-00548,submit,2023-11-03 20:47:53.824964+00:00,230.7,happy_path,4745.01,EMP-139
CASE-00548,manager_approval,2023-11-03 20:51:44.529615+00:00,68847.7,happy_path,4745.01,EMP-139
CASE-00548,finance_approval,2023-11-04 15:59:12.234597+00:00,37102.32,happy_path,4745.01,EMP-139
CASE-00548,paid,2023-11-05 02:17:34.557045+00:00,2726.07,happy_path,4745.01,EMP-139
CASE-00549,submit,2024-03-14 14:32:52.855168+00:00,257.22,escalation,3215.66,EMP-080
CASE-00549,manager_approval,2024-03-14 14:37:10.071064+00:00,88183.57,escalation,3215.66,EMP-080
CASE-00549,finance_review,2024-03-15 15:06:53.644867+00:00,204146.66,escalation,3215.66,EMP-080
CASE-00549,paid,2024-03-17 23:49:20.303213+00:00,4011.88,escalation,3215.66,EMP-080
CASE-00550,submit,2023-10-03 00:23:56.171134+00:00,346.5,happy_path,820.8,EMP-003
CASE-00550,manager_approval,2023-10-03 00:29:42.675208+00:00,47964.65,happy_path,820.8,EMP-003
CASE-00550,finance_approval,2023-10-03 13:49:07.326074+00:00,38692.2,happy_path,820.8,EMP-003
CASE-00550,paid,2023-10-04 00:33:59.528998+00:00,4441.75,happy_path,820.8,EMP-003
CASE-00551,submit,2023-12-27 20:55:47.079661+00:00,363.56,happy_path,4614.34,EMP-194
CASE-00551,manager_approval,2023-12-27 21:01:50.636150+00:00,87714.36,happy_path,4614.34,EMP-194
CASE-00551,finance_approval,2023-12-28 21:23:44.994263+00:00,41808.87,happy_path,4614.34,EMP-194
CASE-00551,paid,2023-12-29 09:00:33.863049+00:00,4229.07,happy_path,4614.34,EMP-194
CASE-00552,submit,2024-03-09 18:56:24.489162+00:00,258.01,happy_path,1899.54,EMP-106
CASE-00552,manager_approval,2024-03-09 19:00:42.495190+00:00,92705.86,happy_path,1899.54,EMP-106
CASE-00552,finance_approval,2024-03-10 20:45:48.356045+00:00,40932.57,happy_path,1899.54,EMP-106
CASE-00552,paid,2024-03-11 08:08:00.921486+00:00,2334.33,happy_path,1899.54,EMP-106
CASE-00553,submit,2023-12-18 00:04:26.880585+00:00,306.69,rejection_loop,1141.93,EMP-021
CASE-00553,manager_rejects,2023-12-18 00:09:33.568257+00:00,4618.23,rejection_loop,1141.93,EMP-021
CASE-00553,resubmit,2023-12-18 01:26:31.800320+00:00,9958.7,rejection_loop,1141.93,EMP-021
CASE-00553,manager_approval,2023-12-18 04:12:30.501530+00:00,65377.99,rejection_loop,1141.93,EMP-021
CASE-00553,paid,2023-12-18 22:22:08.495026+00:00,3305.89,rejection_loop,1141.93,EMP-021
CASE-00554,submit,2023-11-05 20:09:45.731981+00:00,254.97,rejection_loop,4053.6,EMP-106
CASE-00554,manager_rejects,2023-11-05 20:14:00.701903+00:00,3895.6,rejection_loop,4053.6,EMP-106
CASE-00554,resubmit,2023-11-05 21:18:56.297456+00:00,7606.88,rejection_loop,4053.6,EMP-106
CASE-00554,manager_approval,2023-11-05 23:25:43.180764+00:00,104712.65,rejection_loop,4053.6,EMP-106
CASE-00554,paid,2023-11-07 04:30:55.828246+00:00,4234.11,rejection_loop,4053.6,EMP-106
CASE-00555,submit,2023-11-05 19:15:01.410444+00:00,319.0,happy_path,3517.34,EMP-126
CASE-00555,manager_approval,2023-11-05 19:20:20.413270+00:00,87237.83,happy_path,3517.34,EMP-126
CASE-00555,finance_approval,2023-11-06 19:34:18.244653+00:00,38692.72,happy_path,3517.34,EMP-126
CASE-00555,paid,2023-11-07 06:19:10.964850+00:00,3474.17,happy_path,3517.34,EMP-126
CASE-00556,submit,2023-12-20 21:57:35.514472+00:00,326.05,happy_path,1382.52,EMP-184
CASE-00556,manager_approval,2023-12-20 22:03:01.568047+00:00,86883.91,happy_path,1382.52,EMP-184
CASE-00556,finance_approval,2023-12-21 22:11:05.478465+00:00,48217.04,happy_path,1382.52,EMP-184
CASE-00556,paid,2023-12-22 11:34:42.518138+00:00,3658.19,happy_path,1382.52,EMP-184
CASE-00557,submit,2024-03-30 15:12:07.514767+00:00,196.52,happy_path,3939.34,EMP-128
CASE-00557,manager_approval,2024-03-30 15:15:24.034249+00:00,95050.94,happy_path,3939.34,EMP-128
CASE-00557,finance_approval,2024-03-31 17:39:34.977591+00:00,36499.98,happy_path,3939.34,EMP-128
CASE-00557,paid,2024-04-01 03:47:54.961892+00:00,5117.79,happy_path,3939.34,EMP-128
CASE-00558,submit,2023-12-12 15:15:43.446325+00:00,263.4,exception,327.39,EMP-199
CASE-00558,missing_receipt,2023-12-12 15:20:06.850496+00:00,1749.09,exception,327.39,EMP-199
CASE-00558,hold,2023-12-12 15:49:15.936976+00:00,311169.7,exception,327.39,EMP-199
CASE-00558,resolved,2023-12-16 06:15:25.635327+00:00,3322.59,exception,327.39,EMP-199
CASE-00558,paid,2023-12-16 07:10:48.222131+00:00,3494.49,exception,327.39,EMP-199
CASE-00559,submit,2024-02-18 19:41:36.379241+00:00,306.48,exception,3587.68,EMP-099
CASE-00559,missing_receipt,2024-02-18 19:46:42.854678+00:00,1340.43,exception,3587.68,EMP-099
CASE-00559,hold,2024-02-18 20:09:03.288085+00:00,308775.27,exception,3587.68,EMP-099
CASE-00559,resolved,2024-02-22 09:55:18.562164+00:00,4252.18,exception,3587.68,EMP-099
CASE-00559,paid,2024-02-22 11:06:10.743114+00:00,3809.08,exception,3587.68,EMP-099
CASE-00560,submit,2023-12-27 02:36:22.875708+00:00,278.33,rejection_loop,2629.64,EMP-054
CASE-00560,manager_rejects,2023-12-27 02:41:01.203864+00:00,3128.4,rejection_loop,2629.64,EMP-054
CASE-00560,resubmit,2023-12-27 03:33:09.607198+00:00,6076.54,rejection_loop,2629.64,EMP-054
CASE-00560,manager_approval,2023-12-27 05:14:26.145872+00:00,113674.52,rejection_loop,2629.64,EMP-054
CASE-00560,paid,2023-12-28 12:49:00.667714+00:00,5644.86,rejection_loop,2629.64,EMP-054
CASE-00561,submit,2023-11-25 18:52:21.078610+00:00,337.0,escalation,1303.9,EMP-164
CASE-00561,manager_approval,2023-11-25 18:57:58.083565+00:00,81881.97,escalation,1303.9,EMP-164
CASE-00561,finance_review,2023-11-26 17:42:40.049399+00:00,183663.3,escalation,1303.9,EMP-164
CASE-00561,paid,2023-11-28 20:43:43.353678+00:00,2389.19,escalation,1303.9,EMP-164
CASE-00562,submit,2023-11-02 02:59:48.262862+00:00,160.13,happy_path,2199.1,EMP-004
CASE-00562,manager_approval,2023-11-02 03:02:28.393490+00:00,84619.73,happy_path,2199.1,EMP-004
CASE-00562,finance_approval,2023-11-03 02:32:48.121671+00:00,46786.13,happy_path,2199.1,EMP-004
CASE-00562,paid,2023-11-03 15:32:34.252702+00:00,3629.35,happy_path,2199.1,EMP-004
CASE-00563,submit,2024-02-03 21:54:58.493519+00:00,292.21,happy_path,3928.2,EMP-122
CASE-00563,manager_approval,2024-02-03 21:59:50.698956+00:00,107241.31,happy_path,3928.2,EMP-122
CASE-00563,finance_approval,2024-02-05 03:47:12.004265+00:00,53421.24,happy_path,3928.2,EMP-122
CASE-00563,paid,2024-02-05 18:37:33.240944+00:00,3608.51,happy_path,3928.2,EMP-122
CASE-00564,submit,2024-01-23 12:34:17.999417+00:00,370.63,escalation,1725.19,EMP-195
CASE-00564,manager_approval,2024-01-23 12:40:28.633508+00:00,115302.98,escalation,1725.19,EMP-195
CASE-00564,finance_review,2024-01-24 20:42:11.609241+00:00,195592.57,escalation,1725.19,EMP-195
CASE-00564,paid,2024-01-27 03:02:04.180777+00:00,3120.21,escalation,1725.19,EMP-195
CASE-00565,submit,2024-02-21 22:35:13.514637+00:00,198.69,happy_path,1201.74,EMP-143
CASE-00565,manager_approval,2024-02-21 22:38:32.203170+00:00,88044.44,happy_path,1201.74,EMP-143
CASE-00565,finance_approval,2024-02-22 23:05:56.647428+00:00,30181.91,happy_path,1201.74,EMP-143
CASE-00565,paid,2024-02-23 07:28:58.555308+00:00,3053.82,happy_path,1201.74,EMP-143
CASE-00566,submit,2023-11-17 03:00:27.941597+00:00,314.76,escalation,1822.93,EMP-035
CASE-00566,manager_approval,2023-11-17 03:05:42.698284+00:00,119191.49,escalation,1822.93,EMP-035
CASE-00566,finance_review,2023-11-18 12:12:14.192819+00:00,189414.38,escalation,1822.93,EMP-035
CASE-00566,paid,2023-11-20 16:49:08.576731+00:00,2550.65,escalation,1822.93,EMP-035
CASE-00567,submit,2023-12-04 13:54:41.088092+00:00,272.8,happy_path,2855.17,EMP-140
CASE-00567,manager_approval,2023-12-04 13:59:13.884985+00:00,84487.22,happy_path,2855.17,EMP-140
CASE-00567,finance_approval,2023-12-05 13:27:21.102645+00:00,37457.03,happy_path,2855.17,EMP-140
CASE-00567,paid,2023-12-05 23:51:38.135232+00:00,4576.31,happy_path,2855.17,EMP-140
CASE-00568,submit,2023-12-22 21:20:23.075222+00:00,183.95,escalation,390.94,EMP-040
CASE-00568,manager_approval,2023-12-22 21:23:27.023684+00:00,97797.77,escalation,390.94,EMP-040
CASE-00568,finance_review,2023-12-24 00:33:24.797175+00:00,123894.02,escalation,390.94,EMP-040
CASE-00568,paid,2023-12-25 10:58:18.817489+00:00,2107.71,escalation,390.94,EMP-040
CASE-00569,submit,2024-01-22 13:15:12.601380+00:00,329.53,escalation,3681.61,EMP-005
CASE-00569,manager_approval,2024-01-22 13:20:42.130022+00:00,66655.02,escalation,3681.61,EMP-005
CASE-00569,finance_review,2024-01-23 07:51:37.150681+00:00,218120.74,escalation,3681.61,EMP-005
CASE-00569,paid,2024-01-25 20:26:57.893854+00:00,3460.09,escalation,3681.61,EMP-005
CASE-00570,submit,2024-01-05 07:58:53.044540+00:00,319.6,exception,4104.3,EMP-049
CASE-00570,missing_receipt,2024-01-05 08:04:12.644110+00:00,1420.15,exception,4104.3,EMP-049
CASE-00570,hold,2024-01-05 08:27:52.795130+00:00,260884.74,exception,4104.3,EMP-049
CASE-00570,resolved,2024-01-08 08:55:57.534354+00:00,3198.49,exception,4104.3,EMP-049
CASE-00570,paid,2024-01-08 09:49:16.020302+00:00,3082.07,exception,4104.3,EMP-049
CASE-00571,submit,2024-01-29 14:24:33.300935+00:00,436.1,escalation,596.8,EMP-134
CASE-00571,manager_approval,2024-01-29 14:31:49.396651+00:00,100226.93,escalation,596.8,EMP-134
CASE-00571,finance_review,2024-01-30 18:22:16.323628+00:00,177520.86,escalation,596.8,EMP-134
CASE-00571,paid,2024-02-01 19:40:57.179820+00:00,3804.45,escalation,596.8,EMP-134
CASE-00572,submit,2024-01-13 18:46:21.444428+00:00,345.35,happy_path,998.5,EMP-009
CASE-00572,manager_approval,2024-01-13 18:52:06.797024+00:00,59300.14,happy_path,998.5,EMP-009
CASE-00572,finance_approval,2024-01-14 11:20:26.937184+00:00,32154.0,happy_path,998.5,EMP-009
CASE-00572,paid,2024-01-14 20:16:20.935065+00:00,3374.0,happy_path,998.5,EMP-009
CASE-00573,submit,2024-02-09 05:05:28.465949+00:00,434.74,happy_path,1863.45,EMP-156
CASE-00573,manager_approval,2024-02-09 05:12:43.209132+00:00,90397.42,happy_path,1863.45,EMP-156
CASE-00573,finance_approval,2024-02-10 06:19:20.630849+00:00,33970.98,happy_path,1863.45,EMP-156
CASE-00573,paid,2024-02-10 15:45:31.614330+00:00,1885.18,happy_path,1863.45,EMP-156
CASE-00574,submit,2023-10-13 22:13:29.328225+00:00,167.71,rejection_loop,2366.89,EMP-164
CASE-00574,manager_rejects,2023-10-13 22:16:17.039212+00:00,3095.18,rejection_loop,2366.89,EMP-164
CASE-00574,resubmit,2023-10-13 23:07:52.216248+00:00,5707.79,rejection_loop,2366.89,EMP-164
CASE-00574,manager_approval,2023-10-14 00:43:00.004170+00:00,96845.66,rejection_loop,2366.89,EMP-164
CASE-00574,paid,2023-10-15 03:37:05.660397+00:00,3167.08,rejection_loop,2366.89,EMP-164
CASE-00575,submit,2024-03-01 04:51:07.460083+00:00,192.01,happy_path,251.23,EMP-019
CASE-00575,manager_approval,2024-03-01 04:54:19.475004+00:00,99694.54,happy_path,251.23,EMP-019
CASE-00575,finance_approval,2024-03-02 08:35:54.014910+00:00,45561.91,happy_path,251.23,EMP-019
CASE-00575,paid,2024-03-02 21:15:15.924024+00:00,3187.31,happy_path,251.23,EMP-019
CASE-00576,submit,2024-01-05 17:08:58.322936+00:00,296.61,happy_path,1957.39,EMP-050
CASE-00576,manager_approval,2024-01-05 17:13:54.937649+00:00,86635.23,happy_path,1957.39,EMP-050
CASE-00576,finance_approval,2024-01-06 17:17:50.167456+00:00,53288.42,happy_path,1957.39,EMP-050
CASE-00576,paid,2024-01-07 08:05:58.583516+00:00,4246.69,happy_path,1957.39,EMP-050
CASE-00577,submit,2024-01-14 18:45:18.024724+00:00,390.0,happy_path,572.3,EMP-164
CASE-00577,manager_approval,2024-01-14 18:51:48.021528+00:00,71033.85,happy_path,572.3,EMP-164
CASE-00577,finance_approval,2024-01-15 14:35:41.867833+00:00,33226.15,happy_path,572.3,EMP-164
CASE-00577,paid,2024-01-15 23:49:28.017854+00:00,3221.53,happy_path,572.3,EMP-164
CASE-00578,submit,2023-12-02 18:03:20.162974+00:00,312.44,rejection_loop,2772.33,EMP-130
CASE-00578,manager_rejects,2023-12-02 18:08:32.607395+00:00,4776.29,rejection_loop,2772.33,EMP-130
CASE-00578,resubmit,2023-12-02 19:28:08.898191+00:00,12622.28,rejection_loop,2772.33,EMP-130
CASE-00578,manager_approval,2023-12-02 22:58:31.176671+00:00,67544.44,rejection_loop,2772.33,EMP-130
CASE-00578,paid,2023-12-03 17:44:15.617484+00:00,3893.99,rejection_loop,2772.33,EMP-130
CASE-00579,submit,2024-03-03 01:46:09.639744+00:00,227.58,happy_path,4957.74,EMP-084
CASE-00579,manager_approval,2024-03-03 01:49:57.224340+00:00,102410.77,happy_path,4957.74,EMP-084
CASE-00579,finance_approval,2024-03-04 06:16:47.991658+00:00,46130.72,happy_path,4957.74,EMP-084
CASE-00579,paid,2024-03-04 19:05:38.712087+00:00,2893.73,happy_path,4957.74,EMP-084
CASE-00580,submit,2024-02-17 19:51:34.231752+00:00,341.08,happy_path,2750.85,EMP-097
CASE-00580,manager_approval,2024-02-17 19:57:15.315678+00:00,78997.77,happy_path,2750.85,EMP-097
CASE-00580,finance_approval,2024-02-18 17:53:53.090605+00:00,50816.48,happy_path,2750.85,EMP-097
CASE-00580,paid,2024-02-19 08:00:49.574111+00:00,3366.06,happy_path,2750.85,EMP-097
CASE-00581,submit,2024-01-18 05:41:43.479653+00:00,111.0,happy_path,3645.25,EMP-073
CASE-00581,manager_approval,2024-01-18 05:43:34.479221+00:00,78840.97,happy_path,3645.25,EMP-073
CASE-00581,finance_approval,2024-01-19 03:37:35.450829+00:00,41252.73,happy_path,3645.25,EMP-073
CASE-00581,paid,2024-01-19 15:05:08.183007+00:00,4320.65,happy_path,3645.25,EMP-073
CASE-00582,submit,2024-02-18 20:58:46.815572+00:00,404.55,happy_path,4285.82,EMP-006
CASE-00582,manager_approval,2024-02-18 21:05:31.361413+00:00,72407.03,happy_path,4285.82,EMP-006
CASE-00582,finance_approval,2024-02-19 17:12:18.394225+00:00,50726.68,happy_path,4285.82,EMP-006
CASE-00582,paid,2024-02-20 07:17:45.076340+00:00,3075.92,happy_path,4285.82,EMP-006
CASE-00583,submit,2023-10-09 19:01:14.938903+00:00,279.82,escalation,2879.48,EMP-025
CASE-00583,manager_approval,2023-10-09 19:05:54.759296+00:00,95686.28,escalation,2879.48,EMP-025
CASE-00583,finance_review,2023-10-10 21:40:41.041711+00:00,134501.05,escalation,2879.48,EMP-025
CASE-00583,paid,2023-10-12 11:02:22.089310+00:00,4481.5,escalation,2879.48,EMP-025
CASE-00584,submit,2024-01-13 16:30:16.304374+00:00,261.88,happy_path,4064.82,EMP-024
CASE-00584,manager_approval,2024-01-13 16:34:38.183140+00:00,80040.36,happy_path,4064.82,EMP-024
CASE-00584,finance_approval,2024-01-14 14:48:38.538519+00:00,48843.94,happy_path,4064.82,EMP-024
CASE-00584,paid,2024-01-15 04:22:42.479590+00:00,3971.85,happy_path,4064.82,EMP-024
CASE-00585,submit,2024-02-06 12:18:10.460694+00:00,311.36,happy_path,2466.97,EMP-177
CASE-00585,manager_approval,2024-02-06 12:23:21.824183+00:00,77637.31,happy_path,2466.97,EMP-177
CASE-00585,finance_approval,2024-02-07 09:57:19.136946+00:00,41955.13,happy_path,2466.97,EMP-177
CASE-00585,paid,2024-02-07 21:36:34.268184+00:00,3406.38,happy_path,2466.97,EMP-177
CASE-00586,submit,2023-10-13 01:35:09.967620+00:00,307.27,rejection_loop,1938.65,EMP-200
CASE-00586,manager_rejects,2023-10-13 01:40:17.233618+00:00,3049.91,rejection_loop,1938.65,EMP-200
CASE-00586,resubmit,2023-10-13 02:31:07.147101+00:00,7965.06,rejection_loop,1938.65,EMP-200
CASE-00586,manager_approval,2023-10-13 04:43:52.203470+00:00,65944.4,rejection_loop,1938.65,EMP-200
CASE-00586,paid,2023-10-13 23:02:56.599092+00:00,4825.84,rejection_loop,1938.65,EMP-200
CASE-00587,submit,2024-03-18 03:46:54.034261+00:00,210.56,happy_path,3281.26,EMP-155
CASE-00587,manager_approval,2024-03-18 03:50:24.596388+00:00,66037.15,happy_path,3281.26,EMP-155
CASE-00587,finance_approval,2024-03-18 22:11:01.742918+00:00,35608.63,happy_path,3281.26,EMP-155
CASE-00587,paid,2024-03-19 08:04:30.376943+00:00,4634.37,happy_path,3281.26,EMP-155
CASE-00588,submit,2024-01-01 10:22:29.845675+00:00,324.4,happy_path,2846.32,EMP-084
CASE-00588,manager_approval,2024-01-01 10:27:54.246205+00:00,87669.02,happy_path,2846.32,EMP-084
CASE-00588,finance_approval,2024-01-02 10:49:03.267467+00:00,45479.45,happy_path,2846.32,EMP-084
CASE-00588,paid,2024-01-02 23:27:02.719192+00:00,3496.16,happy_path,2846.32,EMP-084
CASE-00589,submit,2023-10-19 05:09:30.077976+00:00,240.46,happy_path,2995.9,EMP-130
CASE-00589,manager_approval,2023-10-19 05:13:30.537080+00:00,51867.0,happy_path,2995.9,EMP-130
CASE-00589,finance_approval,2023-10-19 19:37:57.536896+00:00,48446.63,happy_path,2995.9,EMP-130
CASE-00589,paid,2023-10-20 09:05:24.168277+00:00,4087.07,happy_path,2995.9,EMP-130
CASE-00590,submit,2023-12-13 20:30:23.090554+00:00,343.54,happy_path,3739.31,EMP-141
CASE-00590,manager_approval,2023-12-13 20:36:06.629539+00:00,108341.6,happy_path,3739.31,EMP-141
CASE-00590,finance_approval,2023-12-15 02:41:48.230446+00:00,47530.31,happy_path,3739.31,EMP-141
CASE-00590,paid,2023-12-15 15:53:58.540110+00:00,3670.95,happy_path,3739.31,EMP-141
CASE-00591,submit,2023-12-13 03:46:38.033283+00:00,268.64,happy_path,2818.52,EMP-125
CASE-00591,manager_approval,2023-12-13 03:51:06.673738+00:00,61415.24,happy_path,2818.52,EMP-125
CASE-00591,finance_approval,2023-12-13 20:54:41.913502+00:00,39195.63,happy_path,2818.52,EMP-125
CASE-00591,paid,2023-12-14 07:47:57.546414+00:00,4696.82,happy_path,2818.52,EMP-125
CASE-00592,submit,2023-11-30 05:08:17.843261+00:00,298.66,happy_path,1367.97,EMP-111
CASE-00592,manager_approval,2023-11-30 05:13:16.500988+00:00,94715.64,happy_path,1367.97,EMP-111
CASE-00592,finance_approval,2023-12-01 07:31:52.143916+00:00,41768.7,happy_path,1367.97,EMP-111
CASE-00592,paid,2023-12-01 19:08:00.838918+00:00,3154.02,happy_path,1367.97,EMP-111
CASE-00593,submit,2024-01-28 23:22:14.108678+00:00,244.48,happy_path,1637.65,EMP-153
CASE-00593,manager_approval,2024-01-28 23:26:18.591572+00:00,88022.51,happy_path,1637.65,EMP-153
CASE-00593,finance_approval,2024-01-29 23:53:21.103696+00:00,38848.78,happy_path,1637.65,EMP-153
CASE-00593,paid,2024-01-30 10:40:49.878797+00:00,2620.21,happy_path,1637.65,EMP-153
CASE-00594,submit,2023-10-11 01:52:15.672085+00:00,390.24,rejection_loop,3134.75,EMP-113
CASE-00594,manager_rejects,2023-10-11 01:58:45.913954+00:00,3766.34,rejection_loop,3134.75,EMP-113
CASE-00594,resubmit,2023-10-11 03:01:32.254563+00:00,6107.11,rejection_loop,3134.75,EMP-113
CASE-00594,manager_approval,2023-10-11 04:43:19.369317+00:00,60872.58,rejection_loop,3134.75,EMP-113
CASE-00594,paid,2023-10-11 21:37:51.947214+00:00,4679.52,rejection_loop,3134.75,EMP-113
CASE-00595,submit,2023-11-15 17:58:07.315556+00:00,275.42,rejection_loop,606.24,EMP-014
CASE-00595,manager_rejects,2023-11-15 18:02:42.736533+00:00,3366.26,rejection_loop,606.24,EMP-014
CASE-00595,resubmit,2023-11-15 18:58:48.993462+00:00,7934.14,rejection_loop,606.24,EMP-014
CASE-00595,manager_approval,2023-11-15 21:11:03.136995+00:00,70942.45,rejection_loop,606.24,EMP-014
CASE-00595,paid,2023-11-16 16:53:25.584880+00:00,2700.97,rejection_loop,606.24,EMP-014
CASE-00596,submit,2023-11-09 14:55:16.383564+00:00,390.29,happy_path,2382.39,EMP-085
CASE-00596,manager_approval,2023-11-09 15:01:46.669338+00:00,72230.8,happy_path,2382.39,EMP-085
CASE-00596,finance_approval,2023-11-10 11:05:37.472485+00:00,42050.22,happy_path,2382.39,EMP-085
CASE-00596,paid,2023-11-10 22:46:27.688115+00:00,2911.11,happy_path,2382.39,EMP-085
CASE-00597,submit,2024-02-05 02:42:26.426009+00:00,293.24,happy_path,3663.12,EMP-037
CASE-00597,manager_approval,2024-02-05 02:47:19.664149+00:00,76082.99,happy_path,3663.12,EMP-037
CASE-00597,finance_approval,2024-02-05 23:55:22.655320+00:00,37103.27,happy_path,3663.12,EMP-037
CASE-00597,paid,2024-02-06 10:13:45.926241+00:00,4514.62,happy_path,3663.12,EMP-037
CASE-00598,submit,2024-02-22 01:17:39.466579+00:00,259.14,happy_path,347.54,EMP-052
CASE-00598,manager_approval,2024-02-22 01:21:58.608352+00:00,81137.3,happy_path,347.54,EMP-052
CASE-00598,finance_approval,2024-02-22 23:54:15.906342+00:00,41594.38,happy_path,347.54,EMP-052
CASE-00598,paid,2024-02-23 11:27:30.286814+00:00,3534.41,happy_path,347.54,EMP-052
CASE-00599,submit,2023-12-06 20:08:48.101359+00:00,293.59,happy_path,1392.99,EMP-169
CASE-00599,manager_approval,2023-12-06 20:13:41.687733+00:00,100395.56,happy_path,1392.99,EMP-169
CASE-00599,finance_approval,2023-12-08 00:06:57.246623+00:00,46956.39,happy_path,1392.99,EMP-169
CASE-00599,paid,2023-12-08 13:09:33.640989+00:00,4261.43,happy_path,1392.99,EMP-169
CASE-00600,submit,2023-10-20 22:17:16.926575+00:00,260.33,exception,2567.27,EMP-182
CASE-00600,missing_receipt,2023-10-20 22:21:37.257648+00:00,1559.2,exception,2567.27,EMP-182
CASE-00600,hold,2023-10-20 22:47:36.452740+00:00,418211.16,exception,2567.27,EMP-182
CASE-00600,resolved,2023-10-25 18:57:47.614925+00:00,3222.14,exception,2567.27,EMP-182
CASE-00600,paid,2023-10-25 19:51:29.756992+00:00,3486.11,exception,2567.27,EMP-182
CASE-00601,submit,2023-10-06 20:49:48.502150+00:00,301.21,escalation,2317.03,EMP-183
CASE-00601,manager_approval,2023-10-06 20:54:49.709222+00:00,112917.5,escalation,2317.03,EMP-183
CASE-00601,finance_review,2023-10-08 04:16:47.210062+00:00,151146.96,escalation,2317.03,EMP-183
CASE-00601,paid,2023-10-09 22:15:54.169147+00:00,4378.66,escalation,2317.03,EMP-183
CASE-00602,submit,2023-12-05 23:14:00.728250+00:00,235.63,happy_path,1766.56,EMP-091
CASE-00602,manager_approval,2023-12-05 23:17:56.358020+00:00,154325.56,happy_path,1766.56,EMP-091
CASE-00602,finance_approval,2023-12-07 18:10:01.918292+00:00,48932.83,happy_path,1766.56,EMP-091
CASE-00602,paid,2023-12-08 07:45:34.748944+00:00,3503.0,happy_path,1766.56,EMP-091
CASE-00603,submit,2024-03-11 06:32:13.242697+00:00,305.82,happy_path,1325.51,EMP-100
CASE-00603,manager_approval,2024-03-11 06:37:19.058706+00:00,81549.78,happy_path,1325.51,EMP-100
CASE-00603,finance_approval,2024-03-12 05:16:28.842436+00:00,37705.98,happy_path,1325.51,EMP-100
CASE-00603,paid,2024-03-12 15:44:54.826388+00:00,3353.05,happy_path,1325.51,EMP-100
CASE-00604,submit,2023-10-27 16:57:58.034465+00:00,290.83,happy_path,4491.02,EMP-169
CASE-00604,manager_approval,2023-10-27 17:02:48.864020+00:00,60411.95,happy_path,4491.02,EMP-169
CASE-00604,finance_approval,2023-10-28 09:49:40.811553+00:00,36809.5,happy_path,4491.02,EMP-169
CASE-00604,paid,2023-10-28 20:03:10.311731+00:00,1956.51,happy_path,4491.02,EMP-169
CASE-00605,submit,2023-10-30 11:52:34.845634+00:00,429.34,escalation,2115.8,EMP-147
CASE-00605,manager_approval,2023-10-30 11:59:44.187833+00:00,77680.37,escalation,2115.8,EMP-147
CASE-00605,finance_review,2023-10-31 09:34:24.556807+00:00,146995.81,escalation,2115.8,EMP-147
CASE-00605,paid,2023-11-02 02:24:20.364048+00:00,4588.36,escalation,2115.8,EMP-147
CASE-00606,submit,2024-02-03 03:05:24.391091+00:00,309.66,happy_path,735.95,EMP-139
CASE-00606,manager_approval,2024-02-03 03:10:34.047196+00:00,97651.8,happy_path,735.95,EMP-139
CASE-00606,finance_approval,2024-02-04 06:18:05.850277+00:00,37396.93,happy_path,735.95,EMP-139
CASE-00606,paid,2024-02-04 16:41:22.776479+00:00,1816.14,happy_path,735.95,EMP-139
CASE-00607,submit,2023-10-29 03:03:30.045368+00:00,422.22,exception,2178.82,EMP-198
CASE-00607,missing_receipt,2023-10-29 03:10:32.267479+00:00,1526.52,exception,2178.82,EMP-198
CASE-00607,hold,2023-10-29 03:35:58.786500+00:00,213810.29,exception,2178.82,EMP-198
CASE-00607,resolved,2023-10-31 14:59:29.080132+00:00,4298.15,exception,2178.82,EMP-198
CASE-00607,paid,2023-10-31 16:11:07.229007+00:00,4028.44,exception,2178.82,EMP-198
CASE-00608,submit,2023-10-08 07:22:05.002957+00:00,290.44,happy_path,4404.21,EMP-187
CASE-00608,manager_approval,2023-10-08 07:26:55.444011+00:00,62128.46,happy_path,4404.21,EMP-187
CASE-00608,finance_approval,2023-10-09 00:42:23.906931+00:00,60767.84,happy_path,4404.21,EMP-187
CASE-00608,paid,2023-10-09 17:35:11.742663+00:00,4342.6,happy_path,4404.21,EMP-187
CASE-00609,submit,2024-03-18 23:38:24.473027+00:00,287.68,rejection_loop,4117.41,EMP-164
CASE-00609,manager_rejects,2024-03-18 23:43:12.157726+00:00,3444.68,rejection_loop,4117.41,EMP-164
CASE-00609,resubmit,2024-03-19 00:40:36.835405+00:00,10293.25,rejection_loop,4117.41,EMP-164
CASE-00609,manager_approval,2024-03-19 03:32:10.085926+00:00,97213.74,rejection_loop,4117.41,EMP-164
CASE-00609,paid,2024-03-20 06:32:23.823331+00:00,3957.6,rejection_loop,4117.41,EMP-164
CASE-00610,submit,2024-01-20 00:12:41.359020+00:00,238.5,rejection_loop,3079.31,EMP-069
CASE-00610,manager_rejects,2024-01-20 00:16:39.856542+00:00,3075.64,rejection_loop,3079.31,EMP-069
CASE-00610,resubmit,2024-01-20 01:07:55.497206+00:00,7249.51,rejection_loop,3079.31,EMP-069
CASE-00610,manager_approval,2024-01-20 03:08:45.011678+00:00,91330.52,rejection_loop,3079.31,EMP-069
CASE-00610,paid,2024-01-21 04:30:55.528686+00:00,4974.57,rejection_loop,3079.31,EMP-069
CASE-00611,submit,2024-02-08 03:55:21.478293+00:00,349.99,happy_path,4238.38,EMP-121
CASE-00611,manager_approval,2024-02-08 04:01:11.463943+00:00,56733.02,happy_path,4238.38,EMP-121
CASE-00611,finance_approval,2024-02-08 19:46:44.480106+00:00,53219.16,happy_path,4238.38,EMP-121
CASE-00611,paid,2024-02-09 10:33:43.641583+00:00,3111.16,happy_path,4238.38,EMP-121
CASE-00612,submit,2024-03-25 09:16:52.138676+00:00,301.75,happy_path,209.54,EMP-196
CASE-00612,manager_approval,2024-03-25 09:21:53.891999+00:00,133605.38,happy_path,209.54,EMP-196
CASE-00612,finance_approval,2024-03-26 22:28:39.272219+00:00,35236.66,happy_path,209.54,EMP-196
CASE-00612,paid,2024-03-27 08:15:55.932157+00:00,3830.38,happy_path,209.54,EMP-196
CASE-00613,submit,2024-03-17 21:05:09.062477+00:00,388.18,happy_path,1062.58,EMP-046
CASE-00613,manager_approval,2024-03-17 21:11:37.242685+00:00,129621.18,happy_path,1062.58,EMP-046
CASE-00613,finance_approval,2024-03-19 09:11:58.423881+00:00,41895.43,happy_path,1062.58,EMP-046
CASE-00613,paid,2024-03-19 20:50:13.857653+00:00,2803.8,happy_path,1062.58,EMP-046
CASE-00614,submit,2024-02-19 17:14:51.311914+00:00,303.36,happy_path,1271.58,EMP-104
CASE-00614,manager_approval,2024-02-19 17:19:54.670560+00:00,55029.06,happy_path,1271.58,EMP-104
CASE-00614,finance_approval,2024-02-20 08:37:03.725904+00:00,34775.9,happy_path,1271.58,EMP-104
CASE-00614,paid,2024-02-20 18:16:39.621830+00:00,3432.28,happy_path,1271.58,EMP-104
CASE-00615,submit,2024-01-05 12:59:45.229043+00:00,240.98,exception,2881.08,EMP-138
CASE-00615,missing_receipt,2024-01-05 13:03:46.211437+00:00,2174.86,exception,2881.08,EMP-138
CASE-00615,hold,2024-01-05 13:40:01.067269+00:00,152298.54,exception,2881.08,EMP-138
CASE-00615,resolved,2024-01-07 07:58:19.611903+00:00,2947.84,exception,2881.08,EMP-138
CASE-00615,paid,2024-01-07 08:47:27.452082+00:00,3472.36,exception,2881.08,EMP-138
CASE-00616,submit,2024-01-04 08:47:43.653041+00:00,222.49,rejection_loop,259.96,EMP-063
CASE-00616,manager_rejects,2024-01-04 08:51:26.139913+00:00,4196.5,rejection_loop,259.96,EMP-063
CASE-00616,resubmit,2024-01-04 10:01:22.639773+00:00,5172.1,rejection_loop,259.96,EMP-063
CASE-00616,manager_approval,2024-01-04 11:27:34.743538+00:00,77169.53,rejection_loop,259.96,EMP-063
CASE-00616,paid,2024-01-05 08:53:44.276907+00:00,3404.95,rejection_loop,259.96,EMP-063
CASE-00617,submit,2024-02-19 06:17:04.898869+00:00,286.04,happy_path,2020.3,EMP-078
CASE-00617,manager_approval,2024-02-19 06:21:50.938429+00:00,83483.32,happy_path,2020.3,EMP-078
CASE-00617,finance_approval,2024-02-20 05:33:14.257347+00:00,47435.03,happy_path,2020.3,EMP-078
CASE-00617,paid,2024-02-20 18:43:49.286635+00:00,3044.07,happy_path,2020.3,EMP-078
CASE-00618,submit,2024-02-29 09:08:23.780843+00:00,429.33,escalation,4523.19,EMP-119
CASE-00618,manager_approval,2024-02-29 09:15:33.106570+00:00,53387.69,escalation,4523.19,EMP-119
CASE-00618,finance_review,2024-03-01 00:05:20.799447+00:00,193476.55,escalation,4523.19,EMP-119
CASE-00618,paid,2024-03-03 05:49:57.345200+00:00,4784.37,escalation,4523.19,EMP-119
CASE-00619,submit,2023-12-12 18:02:53.548648+00:00,368.01,exception,3495.77,EMP-035
CASE-00619,missing_receipt,2023-12-12 18:09:01.563246+00:00,1769.99,exception,3495.77,EMP-035
CASE-00619,hold,2023-12-12 18:38:31.552322+00:00,276576.51,exception,3495.77,EMP-035
CASE-00619,resolved,2023-12-15 23:28:08.063475+00:00,2375.51,exception,3495.77,EMP-035
CASE-00619,paid,2023-12-16 00:07:43.571139+00:00,4150.17,exception,3495.77,EMP-035
CASE-00620,submit,2023-11-17 00:21:19.837489+00:00,253.16,rejection_loop,4418.61,EMP-024
CASE-00620,manager_rejects,2023-11-17 00:25:32.994971+00:00,2378.55,rejection_loop,4418.61,EMP-024
CASE-00620,resubmit,2023-11-17 01:05:11.541372+00:00,8025.12,rejection_loop,4418.61,EMP-024
CASE-00620,manager_approval,2023-11-17 03:18:56.662490+00:00,53469.92,rejection_loop,4418.61,EMP-024
CASE-00620,paid,2023-11-17 18:10:06.581282+00:00,3916.21,rejection_loop,4418.61,EMP-024
CASE-00621,submit,2024-02-07 07:26:44.855219+00:00,320.7,happy_path,1846.57,EMP-135
CASE-00621,manager_approval,2024-02-07 07:32:05.553650+00:00,77896.02,happy_path,1846.57,EMP-135
CASE-00621,finance_approval,2024-02-08 05:10:21.576129+00:00,23829.28,happy_path,1846.57,EMP-135
CASE-00621,paid,2024-02-08 11:47:30.859454+00:00,3195.09,happy_path,1846.57,EMP-135
CASE-00622,submit,2024-03-15 04:55:55.216242+00:00,277.07,escalation,267.34,EMP-044
CASE-00622,manager_approval,2024-03-15 05:00:32.286055+00:00,57339.25,escalation,267.34,EMP-044
CASE-00622,finance_review,2024-03-15 20:56:11.538695+00:00,147435.16,escalation,267.34,EMP-044
CASE-00622,paid,2024-03-17 13:53:26.700264+00:00,4665.4,escalation,267.34,EMP-044
CASE-00623,submit,2023-11-27 10:49:43.420474+00:00,397.88,happy_path,3574.64,EMP-108
CASE-00623,manager_approval,2023-11-27 10:56:21.296251+00:00,79560.54,happy_path,3574.64,EMP-108
CASE-00623,finance_approval,2023-11-28 09:02:21.831810+00:00,25004.66,happy_path,3574.64,EMP-108
CASE-00623,paid,2023-11-28 15:59:06.492759+00:00,3462.91,happy_path,3574.64,EMP-108
CASE-00624,submit,2024-01-23 01:27:38.220859+00:00,336.76,rejection_loop,4804.15,EMP-001
CASE-00624,manager_rejects,2024-01-23 01:33:14.982742+00:00,3587.01,rejection_loop,4804.15,EMP-001
CASE-00624,resubmit,2024-01-23 02:33:01.990489+00:00,9193.77,rejection_loop,4804.15,EMP-001
CASE-00624,manager_approval,2024-01-23 05:06:15.755602+00:00,103034.53,rejection_loop,4804.15,EMP-001
CASE-00624,paid,2024-01-24 09:43:30.281933+00:00,2711.2,rejection_loop,4804.15,EMP-001
CASE-00625,submit,2023-11-11 00:53:42.020098+00:00,264.46,happy_path,4419.38,EMP-061
CASE-00625,manager_approval,2023-11-11 00:58:06.480437+00:00,66386.89,happy_path,4419.38,EMP-061
CASE-00625,finance_approval,2023-11-11 19:24:33.374380+00:00,34080.84,happy_path,4419.38,EMP-061
CASE-00625,paid,2023-11-12 04:52:34.216733+00:00,4035.85,happy_path,4419.38,EMP-061
CASE-00626,submit,2024-01-22 13:23:21.436500+00:00,195.18,happy_path,4416.73,EMP-072
CASE-00626,manager_approval,2024-01-22 13:26:36.613024+00:00,72127.4,happy_path,4416.73,EMP-072
CASE-00626,finance_approval,2024-01-23 09:28:44.013035+00:00,47087.74,happy_path,4416.73,EMP-072
CASE-00626,paid,2024-01-23 22:33:31.756299+00:00,3754.26,happy_path,4416.73,EMP-072
CASE-00627,submit,2024-01-31 01:25:30.235899+00:00,326.53,escalation,231.77,EMP-009
CASE-00627,manager_approval,2024-01-31 01:30:56.770463+00:00,70924.34,escalation,231.77,EMP-009
CASE-00627,finance_review,2024-01-31 21:13:01.105523+00:00,184819.96,escalation,231.77,EMP-009
CASE-00627,paid,2024-02-03 00:33:21.061717+00:00,3463.12,escalation,231.77,EMP-009
CASE-00628,submit,2023-11-23 04:31:26.232803+00:00,250.58,happy_path,932.33,EMP-173
CASE-00628,manager_approval,2023-11-23 04:35:36.812481+00:00,58002.05,happy_path,932.33,EMP-173
CASE-00628,finance_approval,2023-11-23 20:42:18.857726+00:00,34884.24,happy_path,932.33,EMP-173
CASE-00628,paid,2023-11-24 06:23:43.100218+00:00,3092.53,happy_path,932.33,EMP-173
CASE-00629,submit,2024-03-18 15:59:34.151091+00:00,342.19,exception,3759.21,EMP-093
CASE-00629,missing_receipt,2024-03-18 16:05:16.336975+00:00,1939.75,exception,3759.21,EMP-093
CASE-00629,hold,2024-03-18 16:37:36.082963+00:00,202027.16,exception,3759.21,EMP-093
CASE-00629,resolved,2024-03-21 00:44:43.240182+00:00,4030.49,exception,3759.21,EMP-093
CASE-00629,paid,2024-03-21 01:51:53.727586+00:00,4465.68,exception,3759.21,EMP-093
CASE-00630,submit,2023-10-24 23:08:25.273052+00:00,326.13,escalation,1499.52,EMP-035
CASE-00630,manager_approval,2023-10-24 23:13:51.403944+00:00,98648.55,escalation,1499.52,EMP-035
CASE-00630,finance_review,2023-10-26 02:37:59.958300+00:00,142962.78,escalation,1499.52,EMP-035
CASE-00630,paid,2023-10-27 18:20:42.740185+00:00,3070.79,escalation,1499.52,EMP-035
CASE-00631,submit,2024-02-11 08:25:37.939349+00:00,321.24,happy_path,338.01,EMP-147
CASE-00631,manager_approval,2024-02-11 08:30:59.177654+00:00,42452.07,happy_path,338.01,EMP-147
CASE-00631,finance_approval,2024-02-11 20:18:31.251129+00:00,27799.34,happy_path,338.01,EMP-147
CASE-00631,paid,2024-02-12 04:01:50.588307+00:00,2232.36,happy_path,338.01,EMP-147
CASE-00632,submit,2023-12-18 20:52:17.666297+00:00,309.39,exception,4932.08,EMP-074
CASE-00632,missing_receipt,2023-12-18 20:57:27.058418+00:00,1934.12,exception,4932.08,EMP-074
CASE-00632,hold,2023-12-18 21:29:41.177396+00:00,204458.52,exception,4932.08,EMP-074
CASE-00632,resolved,2023-12-21 06:17:19.701133+00:00,2853.36,exception,4932.08,EMP-074
CASE-00632,paid,2023-12-21 07:04:53.065763+00:00,3028.09,exception,4932.08,EMP-074
CASE-00633,submit,2024-01-04 13:07:44.604469+00:00,252.76,exception,3090.74,EMP-128
CASE-00633,missing_receipt,2024-01-04 13:11:57.364620+00:00,1542.52,exception,3090.74,EMP-128
CASE-00633,hold,2024-01-04 13:37:39.880564+00:00,309705.03,exception,3090.74,EMP-128
CASE-00633,resolved,2024-01-08 03:39:24.908475+00:00,4344.21,exception,3090.74,EMP-128
CASE-00633,paid,2024-01-08 04:51:49.120029+00:00,2955.34,exception,3090.74,EMP-128
CASE-00634,submit,2024-02-23 09:53:04.667805+00:00,138.58,happy_path,168.73,EMP-161
CASE-00634,manager_approval,2024-02-23 09:55:23.245624+00:00,85241.82,happy_path,168.73,EMP-161
CASE-00634,finance_approval,2024-02-24 09:36:05.060821+00:00,38307.05,happy_path,168.73,EMP-161
CASE-00634,paid,2024-02-24 20:14:32.113239+00:00,2902.53,happy_path,168.73,EMP-161
CASE-00635,submit,2023-11-10 05:17:59.542801+00:00,258.85,happy_path,1780.77,EMP-164
CASE-00635,manager_approval,2023-11-10 05:22:18.389023+00:00,65426.44,happy_path,1780.77,EMP-164
CASE-00635,finance_approval,2023-11-10 23:32:44.829301+00:00,34681.94,happy_path,1780.77,EMP-164
CASE-00635,paid,2023-11-11 09:10:46.773876+00:00,3590.64,happy_path,1780.77,EMP-164
CASE-00636,submit,2023-10-04 02:29:13.393394+00:00,322.48,happy_path,2772.47,EMP-197
CASE-00636,manager_approval,2023-10-04 02:34:35.874182+00:00,78655.69,happy_path,2772.47,EMP-197
CASE-00636,finance_approval,2023-10-05 00:25:31.566755+00:00,37147.65,happy_path,2772.47,EMP-197
CASE-00636,paid,2023-10-05 10:44:39.216469+00:00,3400.55,happy_path,2772.47,EMP-197
CASE-00637,submit,2024-03-01 02:07:31.068267+00:00,218.06,happy_path,919.36,EMP-085
CASE-00637,manager_approval,2024-03-01 02:11:09.127538+00:00,108186.22,happy_path,919.36,EMP-085
CASE-00637,finance_approval,2024-03-02 08:14:15.347295+00:00,39342.05,happy_path,919.36,EMP-085
CASE-00637,paid,2024-03-02 19:09:57.401738+00:00,3360.92,happy_path,919.36,EMP-085
CASE-00638,submit,2024-03-11 13:41:31.098237+00:00,302.58,happy_path,819.16,EMP-118
CASE-00638,manager_approval,2024-03-11 13:46:33.674014+00:00,67409.02,happy_path,819.16,EMP-118
CASE-00638,finance_approval,2024-03-12 08:30:02.690856+00:00,41702.6,happy_path,819.16,EMP-118
CASE-00638,paid,2024-03-12 20:05:05.294602+00:00,3797.19,happy_path,819.16,EMP-118
CASE-00639,submit,2024-01-12 16:33:07.952788+00:00,239.38,rejection_loop,4183.77,EMP-077
CASE-00639,manager_rejects,2024-01-12 16:37:07.334792+00:00,3267.02,rejection_loop,4183.77,EMP-077
CASE-00639,resubmit,2024-01-12 17:31:34.357101+00:00,5138.1,rejection_loop,4183.77,EMP-077
CASE-00639,manager_approval,2024-01-12 18:57:12.453475+00:00,114554.08,rejection_loop,4183.77,EMP-077
CASE-00639,paid,2024-01-14 02:46:26.530595+00:00,3738.61,rejection_loop,4183.77,EMP-077
CASE-00640,submit,2023-10-14 22:02:25.218571+00:00,368.01,happy_path,4585.12,EMP-091
CASE-00640,manager_approval,2023-10-14 22:08:33.227080+00:00,119790.4,happy_path,4585.12,EMP-091
CASE-00640,finance_approval,2023-10-16 07:25:03.626357+00:00,39489.48,happy_path,4585.12,EMP-091
CASE-00640,paid,2023-10-16 18:23:13.109151+00:00,4339.53,happy_path,4585.12,EMP-091
CASE-00641,submit,2023-12-12 02:55:34.691588+00:00,200.84,escalation,871.55,EMP-156
CASE-00641,manager_approval,2023-12-12 02:58:55.536313+00:00,62078.13,escalation,871.55,EMP-156
CASE-00641,finance_review,2023-12-12 20:13:33.669307+00:00,173453.48,escalation,871.55,EMP-156
CASE-00641,paid,2023-12-14 20:24:27.146750+00:00,2193.25,escalation,871.55,EMP-156
CASE-00642,submit,2023-10-18 14:57:59.152195+00:00,341.42,happy_path,206.56,EMP-106
CASE-00642,manager_approval,2023-10-18 15:03:40.570055+00:00,71868.58,happy_path,206.56,EMP-106
CASE-00642,finance_approval,2023-10-19 11:01:29.153400+00:00,46126.74,happy_path,206.56,EMP-106
CASE-00642,paid,2023-10-19 23:50:15.889617+00:00,2929.13,happy_path,206.56,EMP-106
CASE-00643,submit,2024-02-21 06:57:28.827308+00:00,323.05,escalation,916.31,EMP-096
CASE-00643,manager_approval,2024-02-21 07:02:51.881664+00:00,39352.61,escalation,916.31,EMP-096
CASE-00643,finance_review,2024-02-21 17:58:44.495845+00:00,163691.37,escalation,916.31,EMP-096
CASE-00643,paid,2024-02-23 15:26:55.868199+00:00,3669.97,escalation,916.31,EMP-096
CASE-00644,submit,2023-12-03 05:18:02.542726+00:00,178.56,happy_path,2525.27,EMP-049
CASE-00644,manager_approval,2023-12-03 05:21:01.103414+00:00,90956.47,happy_path,2525.27,EMP-049
CASE-00644,finance_approval,2023-12-04 06:36:57.574712+00:00,40826.25,happy_path,2525.27,EMP-049
CASE-00644,paid,2023-12-04 17:57:23.826221+00:00,4344.52,happy_path,2525.27,EMP-049
CASE-00645,submit,2024-02-01 19:25:07.274452+00:00,364.75,rejection_loop,536.35,EMP-133
CASE-00645,manager_rejects,2024-02-01 19:31:12.023764+00:00,4313.54,rejection_loop,536.35,EMP-133
CASE-00645,resubmit,2024-02-01 20:43:05.562821+00:00,4445.49,rejection_loop,536.35,EMP-133
CASE-00645,manager_approval,2024-02-01 21:57:11.056694+00:00,95026.81,rejection_loop,536.35,EMP-133
CASE-00645,paid,2024-02-03 00:20:57.862543+00:00,3519.12,rejection_loop,536.35,EMP-133
CASE-00646,submit,2024-03-07 22:30:01.446895+00:00,299.24,exception,3450.91,EMP-153
CASE-00646,missing_receipt,2024-03-07 22:35:00.684891+00:00,1485.51,exception,3450.91,EMP-153
CASE-00646,hold,2024-03-07 22:59:46.198548+00:00,416174.67,exception,3450.91,EMP-153
CASE-00646,resolved,2024-03-12 18:36:00.869236+00:00,4415.66,exception,3450.91,EMP-153
CASE-00646,paid,2024-03-12 19:49:36.527829+00:00,4525.89,exception,3450.91,EMP-153
CASE-00647,submit,2023-11-28 04:27:26.356411+00:00,341.12,rejection_loop,161.28,EMP-195
CASE-00647,manager_rejects,2023-11-28 04:33:07.474583+00:00,3269.03,rejection_loop,161.28,EMP-195
CASE-00647,resubmit,2023-11-28 05:27:36.507304+00:00,7711.68,rejection_loop,161.28,EMP-195
CASE-00647,manager_approval,2023-11-28 07:36:08.184321+00:00,102663.47,rejection_loop,161.28,EMP-195
CASE-00647,paid,2023-11-29 12:07:11.654542+00:00,3191.33,rejection_loop,161.28,EMP-195
CASE-00648,submit,2023-10-23 14:28:08.045934+00:00,358.71,happy_path,789.14,EMP-071
CASE-00648,manager_approval,2023-10-23 14:34:06.755324+00:00,113119.49,happy_path,789.14,EMP-071
CASE-00648,finance_approval,2023-10-24 21:59:26.245654+00:00,40811.4,happy_path,789.14,EMP-071
CASE-00648,paid,2023-10-25 09:19:37.640921+00:00,4500.63,happy_path,789.14,EMP-071
CASE-00649,submit,2024-02-24 17:17:32.143685+00:00,345.01,escalation,1391.71,EMP-181
CASE-00649,manager_approval,2024-02-24 17:23:17.150965+00:00,74568.48,escalation,1391.71,EMP-181
CASE-00649,finance_review,2024-02-25 14:06:05.626056+00:00,160914.32,escalation,1391.71,EMP-181
CASE-00649,paid,2024-02-27 10:47:59.944579+00:00,2885.38,escalation,1391.71,EMP-181
CASE-00650,submit,2023-12-26 17:34:39.724741+00:00,417.35,escalation,301.09,EMP-008
CASE-00650,manager_approval,2023-12-26 17:41:37.074798+00:00,81787.93,escalation,301.09,EMP-008
CASE-00650,finance_review,2023-12-27 16:24:45.006244+00:00,154556.3,escalation,301.09,EMP-008
CASE-00650,paid,2023-12-29 11:20:41.302595+00:00,4495.3,escalation,301.09,EMP-008
CASE-00651,submit,2024-01-24 07:18:48.168769+00:00,320.98,happy_path,3000.8,EMP-152
CASE-00651,manager_approval,2024-01-24 07:24:09.150327+00:00,77777.44,happy_path,3000.8,EMP-152
CASE-00651,finance_approval,2024-01-25 05:00:26.588154+00:00,35923.95,happy_path,3000.8,EMP-152
CASE-00651,paid,2024-01-25 14:59:10.542429+00:00,3101.68,happy_path,3000.8,EMP-152
CASE-00652,submit,2023-10-17 03:19:01.286757+00:00,342.48,happy_path,3804.09,EMP-137
CASE-00652,manager_approval,2023-10-17 03:24:43.770549+00:00,118890.8,happy_path,3804.09,EMP-137
CASE-00652,finance_approval,2023-10-18 12:26:14.567491+00:00,37490.39,happy_path,3804.09,EMP-137
CASE-00652,paid,2023-10-18 22:51:04.956539+00:00,3238.04,happy_path,3804.09,EMP-137
CASE-00653,submit,2023-12-24 00:07:25.023453+00:00,289.05,rejection_loop,3508.07,EMP-025
CASE-00653,manager_rejects,2023-12-24 00:12:14.075241+00:00,3222.11,rejection_loop,3508.07,EMP-025
CASE-00653,resubmit,2023-12-24 01:05:56.186080+00:00,4603.65,rejection_loop,3508.07,EMP-025
CASE-00653,manager_approval,2023-12-24 02:22:39.832877+00:00,71086.73,rejection_loop,3508.07,EMP-025
CASE-00653,paid,2023-12-24 22:07:26.564446+00:00,3740.95,rejection_loop,3508.07,EMP-025
CASE-00654,submit,2023-11-18 10:47:16.611760+00:00,275.03,happy_path,4312.43,EMP-158
CASE-00654,manager_approval,2023-11-18 10:51:51.637651+00:00,96800.47,happy_path,4312.43,EMP-158
CASE-00654,finance_approval,2023-11-19 13:45:12.103219+00:00,48795.9,happy_path,4312.43,EMP-158
CASE-00654,paid,2023-11-20 03:18:28.006353+00:00,3199.65,happy_path,4312.43,EMP-158
CASE-00655,submit,2023-10-08 10:44:27.784159+00:00,244.83,rejection_loop,1657.57,EMP-125
CASE-00655,manager_rejects,2023-10-08 10:48:32.617756+00:00,3686.19,rejection_loop,1657.57,EMP-125
CASE-00655,resubmit,2023-10-08 11:49:58.805106+00:00,6130.84,rejection_loop,1657.57,EMP-125
CASE-00655,manager_approval,2023-10-08 13:32:09.641231+00:00,89587.69,rejection_loop,1657.57,EMP-125
CASE-00655,paid,2023-10-09 14:25:17.333250+00:00,3737.89,rejection_loop,1657.57,EMP-125
CASE-00656,submit,2024-02-23 09:59:36.891325+00:00,218.8,happy_path,559.51,EMP-183
CASE-00656,manager_approval,2024-02-23 10:03:15.693029+00:00,72049.21,happy_path,559.51,EMP-183
CASE-00656,finance_approval,2024-02-24 06:04:04.904784+00:00,52462.85,happy_path,559.51,EMP-183
CASE-00656,paid,2024-02-24 20:38:27.754584+00:00,3892.5,happy_path,559.51,EMP-183
CASE-00657,submit,2023-11-15 20:44:43.381439+00:00,228.6,happy_path,2096.54,EMP-159
CASE-00657,manager_approval,2023-11-15 20:48:31.980436+00:00,99810.85,happy_path,2096.54,EMP-159
CASE-00657,finance_approval,2023-11-17 00:32:02.831939+00:00,50149.12,happy_path,2096.54,EMP-159
CASE-00657,paid,2023-11-17 14:27:51.947916+00:00,4162.81,happy_path,2096.54,EMP-159
CASE-00658,submit,2024-01-13 02:21:08.492851+00:00,316.53,escalation,2184.19,EMP-112
CASE-00658,manager_approval,2024-01-13 02:26:25.026938+00:00,68198.77,escalation,2184.19,EMP-112
CASE-00658,finance_review,2024-01-13 21:23:03.799341+00:00,228445.1,escalation,2184.19,EMP-112
CASE-00658,paid,2024-01-16 12:50:28.900755+00:00,4222.4,escalation,2184.19,EMP-112
CASE-00659,submit,2023-10-23 13:52:29.126194+00:00,379.07,rejection_loop,3573.95,EMP-125
CASE-00659,manager_rejects,2023-10-23 13:58:48.196033+00:00,3161.74,rejection_loop,3573.95,EMP-125
CASE-00659,resubmit,2023-10-23 14:51:29.933639+00:00,6293.42,rejection_loop,3573.95,EMP-125
CASE-00659,manager_approval,2023-10-23 16:36:23.356914+00:00,105570.3,rejection_loop,3573.95,EMP-125
CASE-00659,paid,2023-10-24 21:55:53.656501+00:00,4162.53,rejection_loop,3573.95,EMP-125
CASE-00660,submit,2023-10-22 13:46:36.545400+00:00,340.38,happy_path,2058.68,EMP-154
CASE-00660,manager_approval,2023-10-22 13:52:16.924838+00:00,52260.03,happy_path,2058.68,EMP-154
CASE-00660,finance_approval,2023-10-23 04:23:16.955718+00:00,37110.58,happy_path,2058.68,EMP-154
CASE-00660,paid,2023-10-23 14:41:47.537768+00:00,4324.66,happy_path,2058.68,EMP-154
CASE-00661,submit,2024-03-10 16:58:11.416801+00:00,370.03,escalation,498.14,EMP-036
CASE-00661,manager_approval,2024-03-10 17:04:21.450965+00:00,68858.82,escalation,498.14,EMP-036
CASE-00661,finance_review,2024-03-11 12:12:00.273290+00:00,197136.11,escalation,498.14,EMP-036
CASE-00661,paid,2024-03-13 18:57:36.378483+00:00,3600.59,escalation,498.14,EMP-036
CASE-00662,submit,2024-01-21 19:16:18.329962+00:00,261.51,happy_path,2679.72,EMP-100
CASE-00662,manager_approval,2024-01-21 19:20:39.837697+00:00,91177.51,happy_path,2679.72,EMP-100
CASE-00662,finance_approval,2024-01-22 20:40:17.342816+00:00,47562.72,happy_path,2679.72,EMP-100
CASE-00662,paid,2024-01-23 09:53:00.058127+00:00,3071.03,happy_path,2679.72,EMP-100
CASE-00663,submit,2024-02-09 04:51:29.083084+00:00,457.3,rejection_loop,3413.82,EMP-112
CASE-00663,manager_rejects,2024-02-09 04:59:06.384227+00:00,2671.3,rejection_loop,3413.82,EMP-112
CASE-00663,resubmit,2024-02-09 05:43:37.680187+00:00,5051.75,rejection_loop,3413.82,EMP-112
CASE-00663,manager_approval,2024-02-09 07:07:49.425252+00:00,71647.12,rejection_loop,3413.82,EMP-112
CASE-00663,paid,2024-02-10 03:01:56.543947+00:00,1857.89,rejection_loop,3413.82,EMP-112
CASE-00664,submit,2024-03-25 05:19:33.282485+00:00,292.38,rejection_loop,358.93,EMP-141
CASE-00664,manager_rejects,2024-03-25 05:24:25.664929+00:00,4368.86,rejection_loop,358.93,EMP-141
CASE-00664,resubmit,2024-03-25 06:37:14.520517+00:00,7212.22,rejection_loop,358.93,EMP-141
CASE-00664,manager_approval,2024-03-25 08:37:26.742434+00:00,96719.53,rejection_loop,358.93,EMP-141
CASE-00664,paid,2024-03-26 11:29:26.272532+00:00,3542.1,rejection_loop,358.93,EMP-141
CASE-00665,submit,2024-02-06 09:35:54.713063+00:00,258.66,happy_path,204.36,EMP-111
CASE-00665,manager_approval,2024-02-06 09:40:13.372903+00:00,98053.99,happy_path,204.36,EMP-111
CASE-00665,finance_approval,2024-02-07 12:54:27.367649+00:00,37970.55,happy_path,204.36,EMP-111
CASE-00665,paid,2024-02-07 23:27:17.921075+00:00,4192.63,happy_path,204.36,EMP-111
CASE-00666,submit,2023-10-28 00:46:38.999185+00:00,191.41,escalation,3329.31,EMP-122
CASE-00666,manager_approval,2023-10-28 00:49:50.408439+00:00,72208.69,escalation,3329.31,EMP-122
CASE-00666,finance_review,2023-10-28 20:53:19.097076+00:00,144121.22,escalation,3329.31,EMP-122
CASE-00666,paid,2023-10-30 12:55:20.317450+00:00,4319.57,escalation,3329.31,EMP-122
CASE-00667,submit,2023-10-27 04:04:42.873544+00:00,309.61,happy_path,4370.04,EMP-033
CASE-00667,manager_approval,2023-10-27 04:09:52.483740+00:00,88074.6,happy_path,4370.04,EMP-033
CASE-00667,finance_approval,2023-10-28 04:37:47.081753+00:00,41710.66,happy_path,4370.04,EMP-033
CASE-00667,paid,2023-10-28 16:12:57.738317+00:00,2577.4,happy_path,4370.04,EMP-033
CASE-00668,submit,2023-10-27 16:47:29.612076+00:00,340.98,happy_path,4951.58,EMP-022
CASE-00668,manager_approval,2023-10-27 16:53:10.587757+00:00,46175.15,happy_path,4951.58,EMP-022
CASE-00668,finance_approval,2023-10-28 05:42:45.735620+00:00,51911.09,happy_path,4951.58,EMP-022
CASE-00668,paid,2023-10-28 20:07:56.822043+00:00,2739.73,happy_path,4951.58,EMP-022
CASE-00669,submit,2024-01-02 16:40:20.749217+00:00,237.86,exception,3135.08,EMP-117
CASE-00669,missing_receipt,2024-01-02 16:44:18.614169+00:00,1694.61,exception,3135.08,EMP-117
CASE-00669,hold,2024-01-02 17:12:33.226629+00:00,225163.23,exception,3135.08,EMP-117
CASE-00669,resolved,2024-01-05 07:45:16.458326+00:00,3903.51,exception,3135.08,EMP-117
CASE-00669,paid,2024-01-05 08:50:19.968505+00:00,2664.0,exception,3135.08,EMP-117
CASE-00670,submit,2023-11-20 11:09:42.969300+00:00,251.86,rejection_loop,1221.91,EMP-129
CASE-00670,manager_rejects,2023-11-20 11:13:54.834268+00:00,4304.13,rejection_loop,1221.91,EMP-129
CASE-00670,resubmit,2023-11-20 12:25:38.968442+00:00,6149.7,rejection_loop,1221.91,EMP-129
CASE-00670,manager_approval,2023-11-20 14:08:08.671218+00:00,92269.42,rejection_loop,1221.91,EMP-129
CASE-00670,paid,2023-11-21 15:45:58.090327+00:00,3652.19,rejection_loop,1221.91,EMP-129
CASE-00671,submit,2023-12-28 16:13:19.795962+00:00,287.87,happy_path,1874.46,EMP-149
CASE-00671,manager_approval,2023-12-28 16:18:07.664229+00:00,75267.65,happy_path,1874.46,EMP-149
CASE-00671,finance_approval,2023-12-29 13:12:35.315772+00:00,40779.5,happy_path,1874.46,EMP-149
CASE-00671,paid,2023-12-30 00:32:14.813642+00:00,1037.7,happy_path,1874.46,EMP-149
CASE-00672,submit,2024-01-04 01:13:19.400049+00:00,218.54,exception,3905.41,EMP-120
CASE-00672,missing_receipt,2024-01-04 01:16:57.939075+00:00,1739.79,exception,3905.41,EMP-120
CASE-00672,hold,2024-01-04 01:45:57.732173+00:00,262853.28,exception,3905.41,EMP-120
CASE-00672,resolved,2024-01-07 02:46:51.010928+00:00,4446.47,exception,3905.41,EMP-120
CASE-00672,paid,2024-01-07 04:00:57.479490+00:00,2909.88,exception,3905.41,EMP-120
CASE-00673,submit,2023-11-28 05:59:55.667919+00:00,223.6,escalation,2719.03,EMP-149
CASE-00673,manager_approval,2023-11-28 06:03:39.263079+00:00,105138.42,escalation,2719.03,EMP-149
CASE-00673,finance_review,2023-11-29 11:15:57.687688+00:00,185703.39,escalation,2719.03,EMP-149
CASE-00673,paid,2023-12-01 14:51:01.078382+00:00,3780.5,escalation,2719.03,EMP-149
CASE-00674,submit,2023-12-01 16:08:25.558923+00:00,233.58,escalation,2372.7,EMP-188
CASE-00674,manager_approval,2023-12-01 16:12:19.143802+00:00,50495.04,escalation,2372.7,EMP-188
CASE-00674,finance_review,2023-12-02 06:13:54.182538+00:00,267924.8,escalation,2372.7,EMP-188
CASE-00674,paid,2023-12-05 08:39:18.985885+00:00,3449.21,escalation,2372.7,EMP-188
CASE-00675,submit,2024-02-10 20:31:04.097481+00:00,334.91,escalation,3008.3,EMP-078
CASE-00675,manager_approval,2024-02-10 20:36:39.010775+00:00,79317.3,escalation,3008.3,EMP-078
CASE-00675,finance_review,2024-02-11 18:38:36.315110+00:00,166806.32,escalation,3008.3,EMP-078
CASE-00675,paid,2024-02-13 16:58:42.635911+00:00,3060.0,escalation,3008.3,EMP-078
CASE-00676,submit,2024-01-23 09:02:58.069226+00:00,306.13,happy_path,4952.31,EMP-189
CASE-00676,manager_approval,2024-01-23 09:08:04.198437+00:00,84344.88,happy_path,4952.31,EMP-189
CASE-00676,finance_approval,2024-01-24 08:33:49.077213+00:00,46108.44,happy_path,4952.31,EMP-189
CASE-00676,paid,2024-01-24 21:22:17.512593+00:00,1843.53,happy_path,4952.31,EMP-189
CASE-00677,submit,2023-11-21 12:56:16.569681+00:00,295.88,happy_path,706.07,EMP-072
CASE-00677,manager_approval,2023-11-21 13:01:12.450645+00:00,84847.85,happy_path,706.07,EMP-072
CASE-00677,finance_approval,2023-11-22 12:35:20.296450+00:00,55030.82,happy_path,706.07,EMP-072
CASE-00677,paid,2023-11-23 03:52:31.120103+00:00,2030.0,happy_path,706.07,EMP-072
CASE-00678,submit,2024-02-25 09:52:18.431464+00:00,220.05,rejection_loop,3312.82,EMP-095
CASE-00678,manager_rejects,2024-02-25 09:55:58.477790+00:00,3534.16,rejection_loop,3312.82,EMP-095
CASE-00678,resubmit,2024-02-25 10:54:52.634589+00:00,9989.17,rejection_loop,3312.82,EMP-095
CASE-00678,manager_approval,2024-02-25 13:41:21.807357+00:00,47858.4,rejection_loop,3312.82,EMP-095
CASE-00678,paid,2024-02-26 02:59:00.212166+00:00,3752.63,rejection_loop,3312.82,EMP-095
CASE-00679,submit,2024-03-25 02:55:59.295202+00:00,208.06,rejection_loop,1747.1,EMP-022
CASE-00679,manager_rejects,2024-03-25 02:59:27.351282+00:00,2970.54,rejection_loop,1747.1,EMP-022
CASE-00679,resubmit,2024-03-25 03:48:57.895391+00:00,8774.13,rejection_loop,1747.1,EMP-022
CASE-00679,manager_approval,2024-03-25 06:15:12.028055+00:00,55624.59,rejection_loop,1747.1,EMP-022
CASE-00679,paid,2024-03-25 21:42:16.613583+00:00,2844.36,rejection_loop,1747.1,EMP-022
CASE-00680,submit,2023-11-09 22:54:04.136522+00:00,330.68,escalation,3643.7,EMP-043
CASE-00680,manager_approval,2023-11-09 22:59:34.812244+00:00,84450.4,escalation,3643.7,EMP-043
CASE-00680,finance_review,2023-11-10 22:27:05.207692+00:00,133246.05,escalation,3643.7,EMP-043
CASE-00680,paid,2023-11-12 11:27:51.260029+00:00,2653.78,escalation,3643.7,EMP-043
CASE-00681,submit,2023-12-27 17:19:19.167210+00:00,221.5,happy_path,879.62,EMP-103
CASE-00681,manager_approval,2023-12-27 17:23:00.670436+00:00,34416.22,happy_path,879.62,EMP-103
CASE-00681,finance_approval,2023-12-28 02:56:36.892755+00:00,45803.33,happy_path,879.62,EMP-103
CASE-00681,paid,2023-12-28 15:40:00.221731+00:00,4180.21,happy_path,879.62,EMP-103
CASE-00682,submit,2023-10-29 03:02:50.171021+00:00,279.51,escalation,1980.85,EMP-068
CASE-00682,manager_approval,2023-10-29 03:07:29.678061+00:00,88688.6,escalation,1980.85,EMP-068
CASE-00682,finance_review,2023-10-30 03:45:38.279439+00:00,167942.79,escalation,1980.85,EMP-068
CASE-00682,paid,2023-11-01 02:24:41.067298+00:00,4481.43,escalation,1980.85,EMP-068
CASE-00683,submit,2024-03-23 01:21:41.870903+00:00,271.09,escalation,4810.73,EMP-175
CASE-00683,manager_approval,2024-03-23 01:26:12.956582+00:00,108168.7,escalation,4810.73,EMP-175
CASE-00683,finance_review,2024-03-24 07:29:01.659606+00:00,203343.19,escalation,4810.73,EMP-175
CASE-00683,paid,2024-03-26 15:58:04.845687+00:00,2546.37,escalation,4810.73,EMP-175
CASE-00684,submit,2023-12-02 07:03:33.107724+00:00,391.95,escalation,3277.73,EMP-070
CASE-00684,manager_approval,2023-12-02 07:10:05.053267+00:00,85347.16,escalation,3277.73,EMP-070
CASE-00684,finance_review,2023-12-03 06:52:32.217054+00:00,192336.7,escalation,3277.73,EMP-070
CASE-00684,paid,2023-12-05 12:18:08.913062+00:00,3093.0,escalation,3277.73,EMP-070
CASE-00685,submit,2024-01-31 22:33:50.999975+00:00,250.7,rejection_loop,3758.0,EMP-188
CASE-00685,manager_rejects,2024-01-31 22:38:01.703644+00:00,3693.36,rejection_loop,3758.0,EMP-188
CASE-00685,resubmit,2024-01-31 23:39:35.061480+00:00,5037.35,rejection_loop,3758.0,EMP-188
CASE-00685,manager_approval,2024-02-01 01:03:32.416002+00:00,56454.91,rejection_loop,3758.0,EMP-188
CASE-00685,paid,2024-02-01 16:44:27.321813+00:00,1044.24,rejection_loop,3758.0,EMP-188
CASE-00686,submit,2024-02-29 16:53:55.101277+00:00,327.13,happy_path,102.36,EMP-003
CASE-00686,manager_approval,2024-02-29 16:59:22.231263+00:00,87135.42,happy_path,102.36,EMP-003
CASE-00686,finance_approval,2024-03-01 17:11:37.647351+00:00,49415.29,happy_path,102.36,EMP-003
CASE-00686,paid,2024-03-02 06:55:12.935121+00:00,4194.14,happy_path,102.36,EMP-003
CASE-00687,submit,2023-10-09 03:03:37.490844+00:00,284.98,happy_path,1452.32,EMP-050
CASE-00687,manager_approval,2023-10-09 03:08:22.468823+00:00,81360.02,happy_path,1452.32,EMP-050
CASE-00687,finance_approval,2023-10-10 01:44:22.493595+00:00,30538.2,happy_path,1452.32,EMP-050
CASE-00687,paid,2023-10-10 10:13:20.695898+00:00,2536.86,happy_path,1452.32,EMP-050
CASE-00688,submit,2024-02-07 10:53:04.045860+00:00,386.19,happy_path,3016.96,EMP-032
CASE-00688,manager_approval,2024-02-07 10:59:30.233977+00:00,115528.57,happy_path,3016.96,EMP-032
CASE-00688,finance_approval,2024-02-08 19:04:58.807750+00:00,50408.73,happy_path,3016.96,EMP-032
CASE-00688,paid,2024-02-09 09:05:07.541102+00:00,4558.45,happy_path,3016.96,EMP-032
CASE-00689,submit,2024-03-12 06:43:37.355316+00:00,284.64,rejection_loop,2852.04,EMP-048
CASE-00689,manager_rejects,2024-03-12 06:48:21.997163+00:00,3167.85,rejection_loop,2852.04,EMP-048
CASE-00689,resubmit,2024-03-12 07:41:09.847586+00:00,3067.99,rejection_loop,2852.04,EMP-048
CASE-00689,manager_approval,2024-03-12 08:32:17.841852+00:00,96845.38,rejection_loop,2852.04,EMP-048
CASE-00689,paid,2024-03-13 11:26:23.221667+00:00,2289.92,rejection_loop,2852.04,EMP-048
CASE-00690,submit,2024-02-18 13:53:01.678361+00:00,196.06,happy_path,2163.57,EMP-171
CASE-00690,manager_approval,2024-02-18 13:56:17.736136+00:00,80685.53,happy_path,2163.57,EMP-171
CASE-00690,finance_approval,2024-02-19 12:21:03.270004+00:00,47032.96,happy_path,2163.57,EMP-171
CASE-00690,paid,2024-02-20 01:24:56.227225+00:00,4993.87,happy_path,2163.57,EMP-171
CASE-00691,submit,2023-11-18 11:35:26.797777+00:00,346.61,happy_path,1696.64,EMP-016
CASE-00691,manager_approval,2023-11-18 11:41:13.409853+00:00,91597.98,happy_path,1696.64,EMP-016
CASE-00691,finance_approval,2023-11-19 13:07:51.390194+00:00,39039.25,happy_path,1696.64,EMP-016
CASE-00691,paid,2023-11-19 23:58:30.642842+00:00,5873.55,happy_path,1696.64,EMP-016
CASE-00692,submit,2023-12-30 13:41:15.043463+00:00,370.63,happy_path,1993.54,EMP-166
CASE-00692,manager_approval,2023-12-30 13:47:25.668529+00:00,109260.29,happy_path,1993.54,EMP-166
CASE-00692,finance_approval,2023-12-31 20:08:25.958069+00:00,52881.38,happy_path,1993.54,EMP-166
CASE-00692,paid,2024-01-01 10:49:47.334467+00:00,3855.02,happy_path,1993.54,EMP-166
CASE-00693,submit,2023-10-09 06:35:56.633243+00:00,384.46,exception,3591.23,EMP-027
CASE-00693,missing_receipt,2023-10-09 06:42:21.095781+00:00,2237.21,exception,3591.23,EMP-027
CASE-00693,hold,2023-10-09 07:19:38.305125+00:00,318850.65,exception,3591.23,EMP-027
CASE-00693,resolved,2023-10-12 23:53:48.950161+00:00,3619.89,exception,3591.23,EMP-027
CASE-00693,paid,2023-10-13 00:54:08.839090+00:00,3427.38,exception,3591.23,EMP-027
CASE-00694,submit,2024-03-18 22:06:03.188359+00:00,275.86,happy_path,3281.68,EMP-001
CASE-00694,manager_approval,2024-03-18 22:10:39.044736+00:00,71785.86,happy_path,3281.68,EMP-001
CASE-00694,finance_approval,2024-03-19 18:07:04.901166+00:00,38381.78,happy_path,3281.68,EMP-001
CASE-00694,paid,2024-03-20 04:46:46.676370+00:00,1744.19,happy_path,3281.68,EMP-001
CASE-00695,submit,2023-12-30 07:44:06.866983+00:00,193.54,escalation,2601.15,EMP-198
CASE-00695,manager_approval,2023-12-30 07:47:20.408981+00:00,102683.14,escalation,2601.15,EMP-198
CASE-00695,finance_review,2023-12-31 12:18:43.545971+00:00,187439.4,escalation,2601.15,EMP-198
CASE-00695,paid,2024-01-02 16:22:42.946819+00:00,2050.81,escalation,2601.15,EMP-198
CASE-00696,submit,2024-02-27 05:39:33.006772+00:00,222.84,escalation,66.37,EMP-177
CASE-00696,manager_approval,2024-02-27 05:43:15.842423+00:00,89543.49,escalation,66.37,EMP-177
CASE-00696,finance_review,2024-02-28 06:35:39.328095+00:00,210190.31,escalation,66.37,EMP-177
CASE-00696,paid,2024-03-01 16:58:49.639316+00:00,3263.16,escalation,66.37,EMP-177
CASE-00697,submit,2024-03-30 11:06:29.663980+00:00,265.52,escalation,2033.04,EMP-162
CASE-00697,manager_approval,2024-03-30 11:10:55.187593+00:00,69961.17,escalation,2033.04,EMP-162
CASE-00697,finance_review,2024-03-31 06:36:56.359248+00:00,196614.47,escalation,2033.04,EMP-162
CASE-00697,paid,2024-04-02 13:13:50.832956+00:00,2946.44,escalation,2033.04,EMP-162
CASE-00698,submit,2024-01-27 14:27:50.076732+00:00,307.56,rejection_loop,3814.24,EMP-075
CASE-00698,manager_rejects,2024-01-27 14:32:57.638900+00:00,3752.22,rejection_loop,3814.24,EMP-075
CASE-00698,resubmit,2024-01-27 15:35:29.861628+00:00,6324.98,rejection_loop,3814.24,EMP-075
CASE-00698,manager_approval,2024-01-27 17:20:54.842279+00:00,95755.72,rejection_loop,3814.24,EMP-075
CASE-00698,paid,2024-01-28 19:56:50.561940+00:00,2960.74,rejection_loop,3814.24,EMP-075
CASE-00699,submit,2024-03-10 08:07:30.533375+00:00,179.53,escalation,1828.34,EMP-022
CASE-00699,manager_approval,2024-03-10 08:10:30.067835+00:00,73449.09,escalation,1828.34,EMP-022
CASE-00699,finance_review,2024-03-11 04:34:39.156200+00:00,183436.77,escalation,1828.34,EMP-022
CASE-00699,paid,2024-03-13 07:31:55.922506+00:00,3798.9,escalation,1828.34,EMP-022
CASE-00700,submit,2023-10-14 08:07:41.394899+00:00,303.03,exception,1230.5,EMP-100
CASE-00700,missing_receipt,2023-10-14 08:12:44.420024+00:00,1551.01,exception,1230.5,EMP-100
CASE-00700,hold,2023-10-14 08:38:35.432291+00:00,240523.03,exception,1230.5,EMP-100
CASE-00700,resolved,2023-10-17 03:27:18.463673+00:00,2488.21,exception,1230.5,EMP-100
CASE-00700,paid,2023-10-17 04:08:46.673382+00:00,3238.87,exception,1230.5,EMP-100
CASE-00701,submit,2023-12-03 01:42:41.966715+00:00,249.79,happy_path,4979.38,EMP-010
CASE-00701,manager_approval,2023-12-03 01:46:51.761550+00:00,115803.13,happy_path,4979.38,EMP-010
CASE-00701,finance_approval,2023-12-04 09:56:54.890194+00:00,39083.91,happy_path,4979.38,EMP-010
CASE-00701,paid,2023-12-04 20:48:18.804312+00:00,3947.27,happy_path,4979.38,EMP-010
CASE-00702,submit,2024-03-07 15:15:50.859854+00:00,203.96,escalation,2639.44,EMP-174
CASE-00702,manager_approval,2024-03-07 15:19:14.819751+00:00,78314.76,escalation,2639.44,EMP-174
CASE-00702,finance_review,2024-03-08 13:04:29.582422+00:00,174582.38,escalation,2639.44,EMP-174
CASE-00702,paid,2024-03-10 13:34:11.960026+00:00,3946.02,escalation,2639.44,EMP-174
CASE-00703,submit,2023-12-26 19:40:07.776091+00:00,315.99,rejection_loop,2470.03,EMP-005
CASE-00703,manager_rejects,2023-12-26 19:45:23.764966+00:00,3509.49,rejection_loop,2470.03,EMP-005
CASE-00703,resubmit,2023-12-26 20:43:53.255878+00:00,6913.18,rejection_loop,2470.03,EMP-005
CASE-00703,manager_approval,2023-12-26 22:39:06.439640+00:00,75506.0,rejection_loop,2470.03,EMP-005
CASE-00703,paid,2023-12-27 19:37:32.441577+00:00,3735.23,rejection_loop,2470.03,EMP-005
CASE-00704,submit,2024-01-21 00:29:45.032023+00:00,316.96,happy_path,3978.8,EMP-117
CASE-00704,manager_approval,2024-01-21 00:35:01.994258+00:00,90412.6,happy_path,3978.8,EMP-117
CASE-00704,finance_approval,2024-01-22 01:41:54.589742+00:00,40949.74,happy_path,3978.8,EMP-117
CASE-00704,paid,2024-01-22 13:04:24.325642+00:00,3782.3,happy_path,3978.8,EMP-117
CASE-00705,submit,2024-02-24 19:14:21.312982+00:00,273.07,escalation,3097.36,EMP-017
CASE-00705,manager_approval,2024-02-24 19:18:54.382860+00:00,51104.75,escalation,3097.36,EMP-017
CASE-00705,finance_review,2024-02-25 09:30:39.129901+00:00,208093.44,escalation,3097.36,EMP-017
CASE-00705,paid,2024-02-27 19:18:52.568404+00:00,4947.18,escalation,3097.36,EMP-017
CASE-00706,submit,2024-01-09 06:13:20.355325+00:00,289.91,happy_path,4880.47,EMP-148
CASE-00706,manager_approval,2024-01-09 06:18:10.264488+00:00,62113.45,happy_path,4880.47,EMP-148
CASE-00706,finance_approval,2024-01-09 23:33:23.713565+00:00,59967.02,happy_path,4880.47,EMP-148
CASE-00706,paid,2024-01-10 16:12:50.732897+00:00,3662.95,happy_path,4880.47,EMP-148
CASE-00707,submit,2023-10-28 10:08:34.754336+00:00,317.84,happy_path,362.95,EMP-071
CASE-00707,manager_approval,2023-10-28 10:13:52.596062+00:00,57680.68,happy_path,362.95,EMP-071
CASE-00707,finance_approval,2023-10-29 02:15:13.273937+00:00,48849.0,happy_path,362.95,EMP-071
CASE-00707,paid,2023-10-29 15:49:22.271903+00:00,2686.77,happy_path,362.95,EMP-071
CASE-00708,submit,2024-02-22 09:20:45.301490+00:00,278.77,exception,251.46,EMP-026
CASE-00708,missing_receipt,2024-02-22 09:25:24.068140+00:00,1603.46,exception,251.46,EMP-026
CASE-00708,hold,2024-02-22 09:52:07.524364+00:00,197231.64,exception,251.46,EMP-026
CASE-00708,resolved,2024-02-24 16:39:19.161432+00:00,4276.2,exception,251.46,EMP-026
CASE-00708,paid,2024-02-24 17:50:35.365626+00:00,5149.51,exception,251.46,EMP-026
CASE-00709,submit,2024-02-07 05:07:19.896000+00:00,259.24,happy_path,85.76,EMP-023
CASE-00709,manager_approval,2024-02-07 05:11:39.136730+00:00,76598.19,happy_path,85.76,EMP-023
CASE-00709,finance_approval,2024-02-08 02:28:17.323333+00:00,38763.62,happy_path,85.76,EMP-023
CASE-00709,paid,2024-02-08 13:14:20.938994+00:00,2103.97,happy_path,85.76,EMP-023
CASE-00710,submit,2024-01-26 04:02:49.344445+00:00,238.81,happy_path,678.12,EMP-037
CASE-00710,manager_approval,2024-01-26 04:06:48.157112+00:00,83182.12,happy_path,678.12,EMP-037
CASE-00710,finance_approval,2024-01-27 03:13:10.275630+00:00,52349.11,happy_path,678.12,EMP-037
CASE-00710,paid,2024-01-27 17:45:39.390551+00:00,3131.25,happy_path,678.12,EMP-037
CASE-00711,submit,2024-01-21 04:03:18.764383+00:00,395.56,happy_path,941.0,EMP-128
CASE-00711,manager_approval,2024-01-21 04:09:54.320893+00:00,107635.83,happy_path,941.0,EMP-128
CASE-00711,finance_approval,2024-01-22 10:03:50.147291+00:00,40828.45,happy_path,941.0,EMP-128
CASE-00711,paid,2024-01-22 21:24:18.594272+00:00,4489.49,happy_path,941.0,EMP-128
CASE-00712,submit,2024-03-26 19:44:21.087728+00:00,212.28,escalation,999.92,EMP-136
CASE-00712,manager_approval,2024-03-26 19:47:53.369341+00:00,57146.06,escalation,999.92,EMP-136
CASE-00712,finance_review,2024-03-27 11:40:19.432462+00:00,224041.43,escalation,999.92,EMP-136
CASE-00712,paid,2024-03-30 01:54:20.864214+00:00,3511.14,escalation,999.92,EMP-136
CASE-00713,submit,2023-11-21 18:09:46.233185+00:00,337.08,happy_path,3151.0,EMP-054
CASE-00713,manager_approval,2023-11-21 18:15:23.316450+00:00,122564.99,happy_path,3151.0,EMP-054
CASE-00713,finance_approval,2023-11-23 04:18:08.308669+00:00,35704.43,happy_path,3151.0,EMP-054
CASE-00713,paid,2023-11-23 14:13:12.738144+00:00,1425.71,happy_path,3151.0,EMP-054
CASE-00714,submit,2024-03-17 01:56:51.109675+00:00,353.84,happy_path,922.8,EMP-172
CASE-00714,manager_approval,2024-03-17 02:02:44.952659+00:00,93245.0,happy_path,922.8,EMP-172
CASE-00714,finance_approval,2024-03-18 03:56:49.947902+00:00,44576.22,happy_path,922.8,EMP-172
CASE-00714,paid,2024-03-18 16:19:46.163135+00:00,4262.9,happy_path,922.8,EMP-172
CASE-00715,submit,2023-10-10 19:07:53.490226+00:00,291.78,escalation,4455.89,EMP-117
CASE-00715,manager_approval,2023-10-10 19:12:45.275222+00:00,37343.29,escalation,4455.89,EMP-117
CASE-00715,finance_review,2023-10-11 05:35:08.569394+00:00,206835.79,escalation,4455.89,EMP-117
CASE-00715,paid,2023-10-13 15:02:24.360411+00:00,5011.05,escalation,4455.89,EMP-117
CASE-00716,submit,2024-02-09 20:27:40.708853+00:00,255.49,happy_path,624.52,EMP-061
CASE-00716,manager_approval,2024-02-09 20:31:56.203092+00:00,75845.66,happy_path,624.52,EMP-061
CASE-00716,finance_approval,2024-02-10 17:36:01.860685+00:00,46624.91,happy_path,624.52,EMP-061
CASE-00716,paid,2024-02-11 06:33:06.773158+00:00,4883.26,happy_path,624.52,EMP-061
CASE-00717,submit,2023-11-13 00:01:06.658034+00:00,305.0,happy_path,3905.93,EMP-084
CASE-00717,manager_approval,2023-11-13 00:06:11.662016+00:00,108608.41,happy_path,3905.93,EMP-084
CASE-00717,finance_approval,2023-11-14 06:16:20.070943+00:00,47891.96,happy_path,3905.93,EMP-084
CASE-00717,paid,2023-11-14 19:34:32.026919+00:00,5403.34,happy_path,3905.93,EMP-084
CASE-00718,submit,2024-03-11 06:54:42.500131+00:00,384.37,happy_path,2946.21,EMP-014
CASE-00718,manager_approval,2024-03-11 07:01:06.873587+00:00,125528.68,happy_path,2946.21,EMP-014
CASE-00718,finance_approval,2024-03-12 17:53:15.548939+00:00,36355.98,happy_path,2946.21,EMP-014
CASE-00718,paid,2024-03-13 03:59:11.532467+00:00,3848.6,happy_path,2946.21,EMP-014
CASE-00719,submit,2023-12-06 13:06:34.564276+00:00,293.3,happy_path,3613.12,EMP-162
CASE-00719,manager_approval,2023-12-06 13:11:27.863753+00:00,105793.72,happy_path,3613.12,EMP-162
CASE-00719,finance_approval,2023-12-07 18:34:41.579795+00:00,52347.9,happy_path,3613.12,EMP-162
CASE-00719,paid,2023-12-08 09:07:09.484395+00:00,3833.77,happy_path,3613.12,EMP-162
CASE-00720,submit,2023-12-24 13:03:39.441141+00:00,326.16,happy_path,599.99,EMP-120
CASE-00720,manager_approval,2023-12-24 13:09:05.598209+00:00,103839.15,happy_path,599.99,EMP-120
CASE-00720,finance_approval,2023-12-25 17:59:44.750469+00:00,50604.62,happy_path,599.99,EMP-120
CASE-00720,paid,2023-12-26 08:03:09.366438+00:00,2798.44,happy_path,599.99,EMP-120
CASE-00721,submit,2024-03-14 00:05:50.618312+00:00,232.87,rejection_loop,3208.1,EMP-157
CASE-00721,manager_rejects,2024-03-14 00:09:43.490144+00:00,3241.21,rejection_loop,3208.1,EMP-157
CASE-00721,resubmit,2024-03-14 01:03:44.701882+00:00,7435.82,rejection_loop,3208.1,EMP-157
CASE-00721,manager_approval,2024-03-14 03:07:40.523635+00:00,108468.6,rejection_loop,3208.1,EMP-157
CASE-00721,paid,2024-03-15 09:15:29.120417+00:00,1824.88,rejection_loop,3208.1,EMP-157
CASE-00722,submit,2023-11-22 06:01:05.499937+00:00,283.71,happy_path,2393.77,EMP-119
CASE-00722,manager_approval,2023-11-22 06:05:49.211813+00:00,81984.48,happy_path,2393.77,EMP-119
CASE-00722,finance_approval,2023-11-23 04:52:13.687290+00:00,31538.71,happy_path,2393.77,EMP-119
CASE-00722,paid,2023-11-23 13:37:52.400331+00:00,3616.85,happy_path,2393.77,EMP-119
CASE-00723,submit,2024-03-21 07:48:36.618728+00:00,353.42,escalation,4464.52,EMP-152
CASE-00723,manager_approval,2024-03-21 07:54:30.033868+00:00,125962.29,escalation,4464.52,EMP-152
CASE-00723,finance_review,2024-03-22 18:53:52.321803+00:00,125166.33,escalation,4464.52,EMP-152
CASE-00723,paid,2024-03-24 05:39:58.650131+00:00,3364.64,escalation,4464.52,EMP-152
CASE-00724,submit,2023-10-09 01:14:26.862032+00:00,308.91,exception,3680.71,EMP-130
CASE-00724,missing_receipt,2023-10-09 01:19:35.776450+00:00,1463.82,exception,3680.71,EMP-130
CASE-00724,hold,2023-10-09 01:43:59.592201+00:00,240022.2,exception,3680.71,EMP-130
CASE-00724,resolved,2023-10-11 20:24:21.794398+00:00,3930.87,exception,3680.71,EMP-130
CASE-00724,paid,2023-10-11 21:29:52.661402+00:00,2005.22,exception,3680.71,EMP-130
CASE-00725,submit,2024-02-15 13:17:59.814157+00:00,278.57,happy_path,1240.53,EMP-143
CASE-00725,manager_approval,2024-02-15 13:22:38.383750+00:00,65724.15,happy_path,1240.53,EMP-143
CASE-00725,finance_approval,2024-02-16 07:38:02.532397+00:00,44554.42,happy_path,1240.53,EMP-143
CASE-00725,paid,2024-02-16 20:00:36.953233+00:00,4430.84,happy_path,1240.53,EMP-143
CASE-00726,submit,2023-12-28 08:39:44.460056+00:00,268.41,happy_path,4994.81,EMP-005
CASE-00726,manager_approval,2023-12-28 08:44:12.867375+00:00,118092.79,happy_path,4994.81,EMP-005
CASE-00726,finance_approval,2023-12-29 17:32:25.657931+00:00,50691.35,happy_path,4994.81,EMP-005
CASE-00726,paid,2023-12-30 07:37:17.009180+00:00,2437.49,happy_path,4994.81,EMP-005
CASE-00727,submit,2023-10-27 22:51:19.121032+00:00,288.86,happy_path,2301.46,EMP-198
CASE-00727,manager_approval,2023-10-27 22:56:07.984533+00:00,73180.68,happy_path,2301.46,EMP-198
CASE-00727,finance_approval,2023-10-28 19:15:48.665708+00:00,50191.69,happy_path,2301.46,EMP-198
CASE-00727,paid,2023-10-29 09:12:20.355452+00:00,2687.32,happy_path,2301.46,EMP-198
CASE-00728,submit,2023-10-15 17:25:04.502070+00:00,342.33,rejection_loop,56.75,EMP-161
CASE-00728,manager_rejects,2023-10-15 17:30:46.833643+00:00,3264.92,rejection_loop,56.75,EMP-161
CASE-00728,resubmit,2023-10-15 18:25:11.755369+00:00,9056.42,rejection_loop,56.75,EMP-161
CASE-00728,manager_approval,2023-10-15 20:56:08.177367+00:00,91044.63,rejection_loop,56.75,EMP-161
CASE-00728,paid,2023-10-16 22:13:32.808257+00:00,3330.24,rejection_loop,56.75,EMP-161
CASE-00729,submit,2023-10-17 13:44:35.014482+00:00,443.89,escalation,3982.67,EMP-176
CASE-00729,manager_approval,2023-10-17 13:51:58.904948+00:00,112217.24,escalation,3982.67,EMP-176
CASE-00729,finance_review,2023-10-18 21:02:16.149058+00:00,124826.68,escalation,3982.67,EMP-176
CASE-00729,paid,2023-10-20 07:42:42.833459+00:00,5642.43,escalation,3982.67,EMP-176
CASE-00730,submit,2023-12-10 22:21:56.083450+00:00,348.84,escalation,4445.49,EMP-029
CASE-00730,manager_approval,2023-12-10 22:27:44.922825+00:00,80306.93,escalation,4445.49,EMP-029
CASE-00730,finance_review,2023-12-11 20:46:11.850194+00:00,175495.57,escalation,4445.49,EMP-029
CASE-00730,paid,2023-12-13 21:31:07.421541+00:00,2730.96,escalation,4445.49,EMP-029
CASE-00731,submit,2023-11-08 20:21:30.247837+00:00,364.53,rejection_loop,2825.75,EMP-199
CASE-00731,manager_rejects,2023-11-08 20:27:34.782204+00:00,4039.99,rejection_loop,2825.75,EMP-199
CASE-00731,resubmit,2023-11-08 21:34:54.769625+00:00,7043.79,rejection_loop,2825.75,EMP-199
CASE-00731,manager_approval,2023-11-08 23:32:18.555439+00:00,105035.21,rejection_loop,2825.75,EMP-199
CASE-00731,paid,2023-11-10 04:42:53.764754+00:00,4272.14,rejection_loop,2825.75,EMP-199
CASE-00732,submit,2023-11-09 18:18:35.908537+00:00,298.66,exception,2921.59,EMP-180
CASE-00732,missing_receipt,2023-11-09 18:23:34.565928+00:00,1585.67,exception,2921.59,EMP-180
CASE-00732,hold,2023-11-09 18:50:00.236467+00:00,218207.84,exception,2921.59,EMP-180
CASE-00732,resolved,2023-11-12 07:26:48.075810+00:00,3978.09,exception,2921.59,EMP-180
CASE-00732,paid,2023-11-12 08:33:06.169371+00:00,3292.2,exception,2921.59,EMP-180
CASE-00733,submit,2024-01-01 06:15:51.885597+00:00,256.23,happy_path,1758.87,EMP-125
CASE-00733,manager_approval,2024-01-01 06:20:08.117134+00:00,98069.51,happy_path,1758.87,EMP-125
CASE-00733,finance_approval,2024-01-02 09:34:37.629981+00:00,36077.82,happy_path,1758.87,EMP-125
CASE-00733,paid,2024-01-02 19:35:55.453326+00:00,1952.27,happy_path,1758.87,EMP-125
CASE-00734,submit,2024-02-23 23:35:04.942614+00:00,277.68,rejection_loop,2287.29,EMP-095
CASE-00734,manager_rejects,2024-02-23 23:39:42.622315+00:00,4627.73,rejection_loop,2287.29,EMP-095
CASE-00734,resubmit,2024-02-24 00:56:50.355798+00:00,6097.97,rejection_loop,2287.29,EMP-095
CASE-00734,manager_approval,2024-02-24 02:38:28.323198+00:00,93815.79,rejection_loop,2287.29,EMP-095
CASE-00734,paid,2024-02-25 04:42:04.115414+00:00,3479.62,rejection_loop,2287.29,EMP-095
CASE-00735,submit,2023-12-12 07:44:54.283867+00:00,365.41,rejection_loop,2316.48,EMP-021
CASE-00735,manager_rejects,2023-12-12 07:50:59.691671+00:00,4963.47,rejection_loop,2316.48,EMP-021
CASE-00735,resubmit,2023-12-12 09:13:43.163090+00:00,8156.33,rejection_loop,2316.48,EMP-021
CASE-00735,manager_approval,2023-12-12 11:29:39.495004+00:00,92425.29,rejection_loop,2316.48,EMP-021
CASE-00735,paid,2023-12-13 13:10:04.784330+00:00,3988.26,rejection_loop,2316.48,EMP-021
CASE-00736,submit,2023-10-07 02:01:19.056568+00:00,321.97,happy_path,1061.07,EMP-161
CASE-00736,manager_approval,2023-10-07 02:06:41.030252+00:00,58081.45,happy_path,1061.07,EMP-161
CASE-00736,finance_approval,2023-10-07 18:14:42.481216+00:00,48660.19,happy_path,1061.07,EMP-161
CASE-00736,paid,2023-10-08 07:45:42.674436+00:00,4527.6,happy_path,1061.07,EMP-161
CASE-00737,submit,2023-11-24 11:21:09.229480+00:00,271.71,happy_path,3701.66,EMP-006
CASE-00737,manager_approval,2023-11-24 11:25:40.942553+00:00,126800.46,happy_path,3701.66,EMP-006
CASE-00737,finance_approval,2023-11-25 22:39:01.403965+00:00,48822.75,happy_path,3701.66,EMP-006
CASE-00737,paid,2023-11-26 12:12:44.156681+00:00,3842.07,happy_path,3701.66,EMP-006
CASE-00738,submit,2024-01-29 00:53:07.321944+00:00,444.74,escalation,2087.87,EMP-088
CASE-00738,manager_approval,2024-01-29 01:00:32.064874+00:00,92115.85,escalation,2087.87,EMP-088
CASE-00738,finance_review,2024-01-30 02:35:47.912736+00:00,124277.03,escalation,2087.87,EMP-088
CASE-00738,paid,2024-01-31 13:07:04.938961+00:00,3042.02,escalation,2087.87,EMP-088
CASE-00739,submit,2023-10-26 18:02:32.526513+00:00,236.32,escalation,2317.14,EMP-146
CASE-00739,manager_approval,2023-10-26 18:06:28.848012+00:00,89644.96,escalation,2317.14,EMP-146
CASE-00739,finance_review,2023-10-27 19:00:33.810916+00:00,147086.73,escalation,2317.14,EMP-146
CASE-00739,paid,2023-10-29 11:52:00.540734+00:00,3534.92,escalation,2317.14,EMP-146
CASE-00740,submit,2023-10-29 16:49:17.792191+00:00,368.91,exception,3860.26,EMP-013
CASE-00740,missing_receipt,2023-10-29 16:55:26.701107+00:00,1639.15,exception,3860.26,EMP-013
CASE-00740,hold,2023-10-29 17:22:45.848462+00:00,470295.4,exception,3860.26,EMP-013
CASE-00740,resolved,2023-11-04 04:01:01.251305+00:00,3338.94,exception,3860.26,EMP-013
CASE-00740,paid,2023-11-04 04:56:40.192284+00:00,3238.57,exception,3860.26,EMP-013
CASE-00741,submit,2024-03-02 01:54:46.238704+00:00,268.76,escalation,952.29,EMP-045
CASE-00741,manager_approval,2024-03-02 01:59:15.002415+00:00,56436.42,escalation,952.29,EMP-045
CASE-00741,finance_review,2024-03-02 17:39:51.419895+00:00,190949.06,escalation,952.29,EMP-045
CASE-00741,paid,2024-03-04 22:42:20.477254+00:00,4145.13,escalation,952.29,EMP-045
CASE-00742,submit,2023-12-21 08:38:20.094356+00:00,272.23,happy_path,1617.3,EMP-033
CASE-00742,manager_approval,2023-12-21 08:42:52.322238+00:00,97090.8,happy_path,1617.3,EMP-033
CASE-00742,finance_approval,2023-12-22 11:41:03.118666+00:00,40364.46,happy_path,1617.3,EMP-033
CASE-00742,paid,2023-12-22 22:53:47.582420+00:00,2315.97,happy_path,1617.3,EMP-033
CASE-00743,submit,2024-01-08 04:13:25.305308+00:00,326.53,exception,782.32,EMP-115
CASE-00743,missing_receipt,2024-01-08 04:18:51.839543+00:00,2016.8,exception,782.32,EMP-115
CASE-00743,hold,2024-01-08 04:52:28.637560+00:00,336413.07,exception,782.32,EMP-115
CASE-00743,resolved,2024-01-12 02:19:21.706785+00:00,3307.12,exception,782.32,EMP-115
CASE-00743,paid,2024-01-12 03:14:28.828444+00:00,3095.52,exception,782.32,EMP-115
CASE-00744,submit,2024-03-25 15:02:55.339820+00:00,300.12,happy_path,1635.08,EMP-002
CASE-00744,manager_approval,2024-03-25 15:07:55.463036+00:00,61768.41,happy_path,1635.08,EMP-002
CASE-00744,finance_approval,2024-03-26 08:17:23.876464+00:00,40750.4,happy_path,1635.08,EMP-002
CASE-00744,paid,2024-03-26 19:36:34.274711+00:00,3146.69,happy_path,1635.08,EMP-002
CASE-00745,submit,2024-03-27 12:34:47.441138+00:00,259.88,rejection_loop,4849.55,EMP-194
CASE-00745,manager_rejects,2024-03-27 12:39:07.325920+00:00,3297.22,rejection_loop,4849.55,EMP-194
CASE-00745,resubmit,2024-03-27 13:34:04.547321+00:00,6746.29,rejection_loop,4849.55,EMP-194
CASE-00745,manager_approval,2024-03-27 15:26:30.837521+00:00,43233.16,rejection_loop,4849.55,EMP-194
CASE-00745,paid,2024-03-28 03:27:03.992796+00:00,2818.56,rejection_loop,4849.55,EMP-194
CASE-00746,submit,2023-12-28 05:11:56.141673+00:00,387.48,happy_path,3461.28,EMP-188
CASE-00746,manager_approval,2023-12-28 05:18:23.620988+00:00,94502.98,happy_path,3461.28,EMP-188
CASE-00746,finance_approval,2023-12-29 07:33:26.602702+00:00,44397.6,happy_path,3461.28,EMP-188
CASE-00746,paid,2023-12-29 19:53:24.207014+00:00,3735.15,happy_path,3461.28,EMP-188
CASE-00747,submit,2023-10-19 15:31:06.554025+00:00,380.83,escalation,1140.81,EMP-092
CASE-00747,manager_approval,2023-10-19 15:37:27.388039+00:00,96883.68,escalation,1140.81,EMP-092
CASE-00747,finance_review,2023-10-20 18:32:11.068729+00:00,146290.82,escalation,1140.81,EMP-092
CASE-00747,paid,2023-10-22 11:10:21.885726+00:00,3280.69,escalation,1140.81,EMP-092
CASE-00748,submit,2023-10-18 01:06:24.687726+00:00,352.77,exception,1425.74,EMP-006
CASE-00748,missing_receipt,2023-10-18 01:12:17.460956+00:00,1434.17,exception,1425.74,EMP-006
CASE-00748,hold,2023-10-18 01:36:11.635158+00:00,486656.14,exception,1425.74,EMP-006
CASE-00748,resolved,2023-10-23 16:47:07.779432+00:00,3169.2,exception,1425.74,EMP-006
CASE-00748,paid,2023-10-23 17:39:56.980918+00:00,2776.51,exception,1425.74,EMP-006
CASE-00749,submit,2024-03-14 12:29:26.969788+00:00,342.9,escalation,2582.2,EMP-015
CASE-00749,manager_approval,2024-03-14 12:35:09.873399+00:00,78546.04,escalation,2582.2,EMP-015
CASE-00749,finance_review,2024-03-15 10:24:15.913511+00:00,191531.02,escalation,2582.2,EMP-015
CASE-00749,paid,2024-03-17 15:36:26.933031+00:00,4124.78,escalation,2582.2,EMP-015
CASE-00750,submit,2023-11-27 10:55:43.278665+00:00,254.19,happy_path,1459.02,EMP-090
CASE-00750,manager_approval,2023-11-27 10:59:57.469555+00:00,60287.21,happy_path,1459.02,EMP-090
CASE-00750,finance_approval,2023-11-28 03:44:44.678685+00:00,46298.19,happy_path,1459.02,EMP-090
CASE-00750,paid,2023-11-28 16:36:22.865185+00:00,4002.62,happy_path,1459.02,EMP-090
CASE-00751,submit,2023-11-23 22:53:56.253071+00:00,422.6,rejection_loop,2107.27,EMP-114
CASE-00751,manager_rejects,2023-11-23 23:00:58.848501+00:00,4145.49,rejection_loop,2107.27,EMP-114
CASE-00751,resubmit,2023-11-24 00:10:04.335056+00:00,2714.15,rejection_loop,2107.27,EMP-114
CASE-00751,manager_approval,2023-11-24 00:55:18.482579+00:00,45569.52,rejection_loop,2107.27,EMP-114
CASE-00751,paid,2023-11-24 13:34:48.002873+00:00,4482.62,rejection_loop,2107.27,EMP-114
CASE-00752,submit,2023-10-28 20:31:18.128286+00:00,241.21,happy_path,2956.54,EMP-023
CASE-00752,manager_approval,2023-10-28 20:35:19.336068+00:00,147304.06,happy_path,2956.54,EMP-023
CASE-00752,finance_approval,2023-10-30 13:30:23.397136+00:00,36773.37,happy_path,2956.54,EMP-023
CASE-00752,paid,2023-10-30 23:43:16.770056+00:00,3471.21,happy_path,2956.54,EMP-023
CASE-00753,submit,2023-10-18 22:05:47.629646+00:00,187.91,exception,2973.86,EMP-097
CASE-00753,missing_receipt,2023-10-18 22:08:55.544559+00:00,2158.33,exception,2973.86,EMP-097
CASE-00753,hold,2023-10-18 22:44:53.871234+00:00,164628.11,exception,2973.86,EMP-097
CASE-00753,resolved,2023-10-20 20:28:41.977134+00:00,3991.11,exception,2973.86,EMP-097
CASE-00753,paid,2023-10-20 21:35:13.089279+00:00,3226.75,exception,2973.86,EMP-097
CASE-00754,submit,2023-11-24 02:28:51.166167+00:00,202.46,happy_path,970.73,EMP-098
CASE-00754,manager_approval,2023-11-24 02:32:13.622585+00:00,46286.48,happy_path,970.73,EMP-098
CASE-00754,finance_approval,2023-11-24 15:23:40.102352+00:00,43991.86,happy_path,970.73,EMP-098
CASE-00754,paid,2023-11-25 03:36:51.961885+00:00,3216.85,happy_path,970.73,EMP-098
CASE-00755,submit,2023-10-07 19:56:55.908464+00:00,375.39,happy_path,3712.29,EMP-058
CASE-00755,manager_approval,2023-10-07 20:03:11.296765+00:00,103260.66,happy_path,3712.29,EMP-058
CASE-00755,finance_approval,2023-10-09 00:44:11.954086+00:00,43286.41,happy_path,3712.29,EMP-058
CASE-00755,paid,2023-10-09 12:45:38.360027+00:00,5241.6,happy_path,3712.29,EMP-058
CASE-00756,submit,2023-12-17 02:07:02.120661+00:00,268.97,happy_path,3286.37,EMP-074
CASE-00756,manager_approval,2023-12-17 02:11:31.089450+00:00,53482.47,happy_path,3286.37,EMP-074
CASE-00756,finance_approval,2023-12-17 17:02:53.560325+00:00,43759.85,happy_path,3286.37,EMP-074
CASE-00756,paid,2023-12-18 05:12:13.408609+00:00,3614.96,happy_path,3286.37,EMP-074
CASE-00757,submit,2024-01-18 19:12:37.861506+00:00,330.23,happy_path,4971.95,EMP-018
CASE-00757,manager_approval,2024-01-18 19:18:08.096037+00:00,70433.46,happy_path,4971.95,EMP-018
CASE-00757,finance_approval,2024-01-19 14:52:01.555729+00:00,49490.5,happy_path,4971.95,EMP-018
CASE-00757,paid,2024-01-20 04:36:52.058289+00:00,2960.19,happy_path,4971.95,EMP-018
CASE-00758,submit,2023-12-09 04:14:00.862820+00:00,318.12,escalation,4872.58,EMP-031
CASE-00758,manager_approval,2023-12-09 04:19:18.981854+00:00,85965.64,escalation,4872.58,EMP-031
CASE-00758,finance_review,2023-12-10 04:12:04.617525+00:00,164718.34,escalation,4872.58,EMP-031
CASE-00758,paid,2023-12-12 01:57:22.955177+00:00,3528.84,escalation,4872.58,EMP-031
CASE-00759,submit,2023-10-27 09:20:55.469725+00:00,379.07,happy_path,2332.17,EMP-178
CASE-00759,manager_approval,2023-10-27 09:27:14.538804+00:00,95331.02,happy_path,2332.17,EMP-178
CASE-00759,finance_approval,2023-10-28 11:56:05.562471+00:00,48113.92,happy_path,2332.17,EMP-178
CASE-00759,paid,2023-10-29 01:17:59.480745+00:00,1863.68,happy_path,2332.17,EMP-178
CASE-00760,submit,2024-01-26 00:14:56.361125+00:00,364.1,happy_path,1484.79,EMP-136
CASE-00760,manager_approval,2024-01-26 00:21:00.458708+00:00,98958.53,happy_path,1484.79,EMP-136
CASE-00760,finance_approval,2024-01-27 03:50:18.986010+00:00,45393.84,happy_path,1484.79,EMP-136
CASE-00760,paid,2024-01-27 16:26:52.827686+00:00,2538.24,happy_path,1484.79,EMP-136
CASE-00761,submit,2024-03-08 00:57:15.627098+00:00,226.47,escalation,877.32,EMP-083
CASE-00761,manager_approval,2024-03-08 01:01:02.095268+00:00,101638.52,escalation,877.32,EMP-083
CASE-00761,finance_review,2024-03-09 05:15:00.617685+00:00,114641.11,escalation,877.32,EMP-083
CASE-00761,paid,2024-03-10 13:05:41.726447+00:00,3168.25,escalation,877.32,EMP-083
CASE-00762,submit,2023-12-05 07:02:19.925606+00:00,386.6,escalation,524.38,EMP-149
CASE-00762,manager_approval,2023-12-05 07:08:46.522251+00:00,93659.6,escalation,524.38,EMP-149
CASE-00762,finance_review,2023-12-06 09:09:46.120528+00:00,191209.78,escalation,524.38,EMP-149
CASE-00762,paid,2023-12-08 14:16:35.902976+00:00,3293.39,escalation,524.38,EMP-149
CASE-00763,submit,2023-10-21 10:26:42.528831+00:00,402.2,happy_path,4608.49,EMP-042
CASE-00763,manager_approval,2023-10-21 10:33:24.729492+00:00,95018.38,happy_path,4608.49,EMP-042
CASE-00763,finance_approval,2023-10-22 12:57:03.109615+00:00,47401.86,happy_path,4608.49,EMP-042
CASE-00763,paid,2023-10-23 02:07:04.972033+00:00,4324.21,happy_path,4608.49,EMP-042
CASE-00764,submit,2024-03-03 07:01:16.747083+00:00,418.49,escalation,4165.51,EMP-135
CASE-00764,manager_approval,2024-03-03 07:08:15.232323+00:00,78560.49,escalation,4165.51,EMP-135
CASE-00764,finance_review,2024-03-04 04:57:35.723355+00:00,107406.89,escalation,4165.51,EMP-135
CASE-00764,paid,2024-03-05 10:47:42.615528+00:00,3903.45,escalation,4165.51,EMP-135
CASE-00765,submit,2024-03-17 05:07:48.473636+00:00,241.01,exception,627.0,EMP-034
CASE-00765,missing_receipt,2024-03-17 05:11:49.482930+00:00,1542.91,exception,627.0,EMP-034
CASE-00765,hold,2024-03-17 05:37:32.392340+00:00,268781.49,exception,627.0,EMP-034
CASE-00765,resolved,2024-03-20 08:17:13.877419+00:00,2881.45,exception,627.0,EMP-034
CASE-00765,paid,2024-03-20 09:05:15.322554+00:00,4860.88,exception,627.0,EMP-034
CASE-00766,submit,2024-03-25 14:52:53.341807+00:00,324.02,rejection_loop,3008.36,EMP-196
CASE-00766,manager_rejects,2024-03-25 14:58:17.359919+00:00,4051.61,rejection_loop,3008.36,EMP-196
CASE-00766,resubmit,2024-03-25 16:05:48.971787+00:00,7168.52,rejection_loop,3008.36,EMP-196
CASE-00766,manager_approval,2024-03-25 18:05:17.496383+00:00,75553.13,rejection_loop,3008.36,EMP-196
CASE-00766,paid,2024-03-26 15:04:30.626167+00:00,4556.58,rejection_loop,3008.36,EMP-196
CASE-00767,submit,2023-10-26 10:32:34.261308+00:00,366.82,escalation,1571.77,EMP-054
CASE-00767,manager_approval,2023-10-26 10:38:41.081484+00:00,115540.55,escalation,1571.77,EMP-054
CASE-00767,finance_review,2023-10-27 18:44:21.632900+00:00,204178.24,escalation,1571.77,EMP-054
CASE-00767,paid,2023-10-30 03:27:19.869076+00:00,3676.83,escalation,1571.77,EMP-054
CASE-00768,submit,2023-11-07 08:14:10.635814+00:00,276.41,rejection_loop,3798.8,EMP-011
CASE-00768,manager_rejects,2023-11-07 08:18:47.047420+00:00,4462.44,rejection_loop,3798.8,EMP-011
CASE-00768,resubmit,2023-11-07 09:33:09.487636+00:00,7740.77,rejection_loop,3798.8,EMP-011
CASE-00768,manager_approval,2023-11-07 11:42:10.260524+00:00,66141.37,rejection_loop,3798.8,EMP-011
CASE-00768,paid,2023-11-08 06:04:31.631677+00:00,3040.38,rejection_loop,3798.8,EMP-011
CASE-00769,submit,2024-01-31 03:58:24.058788+00:00,303.0,exception,264.24,EMP-078
CASE-00769,missing_receipt,2024-01-31 04:03:27.054181+00:00,1276.29,exception,264.24,EMP-078
CASE-00769,hold,2024-01-31 04:24:43.347233+00:00,310559.21,exception,264.24,EMP-078
CASE-00769,resolved,2024-02-03 18:40:42.552518+00:00,3404.21,exception,264.24,EMP-078
CASE-00769,paid,2024-02-03 19:37:26.762492+00:00,4067.91,exception,264.24,EMP-078
CASE-00770,submit,2024-03-20 12:46:13.121263+00:00,277.69,happy_path,499.36,EMP-192
CASE-00770,manager_approval,2024-03-20 12:50:50.807566+00:00,105346.87,happy_path,499.36,EMP-192
CASE-00770,finance_approval,2024-03-21 18:06:37.682234+00:00,41094.78,happy_path,499.36,EMP-192
CASE-00770,paid,2024-03-22 05:31:32.464954+00:00,4165.18,happy_path,499.36,EMP-192
CASE-00771,submit,2023-10-15 07:12:57.628938+00:00,359.83,rejection_loop,1247.02,EMP-146
CASE-00771,manager_rejects,2023-10-15 07:18:57.463062+00:00,4031.26,rejection_loop,1247.02,EMP-146
CASE-00771,resubmit,2023-10-15 08:26:08.719361+00:00,4431.96,rejection_loop,1247.02,EMP-146
CASE-00771,manager_approval,2023-10-15 09:40:00.676322+00:00,52697.63,rejection_loop,1247.02,EMP-146
CASE-00771,paid,2023-10-16 00:18:18.305463+00:00,3342.73,rejection_loop,1247.02,EMP-146
CASE-00772,submit,2024-01-07 16:23:11.157175+00:00,326.98,exception,900.28,EMP-194
CASE-00772,missing_receipt,2024-01-07 16:28:38.132402+00:00,1777.4,exception,900.28,EMP-194
CASE-00772,hold,2024-01-07 16:58:15.534690+00:00,282143.27,exception,900.28,EMP-194
CASE-00772,resolved,2024-01-10 23:20:38.808442+00:00,4292.64,exception,900.28,EMP-194
CASE-00772,paid,2024-01-11 00:32:11.446258+00:00,3374.43,exception,900.28,EMP-194
CASE-00773,submit,2023-11-04 13:15:56.457444+00:00,244.68,escalation,2226.35,EMP-028
CASE-00773,manager_approval,2023-11-04 13:20:01.138321+00:00,73482.28,escalation,2226.35,EMP-028
CASE-00773,finance_review,2023-11-05 09:44:43.421479+00:00,206183.72,escalation,2226.35,EMP-028
CASE-00773,paid,2023-11-07 19:01:07.141215+00:00,3743.96,escalation,2226.35,EMP-028
CASE-00774,submit,2023-12-25 20:41:43.176406+00:00,342.03,happy_path,4923.83,EMP-032
CASE-00774,manager_approval,2023-12-25 20:47:25.210730+00:00,61315.22,happy_path,4923.83,EMP-032
CASE-00774,finance_approval,2023-12-26 13:49:20.434926+00:00,42158.22,happy_path,4923.83,EMP-032
CASE-00774,paid,2023-12-27 01:31:58.657675+00:00,3122.41,happy_path,4923.83,EMP-032
CASE-00775,submit,2023-10-23 19:55:17.983485+00:00,337.88,rejection_loop,457.13,EMP-127
CASE-00775,manager_rejects,2023-10-23 20:00:55.860665+00:00,3429.65,rejection_loop,457.13,EMP-127
CASE-00775,resubmit,2023-10-23 20:58:05.508518+00:00,9583.84,rejection_loop,457.13,EMP-127
CASE-00775,manager_approval,2023-10-23 23:37:49.349613+00:00,63970.57,rejection_loop,457.13,EMP-127
CASE-00775,paid,2023-10-24 17:23:59.915887+00:00,5876.15,rejection_loop,457.13,EMP-127
CASE-00776,submit,2024-03-28 07:02:14.128024+00:00,193.62,happy_path,2791.88,EMP-075
CASE-00776,manager_approval,2024-03-28 07:05:27.751926+00:00,105023.17,happy_path,2791.88,EMP-075
CASE-00776,finance_approval,2024-03-29 12:15:50.923582+00:00,53433.5,happy_path,2791.88,EMP-075
CASE-00776,paid,2024-03-30 03:06:24.423600+00:00,2604.6,happy_path,2791.88,EMP-075
CASE-00777,submit,2024-03-30 18:29:05.161066+00:00,271.75,exception,1868.83,EMP-004
CASE-00777,missing_receipt,2024-03-30 18:33:36.914137+00:00,1807.42,exception,1868.83,EMP-004
CASE-00777,hold,2024-03-30 19:03:44.332209+00:00,142011.46,exception,1868.83,EMP-004
CASE-00777,resolved,2024-04-01 10:30:35.789538+00:00,3933.75,exception,1868.83,EMP-004
CASE-00777,paid,2024-04-01 11:36:09.540371+00:00,4030.95,exception,1868.83,EMP-004
CASE-00778,submit,2024-02-13 10:59:12.945826+00:00,316.99,happy_path,2973.26,EMP-027
CASE-00778,manager_approval,2024-02-13 11:04:29.938309+00:00,96644.41,happy_path,2973.26,EMP-027
CASE-00778,finance_approval,2024-02-14 13:55:14.344062+00:00,40461.68,happy_path,2973.26,EMP-027
CASE-00778,paid,2024-02-15 01:09:36.021554+00:00,3207.07,happy_path,2973.26,EMP-027
CASE-00779,submit,2023-10-25 02:19:57.232050+00:00,330.2,happy_path,4227.95,EMP-104
CASE-00779,manager_approval,2023-10-25 02:25:27.434947+00:00,104653.15,happy_path,4227.95,EMP-104
CASE-00779,finance_approval,2023-10-26 07:29:40.582596+00:00,33355.96,happy_path,4227.95,EMP-104
CASE-00779,paid,2023-10-26 16:45:36.541315+00:00,3346.38,happy_path,4227.95,EMP-104
CASE-00780,submit,2024-03-20 18:43:56.116246+00:00,393.35,escalation,1401.22,EMP-165
CASE-00780,manager_approval,2024-03-20 18:50:29.465467+00:00,66601.85,escalation,1401.22,EMP-165
CASE-00780,finance_review,2024-03-21 13:20:31.315336+00:00,223126.9,escalation,1401.22,EMP-165
CASE-00780,paid,2024-03-24 03:19:18.218900+00:00,6135.22,escalation,1401.22,EMP-165
CASE-00781,submit,2023-10-22 10:43:06.261030+00:00,245.25,escalation,779.5,EMP-117
CASE-00781,manager_approval,2023-10-22 10:47:11.507691+00:00,86290.2,escalation,779.5,EMP-117
CASE-00781,finance_review,2023-10-23 10:45:21.705508+00:00,223463.73,escalation,779.5,EMP-117
CASE-00781,paid,2023-10-26 00:49:45.439438+00:00,3265.12,escalation,779.5,EMP-117
CASE-00782,submit,2023-12-31 15:56:34.099512+00:00,276.71,happy_path,311.62,EMP-018
CASE-00782,manager_approval,2023-12-31 16:01:10.807789+00:00,99778.98,happy_path,311.62,EMP-018
CASE-00782,finance_approval,2024-01-01 19:44:09.789986+00:00,43956.67,happy_path,311.62,EMP-018
CASE-00782,paid,2024-01-02 07:56:46.455168+00:00,2965.89,happy_path,311.62,EMP-018
CASE-00783,submit,2023-10-16 18:33:16.412584+00:00,267.39,happy_path,3135.0,EMP-195
CASE-00783,manager_approval,2023-10-16 18:37:43.798116+00:00,86773.21,happy_path,3135.0,EMP-195
CASE-00783,finance_approval,2023-10-17 18:43:57.007395+00:00,30900.74,happy_path,3135.0,EMP-195
CASE-00783,paid,2023-10-18 03:18:57.746708+00:00,3760.36,happy_path,3135.0,EMP-195
CASE-00784,submit,2024-01-08 15:19:57.560739+00:00,261.14,escalation,2476.74,EMP-067
CASE-00784,manager_approval,2024-01-08 15:24:18.705172+00:00,96234.99,escalation,2476.74,EMP-067
CASE-00784,finance_review,2024-01-09 18:08:13.694437+00:00,122642.6,escalation,2476.74,EMP-067
CASE-00784,paid,2024-01-11 04:12:16.293818+00:00,5119.93,escalation,2476.74,EMP-067
CASE-00785,submit,2023-12-11 01:16:51.843194+00:00,311.3,exception,4406.62,EMP-031
CASE-00785,missing_receipt,2023-12-11 01:22:03.139838+00:00,1684.96,exception,4406.62,EMP-031
CASE-00785,hold,2023-12-11 01:50:08.103317+00:00,336345.62,exception,4406.62,EMP-031
CASE-00785,resolved,2023-12-14 23:15:53.726634+00:00,3449.85,exception,4406.62,EMP-031
CASE-00785,paid,2023-12-15 00:13:23.581519+00:00,3658.34,exception,4406.62,EMP-031
CASE-00786,submit,2024-03-10 05:54:17.962404+00:00,332.71,escalation,4308.79,EMP-078
CASE-00786,manager_approval,2024-03-10 05:59:50.675323+00:00,106071.06,escalation,4308.79,EMP-078
CASE-00786,finance_review,2024-03-11 11:27:41.735124+00:00,156397.74,escalation,4308.79,EMP-078
CASE-00786,paid,2024-03-13 06:54:19.477414+00:00,4425.56,escalation,4308.79,EMP-078
CASE-00787,submit,2024-01-29 19:32:22.220387+00:00,269.12,rejection_loop,2865.83,EMP-126
CASE-00787,manager_rejects,2024-01-29 19:36:51.336151+00:00,2881.68,rejection_loop,2865.83,EMP-126
CASE-00787,resubmit,2024-01-29 20:24:53.015020+00:00,3707.11,rejection_loop,2865.83,EMP-126
CASE-00787,manager_approval,2024-01-29 21:26:40.124005+00:00,92792.9,rejection_loop,2865.83,EMP-126
CASE-00787,paid,2024-01-30 23:13:13.026813+00:00,2703.88,rejection_loop,2865.83,EMP-126
CASE-00788,submit,2024-02-01 18:25:38.012658+00:00,297.49,happy_path,4855.81,EMP-158
CASE-00788,manager_approval,2024-02-01 18:30:35.501854+00:00,88225.6,happy_path,4855.81,EMP-158
CASE-00788,finance_approval,2024-02-02 19:01:01.103367+00:00,37340.82,happy_path,4855.81,EMP-158
CASE-00788,paid,2024-02-03 05:23:21.924991+00:00,4714.13,happy_path,4855.81,EMP-158
CASE-00789,submit,2024-01-16 02:44:14.443329+00:00,330.18,happy_path,1863.73,EMP-190
CASE-00789,manager_approval,2024-01-16 02:49:44.622588+00:00,89284.35,happy_path,1863.73,EMP-190
CASE-00789,finance_approval,2024-01-17 03:37:48.975958+00:00,33159.57,happy_path,1863.73,EMP-190
CASE-00789,paid,2024-01-17 12:50:28.542759+00:00,2904.03,happy_path,1863.73,EMP-190
CASE-00790,submit,2024-01-30 00:33:24.570555+00:00,343.26,exception,2089.05,EMP-015
CASE-00790,missing_receipt,2024-01-30 00:39:07.827408+00:00,1806.5,exception,2089.05,EMP-015
CASE-00790,hold,2024-01-30 01:09:14.327326+00:00,384054.71,exception,2089.05,EMP-015
CASE-00790,resolved,2024-02-03 11:50:09.036615+00:00,2498.64,exception,2089.05,EMP-015
CASE-00790,paid,2024-02-03 12:31:47.676636+00:00,2514.34,exception,2089.05,EMP-015
CASE-00791,submit,2023-11-02 13:26:46.759639+00:00,283.92,happy_path,1559.32,EMP-087
CASE-00791,manager_approval,2023-11-02 13:31:30.678447+00:00,84974.81,happy_path,1559.32,EMP-087
CASE-00791,finance_approval,2023-11-03 13:07:45.487248+00:00,39068.48,happy_path,1559.32,EMP-087
CASE-00791,paid,2023-11-03 23:58:53.969155+00:00,2810.91,happy_path,1559.32,EMP-087
CASE-00792,submit,2024-02-05 06:32:26.223229+00:00,151.09,escalation,2134.8,EMP-006
CASE-00792,manager_approval,2024-02-05 06:34:57.318120+00:00,53323.21,escalation,2134.8,EMP-006
CASE-00792,finance_review,2024-02-05 21:23:40.528192+00:00,141894.4,escalation,2134.8,EMP-006
CASE-00792,paid,2024-02-07 12:48:34.928636+00:00,4222.09,escalation,2134.8,EMP-006
CASE-00793,submit,2024-02-04 08:31:56.376234+00:00,319.23,escalation,4051.22,EMP-026
CASE-00793,manager_approval,2024-02-04 08:37:15.606931+00:00,110747.09,escalation,4051.22,EMP-026
CASE-00793,finance_review,2024-02-05 15:23:02.695419+00:00,196940.92,escalation,4051.22,EMP-026
CASE-00793,paid,2024-02-07 22:05:23.620196+00:00,2362.94,escalation,4051.22,EMP-026
CASE-00794,submit,2023-11-08 07:35:50.164394+00:00,193.08,happy_path,1532.63,EMP-112
CASE-00794,manager_approval,2023-11-08 07:39:03.242714+00:00,42493.19,happy_path,1532.63,EMP-112
CASE-00794,finance_approval,2023-11-08 19:27:16.431010+00:00,55690.6,happy_path,1532.63,EMP-112
CASE-00794,paid,2023-11-09 10:55:27.031919+00:00,4399.51,happy_path,1532.63,EMP-112
CASE-00795,submit,2024-03-30 07:42:13.087142+00:00,264.95,happy_path,1362.52,EMP-077
CASE-00795,manager_approval,2024-03-30 07:46:38.032921+00:00,95325.25,happy_path,1362.52,EMP-077
CASE-00795,finance_approval,2024-03-31 10:15:23.285165+00:00,43058.73,happy_path,1362.52,EMP-077
CASE-00795,paid,2024-03-31 22:13:02.012974+00:00,3205.08,happy_path,1362.52,EMP-077
CASE-00796,submit,2023-11-21 04:56:11.420072+00:00,232.5,rejection_loop,518.93,EMP-087
CASE-00796,manager_rejects,2023-11-21 05:00:03.918166+00:00,3300.67,rejection_loop,518.93,EMP-087
CASE-00796,resubmit,2023-11-21 05:55:04.590917+00:00,5708.61,rejection_loop,518.93,EMP-087
CASE-00796,manager_approval,2023-11-21 07:30:13.201235+00:00,95222.51,rejection_loop,518.93,EMP-087
CASE-00796,paid,2023-11-22 09:57:15.712113+00:00,5086.1,rejection_loop,518.93,EMP-087
CASE-00797,submit,2024-01-08 04:34:24.751027+00:00,351.79,escalation,1534.55,EMP-170
CASE-00797,manager_approval,2024-01-08 04:40:16.541136+00:00,93161.88,escalation,1534.55,EMP-170
CASE-00797,finance_review,2024-01-09 06:32:58.423150+00:00,214490.47,escalation,1534.55,EMP-170
CASE-00797,paid,2024-01-11 18:07:48.896075+00:00,2900.54,escalation,1534.55,EMP-170
CASE-00798,submit,2024-01-24 00:17:08.901343+00:00,253.39,rejection_loop,943.97,EMP-005
CASE-00798,manager_rejects,2024-01-24 00:21:22.292100+00:00,3216.45,rejection_loop,943.97,EMP-005
CASE-00798,resubmit,2024-01-24 01:14:58.743093+00:00,7082.3,rejection_loop,943.97,EMP-005
CASE-00798,manager_approval,2024-01-24 03:13:01.039154+00:00,54637.62,rejection_loop,943.97,EMP-005
CASE-00798,paid,2024-01-24 18:23:38.657701+00:00,3606.62,rejection_loop,943.97,EMP-005
CASE-00799,submit,2024-03-19 16:32:37.818707+00:00,218.91,rejection_loop,4693.61,EMP-069
CASE-00799,manager_rejects,2024-03-19 16:36:16.727698+00:00,3430.9,rejection_loop,4693.61,EMP-069
CASE-00799,resubmit,2024-03-19 17:33:27.630498+00:00,7430.05,rejection_loop,4693.61,EMP-069
CASE-00799,manager_approval,2024-03-19 19:37:17.680972+00:00,63530.36,rejection_loop,4693.61,EMP-069
CASE-00799,paid,2024-03-20 13:16:08.036329+00:00,2443.92,rejection_loop,4693.61,EMP-069
CASE-00800,submit,2023-11-15 06:24:55.636923+00:00,266.0,escalation,1853.16,EMP-038
CASE-00800,manager_approval,2023-11-15 06:29:21.641038+00:00,85575.67,escalation,1853.16,EMP-038
CASE-00800,finance_review,2023-11-16 06:15:37.312045+00:00,99240.67,escalation,1853.16,EMP-038
CASE-00800,paid,2023-11-17 09:49:37.979843+00:00,4115.65,escalation,1853.16,EMP-038
CASE-00801,submit,2023-11-08 15:22:14.661374+00:00,248.81,rejection_loop,4560.13,EMP-163
CASE-00801,manager_rejects,2023-11-08 15:26:23.471975+00:00,2647.08,rejection_loop,4560.13,EMP-163
CASE-00801,resubmit,2023-11-08 16:10:30.549901+00:00,8953.38,rejection_loop,4560.13,EMP-163
CASE-00801,manager_approval,2023-11-08 18:39:43.926933+00:00,76294.75,rejection_loop,4560.13,EMP-163
CASE-00801,paid,2023-11-09 15:51:18.675834+00:00,3049.78,rejection_loop,4560.13,EMP-163
CASE-00802,submit,2023-10-29 23:50:12.878530+00:00,405.54,escalation,2059.04,EMP-030
CASE-00802,manager_approval,2023-10-29 23:56:58.414882+00:00,93081.09,escalation,2059.04,EMP-030
CASE-00802,finance_review,2023-10-31 01:48:19.505736+00:00,154311.87,escalation,2059.04,EMP-030
CASE-00802,paid,2023-11-01 20:40:11.372907+00:00,4563.26,escalation,2059.04,EMP-030
CASE-00803,submit,2023-11-08 08:35:56.391775+00:00,297.92,exception,2138.99,EMP-010
CASE-00803,missing_receipt,2023-11-08 08:40:54.316443+00:00,1872.22,exception,2138.99,EMP-010
CASE-00803,hold,2023-11-08 09:12:06.537019+00:00,276394.17,exception,2138.99,EMP-010
CASE-00803,resolved,2023-11-11 13:58:40.705590+00:00,3130.91,exception,2138.99,EMP-010
CASE-00803,paid,2023-11-11 14:50:51.620249+00:00,2371.09,exception,2138.99,EMP-010
CASE-00804,submit,2023-10-12 23:00:49.747505+00:00,272.98,happy_path,3626.25,EMP-006
CASE-00804,manager_approval,2023-10-12 23:05:22.725277+00:00,101323.02,happy_path,3626.25,EMP-006
CASE-00804,finance_approval,2023-10-14 03:14:05.748969+00:00,39416.32,happy_path,3626.25,EMP-006
CASE-00804,paid,2023-10-14 14:11:02.071781+00:00,3503.14,happy_path,3626.25,EMP-006
CASE-00805,submit,2024-01-29 08:06:00.741725+00:00,320.77,exception,4489.03,EMP-172
CASE-00805,missing_receipt,2024-01-29 08:11:21.509273+00:00,2405.86,exception,4489.03,EMP-172
CASE-00805,hold,2024-01-29 08:51:27.368276+00:00,370404.68,exception,4489.03,EMP-172
CASE-00805,resolved,2024-02-02 15:44:52.051620+00:00,3546.77,exception,4489.03,EMP-172
CASE-00805,paid,2024-02-02 16:43:58.821618+00:00,3111.11,exception,4489.03,EMP-172
CASE-00806,submit,2024-01-04 22:51:23.955576+00:00,369.85,happy_path,3685.68,EMP-031
CASE-00806,manager_approval,2024-01-04 22:57:33.807490+00:00,39956.84,happy_path,3685.68,EMP-031
CASE-00806,finance_approval,2024-01-05 10:03:30.650767+00:00,48184.89,happy_path,3685.68,EMP-031
CASE-00806,paid,2024-01-05 23:26:35.545380+00:00,3314.19,happy_path,3685.68,EMP-031
CASE-00807,submit,2024-02-19 04:11:04.633286+00:00,256.01,rejection_loop,1228.48,EMP-032
CASE-00807,manager_rejects,2024-02-19 04:15:20.641746+00:00,4645.1,rejection_loop,1228.48,EMP-032
CASE-00807,resubmit,2024-02-19 05:32:45.743531+00:00,6938.92,rejection_loop,1228.48,EMP-032
CASE-00807,manager_approval,2024-02-19 07:28:24.661660+00:00,47417.39,rejection_loop,1228.48,EMP-032
CASE-00807,paid,2024-02-19 20:38:42.054218+00:00,3520.03,rejection_loop,1228.48,EMP-032
CASE-00808,submit,2024-03-25 14:04:09.897821+00:00,159.62,happy_path,578.73,EMP-055
CASE-00808,manager_approval,2024-03-25 14:06:49.514635+00:00,71034.83,happy_path,578.73,EMP-055
CASE-00808,finance_approval,2024-03-26 09:50:44.345005+00:00,45247.39,happy_path,578.73,EMP-055
CASE-00808,paid,2024-03-26 22:24:51.732213+00:00,2715.88,happy_path,578.73,EMP-055
CASE-00809,submit,2024-01-09 05:37:06.756372+00:00,262.86,happy_path,4746.12,EMP-082
CASE-00809,manager_approval,2024-01-09 05:41:29.620286+00:00,70357.11,happy_path,4746.12,EMP-082
CASE-00809,finance_approval,2024-01-10 01:14:06.728111+00:00,44052.01,happy_path,4746.12,EMP-082
CASE-00809,paid,2024-01-10 13:28:18.734746+00:00,3326.71,happy_path,4746.12,EMP-082
CASE-00810,submit,2024-02-27 20:17:54.175017+00:00,403.49,happy_path,2402.35,EMP-095
CASE-00810,manager_approval,2024-02-27 20:24:37.669006+00:00,142276.84,happy_path,2402.35,EMP-095
CASE-00810,finance_approval,2024-02-29 11:55:54.509581+00:00,45680.79,happy_path,2402.35,EMP-095
CASE-00810,paid,2024-03-01 00:37:15.301858+00:00,2240.56,happy_path,2402.35,EMP-095
CASE-00811,submit,2024-03-16 03:24:55.749511+00:00,228.95,escalation,4707.2,EMP-177
CASE-00811,manager_approval,2024-03-16 03:28:44.703989+00:00,78597.98,escalation,4707.2,EMP-177
CASE-00811,finance_review,2024-03-17 01:18:42.680179+00:00,143728.44,escalation,4707.2,EMP-177
CASE-00811,paid,2024-03-18 17:14:11.118833+00:00,2638.02,escalation,4707.2,EMP-177
CASE-00812,submit,2023-10-24 23:16:20.211536+00:00,356.76,rejection_loop,4520.63,EMP-176
CASE-00812,manager_rejects,2023-10-24 23:22:16.973890+00:00,4394.33,rejection_loop,4520.63,EMP-176
CASE-00812,resubmit,2023-10-25 00:35:31.299900+00:00,4562.99,rejection_loop,4520.63,EMP-176
CASE-00812,manager_approval,2023-10-25 01:51:34.288680+00:00,50186.08,rejection_loop,4520.63,EMP-176
CASE-00812,paid,2023-10-25 15:48:00.370420+00:00,4872.89,rejection_loop,4520.63,EMP-176
CASE-00813,submit,2023-11-26 03:50:12.533727+00:00,392.91,happy_path,4891.06,EMP-066
CASE-00813,manager_approval,2023-11-26 03:56:45.442801+00:00,72254.85,happy_path,4891.06,EMP-066
CASE-00813,finance_approval,2023-11-27 00:01:00.296117+00:00,39012.89,happy_path,4891.06,EMP-066
CASE-00813,paid,2023-11-27 10:51:13.184808+00:00,5304.24,happy_path,4891.06,EMP-066
CASE-00814,submit,2024-03-09 07:17:54.633396+00:00,306.43,happy_path,2222.29,EMP-082
CASE-00814,manager_approval,2024-03-09 07:23:01.066101+00:00,64465.31,happy_path,2222.29,EMP-082
CASE-00814,finance_approval,2024-03-10 01:17:26.372533+00:00,57321.43,happy_path,2222.29,EMP-082
CASE-00814,paid,2024-03-10 17:12:47.806223+00:00,3981.56,happy_path,2222.29,EMP-082
CASE-00815,submit,2024-02-12 15:35:21.463179+00:00,348.32,rejection_loop,4705.45,EMP-121
CASE-00815,manager_rejects,2024-02-12 15:41:09.779090+00:00,3359.52,rejection_loop,4705.45,EMP-121
CASE-00815,resubmit,2024-02-12 16:37:09.295323+00:00,3639.01,rejection_loop,4705.45,EMP-121
CASE-00815,manager_approval,2024-02-12 17:37:48.309303+00:00,109071.43,rejection_loop,4705.45,EMP-121
CASE-00815,paid,2024-02-13 23:55:39.734487+00:00,4029.69,rejection_loop,4705.45,EMP-121
CASE-00816,submit,2024-01-19 09:08:27.130148+00:00,320.92,happy_path,378.52,EMP-108
CASE-00816,manager_approval,2024-01-19 09:13:48.051536+00:00,100115.02,happy_path,378.52,EMP-108
CASE-00816,finance_approval,2024-01-20 13:02:23.071425+00:00,32342.51,happy_path,378.52,EMP-108
CASE-00816,paid,2024-01-20 22:01:25.582200+00:00,3397.12,happy_path,378.52,EMP-108
CASE-00817,submit,2023-12-21 19:30:34.108933+00:00,304.09,happy_path,3225.88,EMP-162
CASE-00817,manager_approval,2023-12-21 19:35:38.199166+00:00,85328.33,happy_path,3225.88,EMP-162
CASE-00817,finance_approval,2023-12-22 19:17:46.529775+00:00,42762.07,happy_path,3225.88,EMP-162
CASE-00817,paid,2023-12-23 07:10:28.600078+00:00,3837.16,happy_path,3225.88,EMP-162
CASE-00818,submit,2024-01-03 22:42:02.337626+00:00,348.74,escalation,598.6,EMP-064
CASE-00818,manager_approval,2024-01-03 22:47:51.075483+00:00,126367.46,escalation,598.6,EMP-064
CASE-00818,finance_review,2024-01-05 09:53:58.532756+00:00,157376.94,escalation,598.6,EMP-064
CASE-00818,paid,2024-01-07 05:36:55.471776+00:00,3744.05,escalation,598.6,EMP-064
CASE-00819,submit,2023-12-23 06:26:10.911523+00:00,184.14,escalation,3973.58,EMP-082
CASE-00819,manager_approval,2023-12-23 06:29:15.055606+00:00,94499.68,escalation,3973.58,EMP-082
CASE-00819,finance_review,2023-12-24 08:44:14.736999+00:00,156293.58,escalation,3973.58,EMP-082
CASE-00819,paid,2023-12-26 04:09:08.321350+00:00,4158.13,escalation,3973.58,EMP-082
CASE-00820,submit,2023-12-16 14:37:28.394645+00:00,371.33,happy_path,1444.9,EMP-022
CASE-00820,manager_approval,2023-12-16 14:43:39.726798+00:00,104730.06,happy_path,1444.9,EMP-022
CASE-00820,finance_approval,2023-12-17 19:49:09.790748+00:00,56594.91,happy_path,1444.9,EMP-022
CASE-00820,paid,2023-12-18 11:32:24.697585+00:00,5357.88,happy_path,1444.9,EMP-022
CASE-00821,submit,2024-01-27 11:30:03.232058+00:00,257.61,happy_path,4743.14,EMP-143
CASE-00821,manager_approval,2024-01-27 11:34:20.838222+00:00,53464.75,happy_path,4743.14,EMP-143
CASE-00821,finance_approval,2024-01-28 02:25:25.592310+00:00,31994.75,happy_path,4743.14,EMP-143
CASE-00821,paid,2024-01-28 11:18:40.341361+00:00,4190.43,happy_path,4743.14,EMP-143
CASE-00822,submit,2024-01-22 05:46:38.979007+00:00,293.54,rejection_loop,885.34,EMP-103
CASE-00822,manager_rejects,2024-01-22 05:51:32.523297+00:00,3324.5,rejection_loop,885.34,EMP-103
CASE-00822,resubmit,2024-01-22 06:46:57.027168+00:00,6596.4,rejection_loop,885.34,EMP-103
CASE-00822,manager_approval,2024-01-22 08:36:53.426611+00:00,99135.19,rejection_loop,885.34,EMP-103
CASE-00822,paid,2024-01-23 12:09:08.615431+00:00,3456.74,rejection_loop,885.34,EMP-103
CASE-00823,submit,2023-12-20 07:53:08.651622+00:00,357.81,escalation,119.87,EMP-135
CASE-00823,manager_approval,2023-12-20 07:59:06.466620+00:00,74955.87,escalation,119.87,EMP-135
CASE-00823,finance_review,2023-12-21 04:48:22.338499+00:00,162780.55,escalation,119.87,EMP-135
CASE-00823,paid,2023-12-23 02:01:22.891859+00:00,3199.02,escalation,119.87,EMP-135
CASE-00824,submit,2023-11-23 19:59:44.601777+00:00,268.33,rejection_loop,993.19,EMP-069
CASE-00824,manager_rejects,2023-11-23 20:04:12.931778+00:00,3611.61,rejection_loop,993.19,EMP-069
CASE-00824,resubmit,2023-11-23 21:04:24.541668+00:00,8709.78,rejection_loop,993.19,EMP-069
CASE-00824,manager_approval,2023-11-23 23:29:34.320200+00:00,63444.3,rejection_loop,993.19,EMP-069
CASE-00824,paid,2023-11-24 17:06:58.618143+00:00,4333.74,rejection_loop,993.19,EMP-069
CASE-00825,submit,2024-02-22 15:26:32.891151+00:00,298.53,escalation,2120.74,EMP-105
CASE-00825,manager_approval,2024-02-22 15:31:31.417718+00:00,144473.91,escalation,2120.74,EMP-105
CASE-00825,finance_review,2024-02-24 07:39:25.330294+00:00,194029.79,escalation,2120.74,EMP-105
CASE-00825,paid,2024-02-26 13:33:15.122561+00:00,3689.76,escalation,2120.74,EMP-105
CASE-00826,submit,2023-12-24 11:16:08.260782+00:00,365.43,happy_path,2935.37,EMP-166
CASE-00826,manager_approval,2023-12-24 11:22:13.693323+00:00,97925.27,happy_path,2935.37,EMP-166
CASE-00826,finance_approval,2023-12-25 14:34:18.967005+00:00,43449.46,happy_path,2935.37,EMP-166
CASE-00826,paid,2023-12-26 02:38:28.431676+00:00,2985.67,happy_path,2935.37,EMP-166
CASE-00827,submit,2023-12-18 04:37:00.871102+00:00,382.62,escalation,3581.01,EMP-182
CASE-00827,manager_approval,2023-12-18 04:43:23.489130+00:00,79507.21,escalation,3581.01,EMP-182
CASE-00827,finance_review,2023-12-19 02:48:30.703054+00:00,163150.63,escalation,3581.01,EMP-182
CASE-00827,paid,2023-12-21 00:07:41.333744+00:00,3324.23,escalation,3581.01,EMP-182
CASE-00828,submit,2024-03-30 09:54:51.720080+00:00,293.12,exception,2381.12,EMP-091
CASE-00828,missing_receipt,2024-03-30 09:59:44.839058+00:00,2528.01,exception,2381.12,EMP-091
CASE-00828,hold,2024-03-30 10:41:52.853518+00:00,175151.46,exception,2381.12,EMP-091
CASE-00828,resolved,2024-04-01 11:21:04.310063+00:00,2787.33,exception,2381.12,EMP-091
CASE-00828,paid,2024-04-01 12:07:31.637840+00:00,2734.86,exception,2381.12,EMP-091
CASE-00829,submit,2023-12-10 13:39:02.727904+00:00,388.61,happy_path,1305.6,EMP-159
CASE-00829,manager_approval,2023-12-10 13:45:31.335301+00:00,81865.03,happy_path,1305.6,EMP-159
CASE-00829,finance_approval,2023-12-11 12:29:56.365001+00:00,53446.71,happy_path,1305.6,EMP-159
CASE-00829,paid,2023-12-12 03:20:43.074413+00:00,5002.98,happy_path,1305.6,EMP-159
CASE-00830,submit,2024-01-01 16:11:09.018059+00:00,411.44,happy_path,937.89,EMP-044
CASE-00830,manager_approval,2024-01-01 16:18:00.462553+00:00,67621.52,happy_path,937.89,EMP-044
CASE-00830,finance_approval,2024-01-02 11:05:01.983269+00:00,47450.9,happy_path,937.89,EMP-044
CASE-00830,paid,2024-01-03 00:15:52.878870+00:00,4179.7,happy_path,937.89,EMP-044
CASE-00831,submit,2023-11-28 09:19:28.944421+00:00,369.92,escalation,751.89,EMP-030
CASE-00831,manager_approval,2023-11-28 09:25:38.866698+00:00,82981.39,escalation,751.89,EMP-030
CASE-00831,finance_review,2023-11-29 08:28:40.254042+00:00,207400.25,escalation,751.89,EMP-030
CASE-00831,paid,2023-12-01 18:05:20.506123+00:00,3478.26,escalation,751.89,EMP-030
CASE-00832,submit,2024-01-21 07:51:51.786456+00:00,303.41,happy_path,2178.93,EMP-068
CASE-00832,manager_approval,2024-01-21 07:56:55.195000+00:00,69541.41,happy_path,2178.93,EMP-068
CASE-00832,finance_approval,2024-01-22 03:15:56.600658+00:00,37333.65,happy_path,2178.93,EMP-068
CASE-00832,paid,2024-01-22 13:38:10.254297+00:00,5354.39,happy_path,2178.93,EMP-068
CASE-00833,submit,2024-03-22 00:13:08.453082+00:00,172.41,happy_path,4973.1,EMP-196
CASE-00833,manager_approval,2024-03-22 00:16:00.860172+00:00,69642.64,happy_path,4973.1,EMP-196
CASE-00833,finance_approval,2024-03-22 19:36:43.497775+00:00,38133.3,happy_path,4973.1,EMP-196
CASE-00833,paid,2024-03-23 06:12:16.798281+00:00,2866.41,happy_path,4973.1,EMP-196
CASE-00834,submit,2023-10-09 10:55:29.683528+00:00,293.97,happy_path,320.11,EMP-047
CASE-00834,manager_approval,2023-10-09 11:00:23.657015+00:00,120126.52,happy_path,320.11,EMP-047
CASE-00834,finance_approval,2023-10-10 20:22:30.172798+00:00,21523.35,happy_path,320.11,EMP-047
CASE-00834,paid,2023-10-11 02:21:13.522965+00:00,4743.75,happy_path,320.11,EMP-047
CASE-00835,submit,2024-03-28 23:41:46.613776+00:00,238.41,exception,251.92,EMP-092
CASE-00835,missing_receipt,2024-03-28 23:45:45.024318+00:00,1676.16,exception,251.92,EMP-092
CASE-00835,hold,2024-03-29 00:13:41.182679+00:00,363999.7,exception,251.92,EMP-092
CASE-00835,resolved,2024-04-02 05:20:20.887676+00:00,4221.51,exception,251.92,EMP-092
CASE-00835,paid,2024-04-02 06:30:42.394779+00:00,4098.9,exception,251.92,EMP-092
CASE-00836,submit,2024-02-14 23:43:34.804184+00:00,344.62,happy_path,1456.38,EMP-044
CASE-00836,manager_approval,2024-02-14 23:49:19.425009+00:00,98642.72,happy_path,1456.38,EMP-044
CASE-00836,finance_approval,2024-02-16 03:13:22.142646+00:00,34879.33,happy_path,1456.38,EMP-044
CASE-00836,paid,2024-02-16 12:54:41.474909+00:00,3277.17,happy_path,1456.38,EMP-044
CASE-00837,submit,2024-01-13 17:48:12.038764+00:00,264.56,exception,70.42,EMP-197
CASE-00837,missing_receipt,2024-01-13 17:52:36.600340+00:00,1696.2,exception,70.42,EMP-197
CASE-00837,hold,2024-01-13 18:20:52.804671+00:00,276520.9,exception,70.42,EMP-197
CASE-00837,resolved,2024-01-16 23:09:33.706183+00:00,3703.21,exception,70.42,EMP-197
CASE-00837,paid,2024-01-17 00:11:16.921131+00:00,2256.0,exception,70.42,EMP-197
CASE-00838,submit,2024-03-27 15:21:53.759611+00:00,341.8,rejection_loop,178.51,EMP-175
CASE-00838,manager_rejects,2024-03-27 15:27:35.561161+00:00,4002.5,rejection_loop,178.51,EMP-175
CASE-00838,resubmit,2024-03-27 16:34:18.061766+00:00,7969.32,rejection_loop,178.51,EMP-175
CASE-00838,manager_approval,2024-03-27 18:47:07.384420+00:00,81995.33,rejection_loop,178.51,EMP-175
CASE-00838,paid,2024-03-28 17:33:42.709767+00:00,3502.88,rejection_loop,178.51,EMP-175
CASE-00839,submit,2023-12-23 17:31:11.371503+00:00,313.0,happy_path,3553.15,EMP-123
CASE-00839,manager_approval,2023-12-23 17:36:24.372811+00:00,114268.44,happy_path,3553.15,EMP-123
CASE-00839,finance_approval,2023-12-25 01:20:52.815115+00:00,40513.91,happy_path,3553.15,EMP-123
CASE-00839,paid,2023-12-25 12:36:06.722502+00:00,5979.23,happy_path,3553.15,EMP-123
CASE-00840,submit,2024-03-21 12:50:50.912554+00:00,305.79,escalation,4756.94,EMP-084
CASE-00840,manager_approval,2024-03-21 12:55:56.700802+00:00,133464.67,escalation,4756.94,EMP-084
CASE-00840,finance_review,2024-03-23 02:00:21.368576+00:00,172694.2,escalation,4756.94,EMP-084
CASE-00840,paid,2024-03-25 01:58:35.567002+00:00,3737.94,escalation,4756.94,EMP-084
CASE-00841,submit,2023-11-30 04:05:53.007674+00:00,269.79,rejection_loop,4017.71,EMP-073
CASE-00841,manager_rejects,2023-11-30 04:10:22.800174+00:00,3815.96,rejection_loop,4017.71,EMP-073
CASE-00841,resubmit,2023-11-30 05:13:58.759164+00:00,7435.71,rejection_loop,4017.71,EMP-073
CASE-00841,manager_approval,2023-11-30 07:17:54.472450+00:00,106610.35,rejection_loop,4017.71,EMP-073
CASE-00841,paid,2023-12-01 12:54:44.818124+00:00,3337.46,rejection_loop,4017.71,EMP-073
CASE-00842,submit,2024-03-06 19:01:37.222870+00:00,399.41,happy_path,931.15,EMP-198
CASE-00842,manager_approval,2024-03-06 19:08:16.630395+00:00,108855.74,happy_path,931.15,EMP-198
CASE-00842,finance_approval,2024-03-08 01:22:32.372080+00:00,49712.01,happy_path,931.15,EMP-198
CASE-00842,paid,2024-03-08 15:11:04.377226+00:00,4936.62,happy_path,931.15,EMP-198
CASE-00843,submit,2023-10-30 17:51:42.261212+00:00,267.62,happy_path,3775.16,EMP-168
CASE-00843,manager_approval,2023-10-30 17:56:09.877240+00:00,123427.46,happy_path,3775.16,EMP-168
CASE-00843,finance_approval,2023-11-01 04:13:17.335741+00:00,41761.07,happy_path,3775.16,EMP-168
CASE-00843,paid,2023-11-01 15:49:18.407119+00:00,1576.61,happy_path,3775.16,EMP-168
CASE-00844,submit,2024-01-30 19:02:51.646764+00:00,335.47,exception,3037.39,EMP-092
CASE-00844,missing_receipt,2024-01-30 19:08:27.113842+00:00,1487.06,exception,3037.39,EMP-092
CASE-00844,hold,2024-01-30 19:33:14.172248+00:00,79736.38,exception,3037.39,EMP-092
CASE-00844,resolved,2024-01-31 17:42:10.550897+00:00,3681.37,exception,3037.39,EMP-092
CASE-00844,paid,2024-01-31 18:43:31.923862+00:00,2454.53,exception,3037.39,EMP-092
CASE-00845,submit,2024-01-21 11:54:31.768133+00:00,311.39,happy_path,3794.63,EMP-095
CASE-00845,manager_approval,2024-01-21 11:59:43.156005+00:00,65562.83,happy_path,3794.63,EMP-095
CASE-00845,finance_approval,2024-01-22 06:12:25.982261+00:00,46252.12,happy_path,3794.63,EMP-095
CASE-00845,paid,2024-01-22 19:03:18.104492+00:00,4396.63,happy_path,3794.63,EMP-095
CASE-00846,submit,2024-02-08 10:54:19.032384+00:00,313.79,happy_path,1159.94,EMP-176
CASE-00846,manager_approval,2024-02-08 10:59:32.824360+00:00,110371.77,happy_path,1159.94,EMP-176
CASE-00846,finance_approval,2024-02-09 17:39:04.593673+00:00,39480.77,happy_path,1159.94,EMP-176
CASE-00846,paid,2024-02-10 04:37:05.367531+00:00,3373.16,happy_path,1159.94,EMP-176
CASE-00847,submit,2023-11-26 01:41:55.896660+00:00,279.93,happy_path,441.96,EMP-123
CASE-00847,manager_approval,2023-11-26 01:46:35.827153+00:00,119039.04,happy_path,441.96,EMP-123
CASE-00847,finance_approval,2023-11-27 10:50:34.868007+00:00,42115.41,happy_path,441.96,EMP-123
CASE-00847,paid,2023-11-27 22:32:30.282395+00:00,3388.04,happy_path,441.96,EMP-123
CASE-00848,submit,2023-10-16 18:37:13.746960+00:00,343.11,happy_path,2864.25,EMP-142
CASE-00848,manager_approval,2023-10-16 18:42:56.859827+00:00,96297.27,happy_path,2864.25,EMP-142
CASE-00848,finance_approval,2023-10-17 21:27:54.126162+00:00,44160.61,happy_path,2864.25,EMP-142
CASE-00848,paid,2023-10-18 09:43:54.733709+00:00,3242.82,happy_path,2864.25,EMP-142
CASE-00849,submit,2023-12-05 23:34:37.149358+00:00,312.15,escalation,2863.97,EMP-065
CASE-00849,manager_approval,2023-12-05 23:39:49.298419+00:00,54655.84,escalation,2863.97,EMP-065
CASE-00849,finance_review,2023-12-06 14:50:45.135638+00:00,134946.7,escalation,2863.97,EMP-065
CASE-00849,paid,2023-12-08 04:19:51.831564+00:00,5070.62,escalation,2863.97,EMP-065
CASE-00850,submit,2023-10-11 03:31:03.556976+00:00,310.06,happy_path,3941.58,EMP-101
CASE-00850,manager_approval,2023-10-11 03:36:13.613734+00:00,57240.0,happy_path,3941.58,EMP-101
CASE-00850,finance_approval,2023-10-11 19:30:13.616285+00:00,48845.7,happy_path,3941.58,EMP-101
CASE-00850,paid,2023-10-12 09:04:19.313500+00:00,3035.18,happy_path,3941.58,EMP-101
CASE-00851,submit,2023-12-03 10:33:52.277161+00:00,388.62,rejection_loop,2277.24,EMP-068
CASE-00851,manager_rejects,2023-12-03 10:40:20.897349+00:00,4551.93,rejection_loop,2277.24,EMP-068
CASE-00851,resubmit,2023-12-03 11:56:12.824745+00:00,5585.61,rejection_loop,2277.24,EMP-068
CASE-00851,manager_approval,2023-12-03 13:29:18.435926+00:00,88511.32,rejection_loop,2277.24,EMP-068
CASE-00851,paid,2023-12-04 14:04:29.760607+00:00,3952.43,rejection_loop,2277.24,EMP-068
CASE-00852,submit,2023-10-22 03:20:54.404837+00:00,293.65,exception,1333.62,EMP-173
CASE-00852,missing_receipt,2023-10-22 03:25:48.057937+00:00,1793.04,exception,1333.62,EMP-173
CASE-00852,hold,2023-10-22 03:55:41.094960+00:00,298613.06,exception,1333.62,EMP-173
CASE-00852,resolved,2023-10-25 14:52:34.154656+00:00,3846.48,exception,1333.62,EMP-173
CASE-00852,paid,2023-10-25 15:56:40.632971+00:00,2233.38,exception,1333.62,EMP-173
CASE-00853,submit,2024-02-10 15:56:14.168050+00:00,313.19,rejection_loop,4830.73,EMP-155
CASE-00853,manager_rejects,2024-02-10 16:01:27.356711+00:00,3242.07,rejection_loop,4830.73,EMP-155
CASE-00853,resubmit,2024-02-10 16:55:29.427921+00:00,10317.09,rejection_loop,4830.73,EMP-155
CASE-00853,manager_approval,2024-02-10 19:47:26.517199+00:00,61821.32,rejection_loop,4830.73,EMP-155
CASE-00853,paid,2024-02-11 12:57:47.833232+00:00,2676.97,rejection_loop,4830.73,EMP-155
CASE-00854,submit,2023-10-18 18:35:01.551436+00:00,325.8,exception,3391.76,EMP-078
CASE-00854,missing_receipt,2023-10-18 18:40:27.349796+00:00,1946.52,exception,3391.76,EMP-078
CASE-00854,hold,2023-10-18 19:12:53.873616+00:00,312898.43,exception,3391.76,EMP-078
CASE-00854,resolved,2023-10-22 10:07:52.303287+00:00,2752.45,exception,3391.76,EMP-078
CASE-00854,paid,2023-10-22 10:53:44.752705+00:00,3679.42,exception,3391.76,EMP-078
CASE-00855,submit,2023-12-20 10:36:22.344545+00:00,312.95,happy_path,768.51,EMP-062
CASE-00855,manager_approval,2023-12-20 10:41:35.293277+00:00,59595.71,happy_path,768.51,EMP-062
CASE-00855,finance_approval,2023-12-21 03:14:51.000124+00:00,34145.52,happy_path,768.51,EMP-062
CASE-00855,paid,2023-12-21 12:43:56.518367+00:00,3876.27,happy_path,768.51,EMP-062
CASE-00856,submit,2023-10-23 23:06:07.561704+00:00,347.31,happy_path,2396.25,EMP-006
CASE-00856,manager_approval,2023-10-23 23:11:54.872271+00:00,115345.4,happy_path,2396.25,EMP-006
CASE-00856,finance_approval,2023-10-25 07:14:20.270856+00:00,36411.27,happy_path,2396.25,EMP-006
CASE-00856,paid,2023-10-25 17:21:11.544589+00:00,2623.82,happy_path,2396.25,EMP-006
CASE-00857,submit,2023-11-08 05:46:55.108225+00:00,323.31,happy_path,2275.11,EMP-063
CASE-00857,manager_approval,2023-11-08 05:52:18.415322+00:00,49308.9,happy_path,2275.11,EMP-063
CASE-00857,finance_approval,2023-11-08 19:34:07.315717+00:00,37436.03,happy_path,2275.11,EMP-063
CASE-00857,paid,2023-11-09 05:58:03.350146+00:00,3707.42,happy_path,2275.11,EMP-063
CASE-00858,submit,2024-03-03 18:01:20.091122+00:00,302.37,escalation,3579.81,EMP-107
CASE-00858,manager_approval,2024-03-03 18:06:22.464031+00:00,84042.01,escalation,3579.81,EMP-107
CASE-00858,finance_review,2024-03-04 17:27:04.478649+00:00,114841.61,escalation,3579.81,EMP-107
CASE-00858,paid,2024-03-06 01:21:06.088644+00:00,2896.95,escalation,3579.81,EMP-107
CASE-00859,submit,2024-02-10 10:19:59.807927+00:00,283.36,happy_path,2456.2,EMP-152
CASE-00859,manager_approval,2024-02-10 10:24:43.164704+00:00,129451.6,happy_path,2456.2,EMP-152
CASE-00859,finance_approval,2024-02-11 22:22:14.769094+00:00,37020.02,happy_path,2456.2,EMP-152
CASE-00859,paid,2024-02-12 08:39:14.791904+00:00,4040.41,happy_path,2456.2,EMP-152
CASE-00860,submit,2023-11-28 20:28:21.536484+00:00,267.79,happy_path,144.15,EMP-148
CASE-00860,manager_approval,2023-11-28 20:32:49.324267+00:00,128467.99,happy_path,144.15,EMP-148
CASE-00860,finance_approval,2023-11-30 08:13:57.311038+00:00,49112.97,happy_path,144.15,EMP-148
CASE-00860,paid,2023-11-30 21:52:30.279136+00:00,2715.86,happy_path,144.15,EMP-148
CASE-00861,submit,2023-12-22 16:45:56.517075+00:00,333.8,happy_path,4697.87,EMP-089
CASE-00861,manager_approval,2023-12-22 16:51:30.315697+00:00,74601.76,happy_path,4697.87,EMP-089
CASE-00861,finance_approval,2023-12-23 13:34:52.074979+00:00,44865.89,happy_path,4697.87,EMP-089
CASE-00861,paid,2023-12-24 02:02:37.960892+00:00,3449.14,happy_path,4697.87,EMP-089
CASE-00862,submit,2024-03-14 15:10:59.037613+00:00,233.22,happy_path,2562.8,EMP-151
CASE-00862,manager_approval,2024-03-14 15:14:52.256943+00:00,70819.18,happy_path,2562.8,EMP-151
CASE-00862,finance_approval,2024-03-15 10:55:11.437970+00:00,51480.9,happy_path,2562.8,EMP-151
CASE-00862,paid,2024-03-16 01:13:12.335560+00:00,4322.58,happy_path,2562.8,EMP-151
CASE-00863,submit,2023-12-12 06:24:13.414456+00:00,226.63,happy_path,1502.3,EMP-183
CASE-00863,manager_approval,2023-12-12 06:28:00.046994+00:00,41837.29,happy_path,1502.3,EMP-183
CASE-00863,finance_approval,2023-12-12 18:05:17.335061+00:00,51751.92,happy_path,1502.3,EMP-183
CASE-00863,paid,2023-12-13 08:27:49.256915+00:00,3110.86,happy_path,1502.3,EMP-183
CASE-00864,submit,2024-01-22 22:21:32.669369+00:00,253.6,happy_path,4856.16,EMP-042
CASE-00864,manager_approval,2024-01-22 22:25:46.271203+00:00,79123.78,happy_path,4856.16,EMP-042
CASE-00864,finance_approval,2024-01-23 20:24:30.047344+00:00,54927.73,happy_path,4856.16,EMP-042
CASE-00864,paid,2024-01-24 11:39:57.775171+00:00,3364.4,happy_path,4856.16,EMP-042
CASE-00865,submit,2024-02-22 19:50:39.151518+00:00,272.64,happy_path,3048.46,EMP-026
CASE-00865,manager_approval,2024-02-22 19:55:11.792455+00:00,110006.17,happy_path,3048.46,EMP-026
CASE-00865,finance_approval,2024-02-24 02:28:37.962911+00:00,40257.96,happy_path,3048.46,EMP-026
CASE-00865,paid,2024-02-24 13:39:35.919448+00:00,3710.07,happy_path,3048.46,EMP-026
CASE-00866,submit,2023-12-06 06:25:46.341464+00:00,376.19,exception,1825.99,EMP-067
CASE-00866,missing_receipt,2023-12-06 06:32:02.535503+00:00,2105.74,exception,1825.99,EMP-067
CASE-00866,hold,2023-12-06 07:07:08.274692+00:00,395298.45,exception,1825.99,EMP-067
CASE-00866,resolved,2023-12-10 20:55:26.727472+00:00,3720.54,exception,1825.99,EMP-067
CASE-00866,paid,2023-12-10 21:57:27.263195+00:00,3458.76,exception,1825.99,EMP-067
CASE-00867,submit,2023-11-12 19:18:06.861385+00:00,235.93,happy_path,2181.57,EMP-159
CASE-00867,manager_approval,2023-11-12 19:22:02.787461+00:00,76933.43,happy_path,2181.57,EMP-159
CASE-00867,finance_approval,2023-11-13 16:44:16.214305+00:00,55811.93,happy_path,2181.57,EMP-159
CASE-00867,paid,2023-11-14 08:14:28.145679+00:00,3537.19,happy_path,2181.57,EMP-159
CASE-00868,submit,2023-11-20 03:33:43.695376+00:00,353.43,rejection_loop,3861.97,EMP-143
CASE-00868,manager_rejects,2023-11-20 03:39:37.129411+00:00,4347.03,rejection_loop,3861.97,EMP-143
CASE-00868,resubmit,2023-11-20 04:52:04.154918+00:00,4534.07,rejection_loop,3861.97,EMP-143
CASE-00868,manager_approval,2023-11-20 06:07:38.222410+00:00,83297.35,rejection_loop,3861.97,EMP-143
CASE-00868,paid,2023-11-21 05:15:55.571930+00:00,3043.53,rejection_loop,3861.97,EMP-143
CASE-00869,submit,2023-10-22 23:13:16.500703+00:00,167.97,happy_path,2312.82,EMP-194
CASE-00869,manager_approval,2023-10-22 23:16:04.470067+00:00,109737.59,happy_path,2312.82,EMP-194
CASE-00869,finance_approval,2023-10-24 05:45:02.064329+00:00,49304.29,happy_path,2312.82,EMP-194
CASE-00869,paid,2023-10-24 19:26:46.355519+00:00,4038.29,happy_path,2312.82,EMP-194
CASE-00870,submit,2023-11-02 01:38:24.031311+00:00,157.35,rejection_loop,257.75,EMP-027
CASE-00870,manager_rejects,2023-11-02 01:41:01.384074+00:00,3899.96,rejection_loop,257.75,EMP-027
CASE-00870,resubmit,2023-11-02 02:46:01.339195+00:00,8024.61,rejection_loop,257.75,EMP-027
CASE-00870,manager_approval,2023-11-02 04:59:45.953360+00:00,63896.13,rejection_loop,257.75,EMP-027
CASE-00870,paid,2023-11-02 22:44:42.081692+00:00,4709.97,rejection_loop,257.75,EMP-027
CASE-00871,submit,2024-02-11 20:37:27.057309+00:00,370.28,rejection_loop,3821.73,EMP-128
CASE-00871,manager_rejects,2024-02-11 20:43:37.341360+00:00,4105.9,rejection_loop,3821.73,EMP-128
CASE-00871,resubmit,2024-02-11 21:52:03.238257+00:00,6703.18,rejection_loop,3821.73,EMP-128
CASE-00871,manager_approval,2024-02-11 23:43:46.415401+00:00,96537.95,rejection_loop,3821.73,EMP-128
CASE-00871,paid,2024-02-13 02:32:44.369167+00:00,4161.95,rejection_loop,3821.73,EMP-128
CASE-00872,submit,2024-03-01 06:23:37.528354+00:00,247.47,happy_path,3856.71,EMP-063
CASE-00872,manager_approval,2024-03-01 06:27:44.995268+00:00,68884.93,happy_path,3856.71,EMP-063
CASE-00872,finance_approval,2024-03-02 01:35:49.928242+00:00,44175.04,happy_path,3856.71,EMP-063
CASE-00872,paid,2024-03-02 13:52:04.964710+00:00,3936.07,happy_path,3856.71,EMP-063
CASE-00873,submit,2024-01-30 16:46:46.204436+00:00,341.53,rejection_loop,2104.29,EMP-162
CASE-00873,manager_rejects,2024-01-30 16:52:27.734700+00:00,4181.97,rejection_loop,2104.29,EMP-162
CASE-00873,resubmit,2024-01-30 18:02:09.701253+00:00,9654.91,rejection_loop,2104.29,EMP-162
CASE-00873,manager_approval,2024-01-30 20:43:04.608867+00:00,72696.52,rejection_loop,2104.29,EMP-162
CASE-00873,paid,2024-01-31 16:54:41.131217+00:00,3905.9,rejection_loop,2104.29,EMP-162
CASE-00874,submit,2024-03-12 15:38:30.884799+00:00,369.01,rejection_loop,2096.38,EMP-105
CASE-00874,manager_rejects,2024-03-12 15:44:39.898945+00:00,3384.55,rejection_loop,2096.38,EMP-105
CASE-00874,resubmit,2024-03-12 16:41:04.449453+00:00,5415.5,rejection_loop,2096.38,EMP-105
CASE-00874,manager_approval,2024-03-12 18:11:19.944786+00:00,39211.56,rejection_loop,2096.38,EMP-105
CASE-00874,paid,2024-03-13 05:04:51.507886+00:00,2156.01,rejection_loop,2096.38,EMP-105
CASE-00875,submit,2023-10-18 06:14:30.792393+00:00,336.32,rejection_loop,2610.88,EMP-018
CASE-00875,manager_rejects,2023-10-18 06:20:07.113949+00:00,2926.73,rejection_loop,2610.88,EMP-018
CASE-00875,resubmit,2023-10-18 07:08:53.841948+00:00,11883.29,rejection_loop,2610.88,EMP-018
CASE-00875,manager_approval,2023-10-18 10:26:57.130492+00:00,90344.57,rejection_loop,2610.88,EMP-018
CASE-00875,paid,2023-10-19 11:32:41.702362+00:00,3875.24,rejection_loop,2610.88,EMP-018
CASE-00876,submit,2023-10-30 04:06:47.059627+00:00,152.32,rejection_loop,3317.87,EMP-165
CASE-00876,manager_rejects,2023-10-30 04:09:19.380929+00:00,2852.71,rejection_loop,3317.87,EMP-165
CASE-00876,resubmit,2023-10-30 04:56:52.087760+00:00,10399.46,rejection_loop,3317.87,EMP-165
CASE-00876,manager_approval,2023-10-30 07:50:11.545606+00:00,81561.31,rejection_loop,3317.87,EMP-165
CASE-00876,paid,2023-10-31 06:29:32.856171+00:00,5316.2,rejection_loop,3317.87,EMP-165
CASE-00877,submit,2024-01-10 15:35:49.379764+00:00,186.75,happy_path,4434.63,EMP-180
CASE-00877,manager_approval,2024-01-10 15:38:56.129729+00:00,74486.56,happy_path,4434.63,EMP-180
CASE-00877,finance_approval,2024-01-11 12:20:22.685186+00:00,54379.26,happy_path,4434.63,EMP-180
CASE-00877,paid,2024-01-12 03:26:41.946242+00:00,3695.43,happy_path,4434.63,EMP-180
CASE-00878,submit,2024-02-06 01:16:28.833502+00:00,295.92,happy_path,2662.57,EMP-038
CASE-00878,manager_approval,2024-02-06 01:21:24.752977+00:00,72592.15,happy_path,2662.57,EMP-038
CASE-00878,finance_approval,2024-02-06 21:31:16.906017+00:00,44818.3,happy_path,2662.57,EMP-038
CASE-00878,paid,2024-02-07 09:58:15.209825+00:00,2075.35,happy_path,2662.57,EMP-038
CASE-00879,submit,2023-12-14 19:27:52.734271+00:00,270.87,escalation,3502.48,EMP-167
CASE-00879,manager_approval,2023-12-14 19:32:23.601809+00:00,92349.67,escalation,3502.48,EMP-167
CASE-00879,finance_review,2023-12-15 21:11:33.274747+00:00,207410.15,escalation,3502.48,EMP-167
CASE-00879,paid,2023-12-18 06:48:23.421717+00:00,4390.39,escalation,3502.48,EMP-167
CASE-00880,submit,2024-01-04 16:25:44.816703+00:00,312.46,rejection_loop,3713.26,EMP-033
CASE-00880,manager_rejects,2024-01-04 16:30:57.281694+00:00,3197.5,rejection_loop,3713.26,EMP-033
CASE-00880,resubmit,2024-01-04 17:24:14.781657+00:00,6883.57,rejection_loop,3713.26,EMP-033
CASE-00880,manager_approval,2024-01-04 19:18:58.349482+00:00,67760.72,rejection_loop,3713.26,EMP-033
CASE-00880,paid,2024-01-05 14:08:19.068078+00:00,3542.94,rejection_loop,3713.26,EMP-033
CASE-00881,submit,2023-10-08 00:29:24.335798+00:00,323.2,happy_path,3196.64,EMP-006
CASE-00881,manager_approval,2023-10-08 00:34:47.540090+00:00,58688.96,happy_path,3196.64,EMP-006
CASE-00881,finance_approval,2023-10-08 16:52:56.500019+00:00,43875.51,happy_path,3196.64,EMP-006
CASE-00881,paid,2023-10-09 05:04:12.009728+00:00,5150.26,happy_path,3196.64,EMP-006
CASE-00882,submit,2024-02-11 18:10:48.845752+00:00,325.32,rejection_loop,4935.43,EMP-029
CASE-00882,manager_rejects,2024-02-11 18:16:14.170593+00:00,3209.58,rejection_loop,4935.43,EMP-029
CASE-00882,resubmit,2024-02-11 19:09:43.755441+00:00,6275.55,rejection_loop,4935.43,EMP-029
CASE-00882,manager_approval,2024-02-11 20:54:19.310383+00:00,85876.89,rejection_loop,4935.43,EMP-029
CASE-00882,paid,2024-02-12 20:45:36.205230+00:00,3688.32,rejection_loop,4935.43,EMP-029
CASE-00883,submit,2023-12-23 13:35:44.640909+00:00,157.22,happy_path,2883.55,EMP-002
CASE-00883,manager_approval,2023-12-23 13:38:21.865275+00:00,125256.4,happy_path,2883.55,EMP-002
CASE-00883,finance_approval,2023-12-25 00:25:58.267430+00:00,41807.17,happy_path,2883.55,EMP-002
CASE-00883,paid,2023-12-25 12:02:45.441007+00:00,4759.43,happy_path,2883.55,EMP-002
CASE-00884,submit,2024-03-03 00:13:18.219737+00:00,294.65,rejection_loop,3157.33,EMP-137
CASE-00884,manager_rejects,2024-03-03 00:18:12.868965+00:00,3651.29,rejection_loop,3157.33,EMP-137
CASE-00884,resubmit,2024-03-03 01:19:04.159648+00:00,8710.03,rejection_loop,3157.33,EMP-137
CASE-00884,manager_approval,2024-03-03 03:44:14.189591+00:00,66612.45,rejection_loop,3157.33,EMP-137
CASE-00884,paid,2024-03-03 22:14:26.639854+00:00,2166.64,rejection_loop,3157.33,EMP-137
CASE-00885,submit,2024-01-04 12:57:35.701072+00:00,300.8,escalation,742.86,EMP-097
CASE-00885,manager_approval,2024-01-04 13:02:36.496334+00:00,105651.44,escalation,742.86,EMP-097
CASE-00885,finance_review,2024-01-05 18:23:27.935250+00:00,102952.47,escalation,742.86,EMP-097
CASE-00885,paid,2024-01-06 22:59:20.408636+00:00,2771.58,escalation,742.86,EMP-097
CASE-00886,submit,2023-12-18 14:59:24.041953+00:00,277.53,happy_path,535.04,EMP-183
CASE-00886,manager_approval,2023-12-18 15:04:01.572858+00:00,91388.18,happy_path,535.04,EMP-183
CASE-00886,finance_approval,2023-12-19 16:27:09.748113+00:00,39814.67,happy_path,535.04,EMP-183
CASE-00886,paid,2023-12-20 03:30:44.421011+00:00,3815.99,happy_path,535.04,EMP-183
CASE-00887,submit,2024-01-05 17:25:27.140269+00:00,238.29,happy_path,436.46,EMP-174
CASE-00887,manager_approval,2024-01-05 17:29:25.427156+00:00,72643.18,happy_path,436.46,EMP-174
CASE-00887,finance_approval,2024-01-06 13:40:08.611969+00:00,38753.31,happy_path,436.46,EMP-174
CASE-00887,paid,2024-01-07 00:26:01.922147+00:00,4032.37,happy_path,436.46,EMP-174
CASE-00888,submit,2024-02-04 00:33:25.783101+00:00,392.15,happy_path,2145.94,EMP-113
CASE-00888,manager_approval,2024-02-04 00:39:57.928812+00:00,75117.0,happy_path,2145.94,EMP-113
CASE-00888,finance_approval,2024-02-04 21:31:54.930862+00:00,39478.85,happy_path,2145.94,EMP-113
CASE-00888,paid,2024-02-05 08:29:53.783093+00:00,3867.56,happy_path,2145.94,EMP-113
CASE-00889,submit,2023-10-26 06:56:38.443523+00:00,266.26,escalation,2449.58,EMP-118
CASE-00889,manager_approval,2023-10-26 07:01:04.707295+00:00,45057.74,escalation,2449.58,EMP-118
CASE-00889,finance_review,2023-10-26 19:32:02.451896+00:00,194823.6,escalation,2449.58,EMP-118
CASE-00889,paid,2023-10-29 01:39:06.052438+00:00,4020.45,escalation,2449.58,EMP-118
CASE-00890,submit,2023-12-08 11:30:52.191435+00:00,377.7,happy_path,3745.16,EMP-144
CASE-00890,manager_approval,2023-12-08 11:37:09.891423+00:00,77664.03,happy_path,3745.16,EMP-144
CASE-00890,finance_approval,2023-12-09 09:11:33.923909+00:00,40131.44,happy_path,3745.16,EMP-144
CASE-00890,paid,2023-12-09 20:20:25.363702+00:00,3848.11,happy_path,3745.16,EMP-144
CASE-00891,submit,2023-10-24 04:38:46.902707+00:00,280.34,escalation,249.4,EMP-040
CASE-00891,manager_approval,2023-10-24 04:43:27.241546+00:00,106089.22,escalation,249.4,EMP-040
CASE-00891,finance_review,2023-10-25 10:11:36.457523+00:00,169992.08,escalation,249.4,EMP-040
CASE-00891,paid,2023-10-27 09:24:48.533711+00:00,3806.27,escalation,249.4,EMP-040
CASE-00892,submit,2023-10-11 18:10:21.076416+00:00,399.06,happy_path,3929.77,EMP-108
CASE-00892,manager_approval,2023-10-11 18:17:00.131457+00:00,58470.33,happy_path,3929.77,EMP-108
CASE-00892,finance_approval,2023-10-12 10:31:30.462216+00:00,46057.07,happy_path,3929.77,EMP-108
CASE-00892,paid,2023-10-12 23:19:07.533382+00:00,5225.6,happy_path,3929.77,EMP-108
CASE-00893,submit,2023-10-15 03:52:43.705022+00:00,366.04,happy_path,655.52,EMP-090
CASE-00893,manager_approval,2023-10-15 03:58:49.749480+00:00,93256.16,happy_path,655.52,EMP-090
CASE-00893,finance_approval,2023-10-16 05:53:05.908768+00:00,40305.06,happy_path,655.52,EMP-090
CASE-00893,paid,2023-10-16 17:04:50.971310+00:00,4519.0,happy_path,655.52,EMP-090
CASE-00894,submit,2024-03-01 01:30:45.254892+00:00,322.0,happy_path,1917.66,EMP-185
CASE-00894,manager_approval,2024-03-01 01:36:07.259153+00:00,95139.75,happy_path,1917.66,EMP-185
CASE-00894,finance_approval,2024-03-02 04:01:47.005956+00:00,35220.29,happy_path,1917.66,EMP-185
CASE-00894,paid,2024-03-02 13:48:47.295864+00:00,2447.45,happy_path,1917.66,EMP-185
CASE-00895,submit,2023-11-30 12:56:03.688423+00:00,327.3,escalation,787.46,EMP-187
CASE-00895,manager_approval,2023-11-30 13:01:30.990933+00:00,56027.47,escalation,787.46,EMP-187
CASE-00895,finance_review,2023-12-01 04:35:18.461662+00:00,146283.41,escalation,787.46,EMP-187
CASE-00895,paid,2023-12-02 21:13:21.870501+00:00,3952.39,escalation,787.46,EMP-187
CASE-00896,submit,2024-03-11 04:59:11.303803+00:00,292.36,happy_path,2727.92,EMP-172
CASE-00896,manager_approval,2024-03-11 05:04:03.661065+00:00,55396.51,happy_path,2727.92,EMP-172
CASE-00896,finance_approval,2024-03-11 20:27:20.174961+00:00,50713.44,happy_path,2727.92,EMP-172
CASE-00896,paid,2024-03-12 10:32:33.615680+00:00,2547.49,happy_path,2727.92,EMP-172
CASE-00897,submit,2023-11-27 14:13:25.336253+00:00,247.22,escalation,3990.99,EMP-182
CASE-00897,manager_approval,2023-11-27 14:17:32.557253+00:00,61853.97,escalation,3990.99,EMP-182
CASE-00897,finance_review,2023-11-28 07:28:26.526368+00:00,265407.42,escalation,3990.99,EMP-182
CASE-00897,paid,2023-12-01 09:11:53.945266+00:00,4743.49,escalation,3990.99,EMP-182
CASE-00898,submit,2024-01-04 21:58:34.932834+00:00,300.25,escalation,3800.2,EMP-146
CASE-00898,manager_approval,2024-01-04 22:03:35.181714+00:00,60871.21,escalation,3800.2,EMP-146
CASE-00898,finance_review,2024-01-05 14:58:06.391165+00:00,235670.2,escalation,3800.2,EMP-146
CASE-00898,paid,2024-01-08 08:25:56.587402+00:00,3754.31,escalation,3800.2,EMP-146
CASE-00899,submit,2024-02-21 14:47:25.579820+00:00,302.78,escalation,4813.76,EMP-071
CASE-00899,manager_approval,2024-02-21 14:52:28.358250+00:00,120165.21,escalation,4813.76,EMP-071
CASE-00899,finance_review,2024-02-23 00:15:13.571205+00:00,208434.77,escalation,4813.76,EMP-071
CASE-00899,paid,2024-02-25 10:09:08.341383+00:00,2967.19,escalation,4813.76,EMP-071
CASE-00900,submit,2024-01-17 00:01:04.347330+00:00,160.37,rejection_loop,3053.93,EMP-103
CASE-00900,manager_rejects,2024-01-17 00:03:44.712907+00:00,3674.88,rejection_loop,3053.93,EMP-103
CASE-00900,resubmit,2024-01-17 01:04:59.595760+00:00,6591.68,rejection_loop,3053.93,EMP-103
CASE-00900,manager_approval,2024-01-17 02:54:51.280536+00:00,97909.56,rejection_loop,3053.93,EMP-103
CASE-00900,paid,2024-01-18 06:06:40.840803+00:00,4690.11,rejection_loop,3053.93,EMP-103
CASE-00901,submit,2024-01-08 12:29:11.261645+00:00,311.07,happy_path,500.57,EMP-026
CASE-00901,manager_approval,2024-01-08 12:34:22.331108+00:00,83377.63,happy_path,500.57,EMP-026
CASE-00901,finance_approval,2024-01-09 11:43:59.965767+00:00,47660.77,happy_path,500.57,EMP-026
CASE-00901,paid,2024-01-10 00:58:20.731881+00:00,3659.78,happy_path,500.57,EMP-026
CASE-00902,submit,2024-01-21 14:32:01.868206+00:00,265.5,exception,3409.11,EMP-016
CASE-00902,missing_receipt,2024-01-21 14:36:27.369639+00:00,1767.92,exception,3409.11,EMP-016
CASE-00902,hold,2024-01-21 15:05:55.286659+00:00,277252.73,exception,3409.11,EMP-016
CASE-00902,resolved,2024-01-24 20:06:48.017785+00:00,4156.66,exception,3409.11,EMP-016
CASE-00902,paid,2024-01-24 21:16:04.679727+00:00,3921.54,exception,3409.11,EMP-016
CASE-00903,submit,2023-11-18 10:16:34.077897+00:00,420.05,happy_path,2093.47,EMP-083
CASE-00903,manager_approval,2023-11-18 10:23:34.128105+00:00,69782.35,happy_path,2093.47,EMP-083
CASE-00903,finance_approval,2023-11-19 05:46:36.481443+00:00,48248.75,happy_path,2093.47,EMP-083
CASE-00903,paid,2023-11-19 19:10:45.227519+00:00,3813.32,happy_path,2093.47,EMP-083
CASE-00904,submit,2024-02-15 10:19:28.947971+00:00,277.74,escalation,1220.63,EMP-131
CASE-00904,manager_approval,2024-02-15 10:24:06.686680+00:00,93460.99,escalation,1220.63,EMP-131
CASE-00904,finance_review,2024-02-16 12:21:47.680033+00:00,217642.08,escalation,1220.63,EMP-131
CASE-00904,paid,2024-02-19 00:49:09.756041+00:00,3974.18,escalation,1220.63,EMP-131
CASE-00905,submit,2024-01-25 00:53:54.222698+00:00,309.97,happy_path,2446.65,EMP-105
CASE-00905,manager_approval,2024-01-25 00:59:04.189139+00:00,84239.44,happy_path,2446.65,EMP-105
CASE-00905,finance_approval,2024-01-26 00:23:03.628642+00:00,34182.38,happy_path,2446.65,EMP-105
CASE-00905,paid,2024-01-26 09:52:46.006429+00:00,3201.56,happy_path,2446.65,EMP-105
CASE-00906,submit,2024-02-21 08:07:31.030785+00:00,279.37,happy_path,3826.74,EMP-167
CASE-00906,manager_approval,2024-02-21 08:12:10.401947+00:00,107186.08,happy_path,3826.74,EMP-167
CASE-00906,finance_approval,2024-02-22 13:58:36.482482+00:00,52043.82,happy_path,3826.74,EMP-167
CASE-00906,paid,2024-02-23 04:26:00.298957+00:00,4243.58,happy_path,3826.74,EMP-167
CASE-00907,submit,2024-01-08 06:41:59.063773+00:00,322.13,happy_path,4841.16,EMP-096
CASE-00907,manager_approval,2024-01-08 06:47:21.190208+00:00,100506.45,happy_path,4841.16,EMP-096
CASE-00907,finance_approval,2024-01-09 10:42:27.638791+00:00,60757.61,happy_path,4841.16,EMP-096
CASE-00907,paid,2024-01-10 03:35:05.247534+00:00,2926.52,happy_path,4841.16,EMP-096
CASE-00908,submit,2024-03-24 00:00:51.810807+00:00,236.63,escalation,256.87,EMP-119
CASE-00908,manager_approval,2024-03-24 00:04:48.443968+00:00,64780.32,escalation,256.87,EMP-119
CASE-00908,finance_review,2024-03-24 18:04:28.759345+00:00,180350.63,escalation,256.87,EMP-119
CASE-00908,paid,2024-03-26 20:10:19.391767+00:00,3875.31,escalation,256.87,EMP-119
CASE-00909,submit,2024-03-02 02:35:13.046665+00:00,259.26,exception,1402.85,EMP-065
CASE-00909,missing_receipt,2024-03-02 02:39:32.309075+00:00,1990.91,exception,1402.85,EMP-065
CASE-00909,hold,2024-03-02 03:12:43.215405+00:00,181907.75,exception,1402.85,EMP-065
CASE-00909,resolved,2024-03-04 05:44:30.960501+00:00,3012.3,exception,1402.85,EMP-065
CASE-00909,paid,2024-03-04 06:34:43.255642+00:00,3325.96,exception,1402.85,EMP-065
CASE-00910,submit,2023-10-19 03:34:09.293832+00:00,298.81,rejection_loop,2837.25,EMP-077
CASE-00910,manager_rejects,2023-10-19 03:39:08.106581+00:00,3240.08,rejection_loop,2837.25,EMP-077
CASE-00910,resubmit,2023-10-19 04:33:08.184566+00:00,3985.13,rejection_loop,2837.25,EMP-077
CASE-00910,manager_approval,2023-10-19 05:39:33.312844+00:00,74027.3,rejection_loop,2837.25,EMP-077
CASE-00910,paid,2023-10-20 02:13:20.613002+00:00,335.28,rejection_loop,2837.25,EMP-077
CASE-00911,submit,2024-03-23 08:02:31.885366+00:00,262.2,rejection_loop,1093.71,EMP-130
CASE-00911,manager_rejects,2024-03-23 08:06:54.086933+00:00,4425.99,rejection_loop,1093.71,EMP-130
CASE-00911,resubmit,2024-03-23 09:20:40.079282+00:00,6429.77,rejection_loop,1093.71,EMP-130
CASE-00911,manager_approval,2024-03-23 11:07:49.847578+00:00,100444.76,rejection_loop,1093.71,EMP-130
CASE-00911,paid,2024-03-24 15:01:54.610614+00:00,3616.73,rejection_loop,1093.71,EMP-130
CASE-00912,submit,2023-11-09 21:53:42.793069+00:00,234.13,happy_path,4915.96,EMP-088
CASE-00912,manager_approval,2023-11-09 21:57:36.923096+00:00,105039.28,happy_path,4915.96,EMP-088
CASE-00912,finance_approval,2023-11-11 03:08:16.198957+00:00,41562.76,happy_path,4915.96,EMP-088
CASE-00912,paid,2023-11-11 14:40:58.963128+00:00,4013.56,happy_path,4915.96,EMP-088
CASE-00913,submit,2024-03-13 06:14:32.546448+00:00,283.46,exception,3063.49,EMP-002
CASE-00913,missing_receipt,2024-03-13 06:19:16.010662+00:00,1655.42,exception,3063.49,EMP-002
CASE-00913,hold,2024-03-13 06:46:51.427236+00:00,180308.44,exception,3063.49,EMP-002
CASE-00913,resolved,2024-03-15 08:51:59.865480+00:00,4340.01,exception,3063.49,EMP-002
CASE-00913,paid,2024-03-15 10:04:19.878175+00:00,2741.97,exception,3063.49,EMP-002
CASE-00914,submit,2024-01-28 05:28:16.158999+00:00,176.98,rejection_loop,2713.75,EMP-167
CASE-00914,manager_rejects,2024-01-28 05:31:13.138805+00:00,3295.24,rejection_loop,2713.75,EMP-167
CASE-00914,resubmit,2024-01-28 06:26:08.381090+00:00,7987.84,rejection_loop,2713.75,EMP-167
CASE-00914,manager_approval,2024-01-28 08:39:16.222848+00:00,64944.78,rejection_loop,2713.75,EMP-167
CASE-00914,paid,2024-01-29 02:41:41.006634+00:00,5319.01,rejection_loop,2713.75,EMP-167
CASE-00915,submit,2023-11-03 21:26:46.577355+00:00,412.34,happy_path,3026.49,EMP-100
CASE-00915,manager_approval,2023-11-03 21:33:38.918962+00:00,90160.09,happy_path,3026.49,EMP-100
CASE-00915,finance_approval,2023-11-04 22:36:19.005689+00:00,32143.98,happy_path,3026.49,EMP-100
CASE-00915,paid,2023-11-05 07:32:02.982671+00:00,4601.75,happy_path,3026.49,EMP-100
CASE-00916,submit,2024-02-13 18:23:02.412818+00:00,303.54,exception,2250.66,EMP-057
CASE-00916,missing_receipt,2024-02-13 18:28:05.954029+00:00,1823.97,exception,2250.66,EMP-057
CASE-00916,hold,2024-02-13 18:58:29.923137+00:00,128854.7,exception,2250.66,EMP-057
CASE-00916,resolved,2024-02-15 06:46:04.627319+00:00,3500.8,exception,2250.66,EMP-057
CASE-00916,paid,2024-02-15 07:44:25.422536+00:00,3032.33,exception,2250.66,EMP-057
CASE-00917,submit,2023-11-11 19:21:28.727724+00:00,455.7,rejection_loop,3144.92,EMP-184
CASE-00917,manager_rejects,2023-11-11 19:29:04.431621+00:00,3404.48,rejection_loop,3144.92,EMP-184
CASE-00917,resubmit,2023-11-11 20:25:48.915716+00:00,9241.67,rejection_loop,3144.92,EMP-184
CASE-00917,manager_approval,2023-11-11 22:59:50.590006+00:00,92167.46,rejection_loop,3144.92,EMP-184
CASE-00917,paid,2023-11-13 00:35:58.050230+00:00,3250.23,rejection_loop,3144.92,EMP-184
CASE-00918,submit,2023-12-13 07:05:32.264309+00:00,221.5,happy_path,4922.1,EMP-164
CASE-00918,manager_approval,2023-12-13 07:09:13.760268+00:00,105575.86,happy_path,4922.1,EMP-164
CASE-00918,finance_approval,2023-12-14 12:28:49.617159+00:00,36386.08,happy_path,4922.1,EMP-164
CASE-00918,paid,2023-12-14 22:35:15.695985+00:00,2460.62,happy_path,4922.1,EMP-164
CASE-00919,submit,2024-01-19 12:50:29.081120+00:00,302.86,escalation,2850.25,EMP-175
CASE-00919,manager_approval,2024-01-19 12:55:31.940636+00:00,99376.74,escalation,2850.25,EMP-175
CASE-00919,finance_review,2024-01-20 16:31:48.681649+00:00,224157.74,escalation,2850.25,EMP-175
CASE-00919,paid,2024-01-23 06:47:46.420060+00:00,3588.11,escalation,2850.25,EMP-175
CASE-00920,submit,2024-02-11 04:50:35.169357+00:00,268.68,exception,4284.62,EMP-134
CASE-00920,missing_receipt,2024-02-11 04:55:03.851172+00:00,1711.39,exception,4284.62,EMP-134
CASE-00920,hold,2024-02-11 05:23:35.236990+00:00,424856.66,exception,4284.62,EMP-134
CASE-00920,resolved,2024-02-16 03:24:31.896251+00:00,5170.79,exception,4284.62,EMP-134
CASE-00920,paid,2024-02-16 04:50:42.690885+00:00,3944.67,exception,4284.62,EMP-134
CASE-00921,submit,2024-01-11 19:42:03.678204+00:00,164.44,escalation,3091.56,EMP-175
CASE-00921,manager_approval,2024-01-11 19:44:48.115218+00:00,100936.28,escalation,3091.56,EMP-175
CASE-00921,finance_review,2024-01-12 23:47:04.393087+00:00,107357.68,escalation,3091.56,EMP-175
CASE-00921,paid,2024-01-14 05:36:22.073166+00:00,1931.43,escalation,3091.56,EMP-175
CASE-00922,submit,2024-03-02 23:33:19.843316+00:00,274.52,happy_path,4696.86,EMP-111
CASE-00922,manager_approval,2024-03-02 23:37:54.359473+00:00,92477.94,happy_path,4696.86,EMP-111
CASE-00922,finance_approval,2024-03-04 01:19:12.303039+00:00,34832.3,happy_path,4696.86,EMP-111
CASE-00922,paid,2024-03-04 10:59:44.599235+00:00,3479.23,happy_path,4696.86,EMP-111
CASE-00923,submit,2023-11-12 10:02:53.701006+00:00,289.06,escalation,265.15,EMP-185
CASE-00923,manager_approval,2023-11-12 10:07:42.764856+00:00,108601.25,escalation,265.15,EMP-185
CASE-00923,finance_review,2023-11-13 16:17:44.017232+00:00,168630.93,escalation,265.15,EMP-185
CASE-00923,paid,2023-11-15 15:08:14.944875+00:00,3628.91,escalation,265.15,EMP-185
CASE-00924,submit,2024-02-25 09:08:49.105361+00:00,342.83,happy_path,454.95,EMP-147
CASE-00924,manager_approval,2024-02-25 09:14:31.932699+00:00,85455.73,happy_path,454.95,EMP-147
CASE-00924,finance_approval,2024-02-26 08:58:47.660098+00:00,36484.04,happy_path,454.95,EMP-147
CASE-00924,paid,2024-02-26 19:06:51.696335+00:00,1497.11,happy_path,454.95,EMP-147
CASE-00925,submit,2023-11-27 22:40:52.698169+00:00,280.98,exception,1024.54,EMP-085
CASE-00925,missing_receipt,2023-11-27 22:45:33.681112+00:00,1703.72,exception,1024.54,EMP-085
CASE-00925,hold,2023-11-27 23:13:57.399810+00:00,103461.6,exception,1024.54,EMP-085
CASE-00925,resolved,2023-11-29 03:58:19.002149+00:00,3736.86,exception,1024.54,EMP-085
CASE-00925,paid,2023-11-29 05:00:35.861310+00:00,2544.71,exception,1024.54,EMP-085
CASE-00926,submit,2023-12-27 05:51:02.118970+00:00,253.77,happy_path,1289.53,EMP-028
CASE-00926,manager_approval,2023-12-27 05:55:15.886520+00:00,125873.07,happy_path,1289.53,EMP-028
CASE-00926,finance_approval,2023-12-28 16:53:08.958439+00:00,39715.96,happy_path,1289.53,EMP-028
CASE-00926,paid,2023-12-29 03:55:04.918964+00:00,4074.17,happy_path,1289.53,EMP-028
CASE-00927,submit,2024-01-22 12:31:39.072820+00:00,234.57,happy_path,410.91,EMP-154
CASE-00927,manager_approval,2024-01-22 12:35:33.647704+00:00,89077.68,happy_path,410.91,EMP-154
CASE-00927,finance_approval,2024-01-23 13:20:11.324510+00:00,33150.51,happy_path,410.91,EMP-154
CASE-00927,paid,2024-01-23 22:32:41.837714+00:00,3265.26,happy_path,410.91,EMP-154
CASE-00928,submit,2024-03-11 05:09:42.270617+00:00,287.93,happy_path,215.05,EMP-081
CASE-00928,manager_approval,2024-03-11 05:14:30.196172+00:00,73252.34,happy_path,215.05,EMP-081
CASE-00928,finance_approval,2024-03-12 01:35:22.534352+00:00,31408.79,happy_path,215.05,EMP-081
CASE-00928,paid,2024-03-12 10:18:51.323817+00:00,5099.28,happy_path,215.05,EMP-081
CASE-00929,submit,2023-10-14 20:12:50.109627+00:00,341.04,happy_path,3073.16,EMP-111
CASE-00929,manager_approval,2023-10-14 20:18:31.145463+00:00,74245.91,happy_path,3073.16,EMP-111
CASE-00929,finance_approval,2023-10-15 16:55:57.053801+00:00,34921.65,happy_path,3073.16,EMP-111
CASE-00929,paid,2023-10-16 02:37:58.706653+00:00,3354.33,happy_path,3073.16,EMP-111
CASE-00930,submit,2024-03-06 14:59:50.838383+00:00,356.48,happy_path,3772.22,EMP-060
CASE-00930,manager_approval,2024-03-06 15:05:47.323166+00:00,93448.21,happy_path,3772.22,EMP-060
CASE-00930,finance_approval,2024-03-07 17:03:15.531001+00:00,33407.21,happy_path,3772.22,EMP-060
CASE-00930,paid,2024-03-08 02:20:02.736639+00:00,2637.34,happy_path,3772.22,EMP-060
CASE-00931,submit,2023-12-03 03:08:35.417468+00:00,319.34,happy_path,3120.04,EMP-026
CASE-00931,manager_approval,2023-12-03 03:13:54.759553+00:00,121287.91,happy_path,3120.04,EMP-026
CASE-00931,finance_approval,2023-12-04 12:55:22.673824+00:00,38390.25,happy_path,3120.04,EMP-026
CASE-00931,paid,2023-12-04 23:35:12.920310+00:00,2830.43,happy_path,3120.04,EMP-026
CASE-00932,submit,2024-02-08 09:27:12.177931+00:00,315.23,happy_path,558.31,EMP-153
CASE-00932,manager_approval,2024-02-08 09:32:27.406521+00:00,51846.67,happy_path,558.31,EMP-153
CASE-00932,finance_approval,2024-02-08 23:56:34.080080+00:00,35594.13,happy_path,558.31,EMP-153
CASE-00932,paid,2024-02-09 09:49:48.212601+00:00,3985.25,happy_path,558.31,EMP-153
CASE-00933,submit,2024-02-10 10:22:17.464269+00:00,282.4,escalation,1809.19,EMP-124
CASE-00933,manager_approval,2024-02-10 10:26:59.860919+00:00,71242.82,escalation,1809.19,EMP-124
CASE-00933,finance_review,2024-02-11 06:14:22.682569+00:00,183794.74,escalation,1809.19,EMP-124
CASE-00933,paid,2024-02-13 09:17:37.423661+00:00,3692.58,escalation,1809.19,EMP-124
CASE-00934,submit,2024-02-15 18:53:38.772093+00:00,279.72,happy_path,2207.45,EMP-167
CASE-00934,manager_approval,2024-02-15 18:58:18.494713+00:00,69543.44,happy_path,2207.45,EMP-167
CASE-00934,finance_approval,2024-02-16 14:17:21.930177+00:00,57087.77,happy_path,2207.45,EMP-167
CASE-00934,paid,2024-02-17 06:08:49.703005+00:00,3681.08,happy_path,2207.45,EMP-167
CASE-00935,submit,2024-03-25 15:34:15.500872+00:00,266.55,happy_path,1747.36,EMP-095
CASE-00935,manager_approval,2024-03-25 15:38:42.049291+00:00,54967.37,happy_path,1747.36,EMP-095
CASE-00935,finance_approval,2024-03-26 06:54:49.415346+00:00,42031.23,happy_path,1747.36,EMP-095
CASE-00935,paid,2024-03-26 18:35:20.648583+00:00,4007.42,happy_path,1747.36,EMP-095
CASE-00936,submit,2023-12-17 23:18:14.855760+00:00,334.84,rejection_loop,2819.28,EMP-014
CASE-00936,manager_rejects,2023-12-17 23:23:49.691032+00:00,3734.95,rejection_loop,2819.28,EMP-014
CASE-00936,resubmit,2023-12-18 00:26:04.642003+00:00,8333.61,rejection_loop,2819.28,EMP-014
CASE-00936,manager_approval,2023-12-18 02:44:58.254569+00:00,118196.73,rejection_loop,2819.28,EMP-014
CASE-00936,paid,2023-12-19 11:34:54.981602+00:00,2741.6,rejection_loop,2819.28,EMP-014
CASE-00937,submit,2024-02-04 12:45:11.327556+00:00,209.79,happy_path,3355.91,EMP-178
CASE-00937,manager_approval,2024-02-04 12:48:41.118646+00:00,93146.07,happy_path,3355.91,EMP-178
CASE-00937,finance_approval,2024-02-05 14:41:07.185103+00:00,48763.36,happy_path,3355.91,EMP-178
CASE-00937,paid,2024-02-06 04:13:50.549630+00:00,2667.81,happy_path,3355.91,EMP-178
CASE-00938,submit,2023-11-01 05:02:58.352012+00:00,198.46,happy_path,1533.18,EMP-085
CASE-00938,manager_approval,2023-11-01 05:06:16.813789+00:00,97193.89,happy_path,1533.18,EMP-085
CASE-00938,finance_approval,2023-11-02 08:06:10.706145+00:00,48090.66,happy_path,1533.18,EMP-085
CASE-00938,paid,2023-11-02 21:27:41.366295+00:00,3765.97,happy_path,1533.18,EMP-085
CASE-00939,submit,2023-12-25 23:26:19.653078+00:00,315.77,happy_path,1153.97,EMP-059
CASE-00939,manager_approval,2023-12-25 23:31:35.420842+00:00,110468.87,happy_path,1153.97,EMP-059
CASE-00939,finance_approval,2023-12-27 06:12:44.288824+00:00,44720.66,happy_path,1153.97,EMP-059
CASE-00939,paid,2023-12-27 18:38:04.944147+00:00,1958.53,happy_path,1153.97,EMP-059
CASE-00940,submit,2023-11-05 03:56:10.653981+00:00,356.85,rejection_loop,1910.76,EMP-103
CASE-00940,manager_rejects,2023-11-05 04:02:07.503980+00:00,3563.8,rejection_loop,1910.76,EMP-103
CASE-00940,resubmit,2023-11-05 05:01:31.299619+00:00,7597.56,rejection_loop,1910.76,EMP-103
CASE-00940,manager_approval,2023-11-05 07:08:08.860589+00:00,88783.09,rejection_loop,1910.76,EMP-103
CASE-00940,paid,2023-11-06 07:47:51.954258+00:00,4158.81,rejection_loop,1910.76,EMP-103
CASE-00941,submit,2023-12-06 18:48:28.450064+00:00,332.92,happy_path,2949.15,EMP-196
CASE-00941,manager_approval,2023-12-06 18:54:01.372810+00:00,100621.48,happy_path,2949.15,EMP-196
CASE-00941,finance_approval,2023-12-07 22:51:02.849049+00:00,42458.62,happy_path,2949.15,EMP-196
CASE-00941,paid,2023-12-08 10:38:41.468942+00:00,3465.47,happy_path,2949.15,EMP-196
CASE-00942,submit,2023-11-16 06:33:56.175244+00:00,341.22,happy_path,912.71,EMP-142
CASE-00942,manager_approval,2023-11-16 06:39:37.391176+00:00,90875.22,happy_path,912.71,EMP-142
CASE-00942,finance_approval,2023-11-17 07:54:12.614227+00:00,47425.56,happy_path,912.71,EMP-142
CASE-00942,paid,2023-11-17 21:04:38.169565+00:00,3569.24,happy_path,912.71,EMP-142
CASE-00943,submit,2024-02-21 17:37:43.780526+00:00,327.64,rejection_loop,729.36,EMP-168
CASE-00943,manager_rejects,2024-02-21 17:43:11.419579+00:00,4678.86,rejection_loop,729.36,EMP-168
CASE-00943,resubmit,2024-02-21 19:01:10.275581+00:00,9910.88,rejection_loop,729.36,EMP-168
CASE-00943,manager_approval,2024-02-21 21:46:21.157860+00:00,80970.52,rejection_loop,729.36,EMP-168
CASE-00943,paid,2024-02-22 20:15:51.680544+00:00,4227.48,rejection_loop,729.36,EMP-168
CASE-00944,submit,2024-03-26 21:04:47.909490+00:00,423.95,rejection_loop,3321.5,EMP-135
CASE-00944,manager_rejects,2024-03-26 21:11:51.857869+00:00,3582.05,rejection_loop,3321.5,EMP-135
CASE-00944,resubmit,2024-03-26 22:11:33.904822+00:00,7677.9,rejection_loop,3321.5,EMP-135
CASE-00944,manager_approval,2024-03-27 00:19:31.804598+00:00,80904.3,rejection_loop,3321.5,EMP-135
CASE-00944,paid,2024-03-27 22:47:56.100393+00:00,4858.56,rejection_loop,3321.5,EMP-135
CASE-00945,submit,2024-02-04 23:36:31.793510+00:00,407.38,rejection_loop,998.82,EMP-097
CASE-00945,manager_rejects,2024-02-04 23:43:19.168694+00:00,3336.75,rejection_loop,998.82,EMP-097
CASE-00945,resubmit,2024-02-05 00:38:55.916117+00:00,8935.97,rejection_loop,998.82,EMP-097
CASE-00945,manager_approval,2024-02-05 03:07:51.884960+00:00,54477.38,rejection_loop,998.82,EMP-097
CASE-00945,paid,2024-02-05 18:15:49.264295+00:00,2069.27,rejection_loop,998.82,EMP-097
CASE-00946,submit,2023-11-24 22:52:10.066333+00:00,326.9,rejection_loop,2957.26,EMP-138
CASE-00946,manager_rejects,2023-11-24 22:57:36.970110+00:00,3963.37,rejection_loop,2957.26,EMP-138
CASE-00946,resubmit,2023-11-25 00:03:40.342730+00:00,6197.48,rejection_loop,2957.26,EMP-138
CASE-00946,manager_approval,2023-11-25 01:46:57.818646+00:00,73675.97,rejection_loop,2957.26,EMP-138
CASE-00946,paid,2023-11-25 22:14:53.791318+00:00,4351.28,rejection_loop,2957.26,EMP-138
CASE-00947,submit,2023-10-17 15:40:52.579247+00:00,351.01,escalation,2470.5,EMP-187
CASE-00947,manager_approval,2023-10-17 15:46:43.591023+00:00,55060.13,escalation,2470.5,EMP-187
CASE-00947,finance_review,2023-10-18 07:04:23.718503+00:00,184484.65,escalation,2470.5,EMP-187
CASE-00947,paid,2023-10-20 10:19:08.373085+00:00,4584.97,escalation,2470.5,EMP-187
CASE-00948,submit,2023-12-09 08:49:46.258486+00:00,328.35,rejection_loop,3243.1,EMP-131
CASE-00948,manager_rejects,2023-12-09 08:55:14.611988+00:00,3225.82,rejection_loop,3243.1,EMP-131
CASE-00948,resubmit,2023-12-09 09:49:00.427166+00:00,7066.12,rejection_loop,3243.1,EMP-131
CASE-00948,manager_approval,2023-12-09 11:46:46.545775+00:00,80241.0,rejection_loop,3243.1,EMP-131
CASE-00948,paid,2023-12-10 10:04:07.545604+00:00,2531.47,rejection_loop,3243.1,EMP-131
CASE-00949,submit,2023-11-20 07:12:33.050532+00:00,190.11,happy_path,4780.97,EMP-122
CASE-00949,manager_approval,2023-11-20 07:15:43.159900+00:00,114784.72,happy_path,4780.97,EMP-122
CASE-00949,finance_approval,2023-11-21 15:08:47.883881+00:00,41501.15,happy_path,4780.97,EMP-122
CASE-00949,paid,2023-11-22 02:40:29.038662+00:00,3476.24,happy_path,4780.97,EMP-122
CASE-00950,submit,2023-12-13 06:17:16.418018+00:00,256.67,happy_path,1054.85,EMP-061
CASE-00950,manager_approval,2023-12-13 06:21:33.086323+00:00,128890.26,happy_path,1054.85,EMP-061
CASE-00950,finance_approval,2023-12-14 18:09:43.349980+00:00,28008.73,happy_path,1054.85,EMP-061
CASE-00950,paid,2023-12-15 01:56:32.082416+00:00,2686.39,happy_path,1054.85,EMP-061
CASE-00951,submit,2024-02-15 07:00:37.038812+00:00,279.73,happy_path,2775.23,EMP-035
CASE-00951,manager_approval,2024-02-15 07:05:16.770431+00:00,111486.87,happy_path,2775.23,EMP-035
CASE-00951,finance_approval,2024-02-16 14:03:23.639197+00:00,43459.27,happy_path,2775.23,EMP-035
CASE-00951,paid,2024-02-17 02:07:42.910117+00:00,3858.87,happy_path,2775.23,EMP-035
CASE-00952,submit,2023-12-26 03:49:12.976846+00:00,208.85,escalation,1715.05,EMP-116
CASE-00952,manager_approval,2023-12-26 03:52:41.830403+00:00,107527.72,escalation,1715.05,EMP-116
CASE-00952,finance_review,2023-12-27 09:44:49.548170+00:00,155464.46,escalation,1715.05,EMP-116
CASE-00952,paid,2023-12-29 04:55:54.006611+00:00,4406.34,escalation,1715.05,EMP-116
CASE-00953,submit,2023-10-16 15:50:17.060690+00:00,340.82,happy_path,1207.26,EMP-166
CASE-00953,manager_approval,2023-10-16 15:55:57.879054+00:00,75930.54,happy_path,1207.26,EMP-166
CASE-00953,finance_approval,2023-10-17 13:01:28.423785+00:00,34144.03,happy_path,1207.26,EMP-166
CASE-00953,paid,2023-10-17 22:30:32.451006+00:00,3587.45,happy_path,1207.26,EMP-166
CASE-00954,submit,2023-10-20 17:07:38.474072+00:00,315.11,happy_path,1418.3,EMP-059
CASE-00954,manager_approval,2023-10-20 17:12:53.581794+00:00,89015.82,happy_path,1418.3,EMP-059
CASE-00954,finance_approval,2023-10-21 17:56:29.397593+00:00,44663.62,happy_path,1418.3,EMP-059
CASE-00954,paid,2023-10-22 06:20:53.020239+00:00,4166.78,happy_path,1418.3,EMP-059
CASE-00955,submit,2024-02-03 00:53:23.657171+00:00,285.63,happy_path,1548.44,EMP-197
CASE-00955,manager_approval,2024-02-03 00:58:09.289774+00:00,119782.88,happy_path,1548.44,EMP-197
CASE-00955,finance_approval,2024-02-04 10:14:32.171831+00:00,69039.72,happy_path,1548.44,EMP-197
CASE-00955,paid,2024-02-05 05:25:11.890407+00:00,3559.32,happy_path,1548.44,EMP-197
CASE-00956,submit,2023-10-04 12:51:58.876900+00:00,265.89,rejection_loop,3712.11,EMP-067
CASE-00956,manager_rejects,2023-10-04 12:56:24.762115+00:00,4661.87,rejection_loop,3712.11,EMP-067
CASE-00956,resubmit,2023-10-04 14:14:06.632247+00:00,7578.32,rejection_loop,3712.11,EMP-067
CASE-00956,manager_approval,2023-10-04 16:20:24.947286+00:00,64905.86,rejection_loop,3712.11,EMP-067
CASE-00956,paid,2023-10-05 10:22:10.808766+00:00,2616.41,rejection_loop,3712.11,EMP-067
CASE-00957,submit,2024-03-29 01:39:58.994142+00:00,344.11,escalation,2386.42,EMP-132
CASE-00957,manager_approval,2024-03-29 01:45:43.101714+00:00,127669.87,escalation,2386.42,EMP-132
CASE-00957,finance_review,2024-03-30 13:13:32.966725+00:00,146832.31,escalation,2386.42,EMP-132
CASE-00957,paid,2024-04-01 06:00:45.275364+00:00,3802.59,escalation,2386.42,EMP-132
CASE-00958,submit,2024-02-21 11:24:37.729457+00:00,395.23,happy_path,1206.93,EMP-151
CASE-00958,manager_approval,2024-02-21 11:31:12.962037+00:00,88055.58,happy_path,1206.93,EMP-151
CASE-00958,finance_approval,2024-02-22 11:58:48.544628+00:00,31684.35,happy_path,1206.93,EMP-151
CASE-00958,paid,2024-02-22 20:46:52.891363+00:00,2051.96,happy_path,1206.93,EMP-151
CASE-00959,submit,2024-03-20 13:08:11.902733+00:00,325.53,happy_path,979.84,EMP-198
CASE-00959,manager_approval,2024-03-20 13:13:37.434340+00:00,66222.87,happy_path,979.84,EMP-198
CASE-00959,finance_approval,2024-03-21 07:37:20.305182+00:00,47025.76,happy_path,979.84,EMP-198
CASE-00959,paid,2024-03-21 20:41:06.067504+00:00,3734.11,happy_path,979.84,EMP-198
CASE-00960,submit,2024-03-20 19:17:21.426318+00:00,288.16,happy_path,4375.06,EMP-079
CASE-00960,manager_approval,2024-03-20 19:22:09.587855+00:00,125717.94,happy_path,4375.06,EMP-079
CASE-00960,finance_approval,2024-03-22 06:17:27.531852+00:00,43998.2,happy_path,4375.06,EMP-079
CASE-00960,paid,2024-03-22 18:30:45.733558+00:00,4014.39,happy_path,4375.06,EMP-079
CASE-00961,submit,2024-02-17 07:28:32.262254+00:00,252.81,happy_path,3444.53,EMP-104
CASE-00961,manager_approval,2024-02-17 07:32:45.075746+00:00,79744.31,happy_path,3444.53,EMP-104
CASE-00961,finance_approval,2024-02-18 05:41:49.390295+00:00,37542.76,happy_path,3444.53,EMP-104
CASE-00961,paid,2024-02-18 16:07:32.154137+00:00,2604.26,happy_path,3444.53,EMP-104
CASE-00962,submit,2024-01-13 06:35:04.640604+00:00,259.63,happy_path,738.72,EMP-085
CASE-00962,manager_approval,2024-01-13 06:39:24.273394+00:00,100932.52,happy_path,738.72,EMP-085
CASE-00962,finance_approval,2024-01-14 10:41:36.795211+00:00,28014.32,happy_path,738.72,EMP-085
CASE-00962,paid,2024-01-14 18:28:31.111185+00:00,2798.66,happy_path,738.72,EMP-085
CASE-00963,submit,2024-01-07 04:59:57.511913+00:00,273.25,happy_path,4746.03,EMP-017
CASE-00963,manager_approval,2024-01-07 05:04:30.764208+00:00,90313.82,happy_path,4746.03,EMP-017
CASE-00963,finance_approval,2024-01-08 06:09:44.579252+00:00,46397.14,happy_path,4746.03,EMP-017
CASE-00963,paid,2024-01-08 19:03:01.723162+00:00,2706.18,happy_path,4746.03,EMP-017
CASE-00964,submit,2024-02-01 11:30:19.884947+00:00,272.18,rejection_loop,511.55,EMP-027
CASE-00964,manager_rejects,2024-02-01 11:34:52.066582+00:00,4093.17,rejection_loop,511.55,EMP-027
CASE-00964,resubmit,2024-02-01 12:43:05.236656+00:00,10226.6,rejection_loop,511.55,EMP-027
CASE-00964,manager_approval,2024-02-01 15:33:31.840825+00:00,82387.33,rejection_loop,511.55,EMP-027
CASE-00964,paid,2024-02-02 14:26:39.168207+00:00,3473.04,rejection_loop,511.55,EMP-027
CASE-00965,submit,2023-11-23 02:05:31.635872+00:00,309.37,happy_path,4561.16,EMP-099
CASE-00965,manager_approval,2023-11-23 02:10:41.004633+00:00,117929.41,happy_path,4561.16,EMP-099
CASE-00965,finance_approval,2023-11-24 10:56:10.415242+00:00,45441.24,happy_path,4561.16,EMP-099
CASE-00965,paid,2023-11-24 23:33:31.659063+00:00,3731.79,happy_path,4561.16,EMP-099
CASE-00966,submit,2023-12-12 09:34:29.206409+00:00,331.48,escalation,900.54,EMP-106
CASE-00966,manager_approval,2023-12-12 09:40:00.691405+00:00,85657.93,escalation,900.54,EMP-106
CASE-00966,finance_review,2023-12-13 09:27:38.625837+00:00,110728.32,escalation,900.54,EMP-106
CASE-00966,paid,2023-12-14 16:13:06.949503+00:00,4327.8,escalation,900.54,EMP-106
CASE-00967,submit,2023-10-26 09:18:26.871280+00:00,317.55,happy_path,4522.76,EMP-053
CASE-00967,manager_approval,2023-10-26 09:23:44.420193+00:00,108495.74,happy_path,4522.76,EMP-053
CASE-00967,finance_approval,2023-10-27 15:32:00.162331+00:00,41151.66,happy_path,4522.76,EMP-053
CASE-00967,paid,2023-10-28 02:57:51.818631+00:00,2611.25,happy_path,4522.76,EMP-053
CASE-00968,submit,2023-11-08 12:50:33.616019+00:00,286.22,escalation,4698.81,EMP-151
CASE-00968,manager_approval,2023-11-08 12:55:19.832357+00:00,62978.82,escalation,4698.81,EMP-151
CASE-00968,finance_review,2023-11-09 06:24:58.656987+00:00,212463.18,escalation,4698.81,EMP-151
CASE-00968,paid,2023-11-11 17:26:01.838599+00:00,6238.87,escalation,4698.81,EMP-151
CASE-00969,submit,2024-02-25 08:41:03.826839+00:00,169.97,happy_path,4131.68,EMP-155
CASE-00969,manager_approval,2024-02-25 08:43:53.799005+00:00,78727.57,happy_path,4131.68,EMP-155
CASE-00969,finance_approval,2024-02-26 06:36:01.366207+00:00,49002.13,happy_path,4131.68,EMP-155
CASE-00969,paid,2024-02-26 20:12:43.495180+00:00,2912.38,happy_path,4131.68,EMP-155
CASE-00970,submit,2024-01-27 08:00:44.190732+00:00,348.34,escalation,3699.59,EMP-074
CASE-00970,manager_approval,2024-01-27 08:06:32.527509+00:00,76675.78,escalation,3699.59,EMP-074
CASE-00970,finance_review,2024-01-28 05:24:28.304429+00:00,214909.34,escalation,3699.59,EMP-074
CASE-00970,paid,2024-01-30 17:06:17.648659+00:00,2267.02,escalation,3699.59,EMP-074
CASE-00971,submit,2023-12-16 17:01:40.500555+00:00,335.63,happy_path,4125.98,EMP-045
CASE-00971,manager_approval,2023-12-16 17:07:16.128955+00:00,113470.62,happy_path,4125.98,EMP-045
CASE-00971,finance_approval,2023-12-18 00:38:26.746048+00:00,36740.95,happy_path,4125.98,EMP-045
CASE-00971,paid,2023-12-18 10:50:47.694470+00:00,3967.14,happy_path,4125.98,EMP-045
CASE-00972,submit,2023-12-12 20:08:30.091195+00:00,341.86,escalation,3507.68,EMP-025
CASE-00972,manager_approval,2023-12-12 20:14:11.948890+00:00,81048.31,escalation,3507.68,EMP-025
CASE-00972,finance_review,2023-12-13 18:45:00.258709+00:00,196539.41,escalation,3507.68,EMP-025
CASE-00972,paid,2023-12-16 01:20:39.668525+00:00,3076.9,escalation,3507.68,EMP-025
CASE-00973,submit,2024-02-05 15:33:00.172419+00:00,292.76,escalation,1494.85,EMP-018
CASE-00973,manager_approval,2024-02-05 15:37:52.928609+00:00,71508.21,escalation,1494.85,EMP-018
CASE-00973,finance_review,2024-02-06 11:29:41.134385+00:00,37975.96,escalation,1494.85,EMP-018
CASE-00973,paid,2024-02-06 22:02:37.093971+00:00,3715.0,escalation,1494.85,EMP-018
CASE-00974,submit,2024-02-15 23:18:52.061467+00:00,195.71,escalation,4976.82,EMP-020
CASE-00974,manager_approval,2024-02-15 23:22:07.766579+00:00,85362.95,escalation,4976.82,EMP-020
CASE-00974,finance_review,2024-02-16 23:04:50.717987+00:00,150898.68,escalation,4976.82,EMP-020
CASE-00974,paid,2024-02-18 16:59:49.400520+00:00,3889.18,escalation,4976.82,EMP-020
CASE-00975,submit,2023-10-16 04:12:16.291907+00:00,265.87,happy_path,270.94,EMP-007
CASE-00975,manager_approval,2023-10-16 04:16:42.159192+00:00,52612.35,happy_path,270.94,EMP-007
CASE-00975,finance_approval,2023-10-16 18:53:34.510654+00:00,34452.25,happy_path,270.94,EMP-007
CASE-00975,paid,2023-10-17 04:27:46.758943+00:00,4612.0,happy_path,270.94,EMP-007
CASE-00976,submit,2023-11-17 02:37:00.360502+00:00,291.74,rejection_loop,2013.54,EMP-003
CASE-00976,manager_rejects,2023-11-17 02:41:52.099068+00:00,3285.63,rejection_loop,2013.54,EMP-003
CASE-00976,resubmit,2023-11-17 03:36:37.731661+00:00,6234.48,rejection_loop,2013.54,EMP-003
CASE-00976,manager_approval,2023-11-17 05:20:32.209806+00:00,65231.64,rejection_loop,2013.54,EMP-003
CASE-00976,paid,2023-11-17 23:27:43.850561+00:00,3237.36,rejection_loop,2013.54,EMP-003
CASE-00977,submit,2023-10-28 05:54:17.582379+00:00,305.99,escalation,3582.23,EMP-113
CASE-00977,manager_approval,2023-10-28 05:59:23.570402+00:00,104154.58,escalation,3582.23,EMP-113
CASE-00977,finance_review,2023-10-29 10:55:18.152055+00:00,97861.34,escalation,3582.23,EMP-113
CASE-00977,paid,2023-10-30 14:06:19.491081+00:00,3682.23,escalation,3582.23,EMP-113
CASE-00978,submit,2024-02-13 11:02:55.704659+00:00,310.06,happy_path,1506.02,EMP-137
CASE-00978,manager_approval,2024-02-13 11:08:05.764965+00:00,102198.27,happy_path,1506.02,EMP-137
CASE-00978,finance_approval,2024-02-14 15:31:24.030992+00:00,52562.31,happy_path,1506.02,EMP-137
CASE-00978,paid,2024-02-15 06:07:26.336597+00:00,4317.29,happy_path,1506.02,EMP-137
CASE-00979,submit,2023-10-09 04:48:06.235868+00:00,303.37,happy_path,930.8,EMP-183
CASE-00979,manager_approval,2023-10-09 04:53:09.609762+00:00,79559.61,happy_path,930.8,EMP-183
CASE-00979,finance_approval,2023-10-10 02:59:09.219608+00:00,38721.92,happy_path,930.8,EMP-183
CASE-00979,paid,2023-10-10 13:44:31.143224+00:00,3037.48,happy_path,930.8,EMP-183
CASE-00980,submit,2024-01-29 19:22:28.419081+00:00,192.15,rejection_loop,3223.01,EMP-184
CASE-00980,manager_rejects,2024-01-29 19:25:40.565051+00:00,4333.67,rejection_loop,3223.01,EMP-184
CASE-00980,resubmit,2024-01-29 20:37:54.238378+00:00,8858.92,rejection_loop,3223.01,EMP-184
CASE-00980,manager_approval,2024-01-29 23:05:33.162194+00:00,59018.89,rejection_loop,3223.01,EMP-184
CASE-00980,paid,2024-01-30 15:29:12.052099+00:00,4018.97,rejection_loop,3223.01,EMP-184
CASE-00981,submit,2024-03-18 04:30:17.229403+00:00,268.75,happy_path,1918.11,EMP-052
CASE-00981,manager_approval,2024-03-18 04:34:45.977447+00:00,97701.05,happy_path,1918.11,EMP-052
CASE-00981,finance_approval,2024-03-19 07:43:07.026261+00:00,49526.73,happy_path,1918.11,EMP-052
CASE-00981,paid,2024-03-19 21:28:33.754892+00:00,4111.6,happy_path,1918.11,EMP-052
CASE-00982,submit,2024-02-02 09:25:30.543401+00:00,439.73,exception,1718.73,EMP-050
CASE-00982,missing_receipt,2024-02-02 09:32:50.269169+00:00,2092.84,exception,1718.73,EMP-050
CASE-00982,hold,2024-02-02 10:07:43.110059+00:00,394005.31,exception,1718.73,EMP-050
CASE-00982,resolved,2024-02-06 23:34:28.422691+00:00,4250.09,exception,1718.73,EMP-050
CASE-00982,paid,2024-02-07 00:45:18.509069+00:00,2857.92,exception,1718.73,EMP-050
CASE-00983,submit,2023-11-30 01:58:32.765874+00:00,217.41,happy_path,2586.88,EMP-084
CASE-00983,manager_approval,2023-11-30 02:02:10.171995+00:00,65258.89,happy_path,2586.88,EMP-084
CASE-00983,finance_approval,2023-11-30 20:09:49.064186+00:00,35992.96,happy_path,2586.88,EMP-084
CASE-00983,paid,2023-12-01 06:09:42.026690+00:00,4426.63,happy_path,2586.88,EMP-084
CASE-00984,submit,2023-12-06 04:24:35.020684+00:00,275.88,happy_path,1200.42,EMP-028
CASE-00984,manager_approval,2023-12-06 04:29:10.896045+00:00,96515.08,happy_path,1200.42,EMP-028
CASE-00984,finance_approval,2023-12-07 07:17:45.971827+00:00,49678.0,happy_path,1200.42,EMP-028
CASE-00984,paid,2023-12-07 21:05:43.969879+00:00,3238.71,happy_path,1200.42,EMP-028
CASE-00985,submit,2024-01-27 23:45:44.570355+00:00,354.49,happy_path,376.78,EMP-072
CASE-00985,manager_approval,2024-01-27 23:51:39.060779+00:00,80916.96,happy_path,376.78,EMP-072
CASE-00985,finance_approval,2024-01-28 22:20:16.019771+00:00,45171.45,happy_path,376.78,EMP-072
CASE-00985,paid,2024-01-29 10:53:07.470905+00:00,3749.64,happy_path,376.78,EMP-072
CASE-00986,submit,2024-02-08 06:08:03.802172+00:00,349.84,escalation,4916.36,EMP-027
CASE-00986,manager_approval,2024-02-08 06:13:53.645296+00:00,98914.22,escalation,4916.36,EMP-027
CASE-00986,finance_review,2024-02-09 09:42:27.861751+00:00,78428.2,escalation,4916.36,EMP-027
CASE-00986,paid,2024-02-10 07:29:36.057665+00:00,2978.07,escalation,4916.36,EMP-027
CASE-00987,submit,2024-02-05 08:04:56.571170+00:00,280.74,happy_path,1655.55,EMP-162
CASE-00987,manager_approval,2024-02-05 08:09:37.313058+00:00,61072.39,happy_path,1655.55,EMP-162
CASE-00987,finance_approval,2024-02-06 01:07:29.700069+00:00,25856.3,happy_path,1655.55,EMP-162
CASE-00987,paid,2024-02-06 08:18:25.996816+00:00,3320.01,happy_path,1655.55,EMP-162
CASE-00988,submit,2024-03-27 01:03:10.853084+00:00,249.43,escalation,4425.64,EMP-082
CASE-00988,manager_approval,2024-03-27 01:07:20.285783+00:00,82348.88,escalation,4425.64,EMP-082
CASE-00988,finance_review,2024-03-27 23:59:49.161871+00:00,158826.59,escalation,4425.64,EMP-082
CASE-00988,paid,2024-03-29 20:06:55.754177+00:00,5572.55,escalation,4425.64,EMP-082
CASE-00989,submit,2023-11-13 20:04:41.024232+00:00,314.64,happy_path,2579.58,EMP-190
CASE-00989,manager_approval,2023-11-13 20:09:55.666765+00:00,31418.58,happy_path,2579.58,EMP-190
CASE-00989,finance_approval,2023-11-14 04:53:34.248284+00:00,31974.1,happy_path,2579.58,EMP-190
CASE-00989,paid,2023-11-14 13:46:28.344105+00:00,3735.88,happy_path,2579.58,EMP-190
CASE-00990,submit,2023-12-19 03:06:38.896604+00:00,382.56,rejection_loop,1578.8,EMP-189
CASE-00990,manager_rejects,2023-12-19 03:13:01.453799+00:00,3609.89,rejection_loop,1578.8,EMP-189
CASE-00990,resubmit,2023-12-19 04:13:11.347874+00:00,7931.53,rejection_loop,1578.8,EMP-189
CASE-00990,manager_approval,2023-12-19 06:25:22.876518+00:00,102879.73,rejection_loop,1578.8,EMP-189
CASE-00990,paid,2023-12-20 11:00:02.610151+00:00,4404.54,rejection_loop,1578.8,EMP-189
CASE-00991,submit,2023-10-09 19:45:25.240350+00:00,371.81,happy_path,1909.95,EMP-165
CASE-00991,manager_approval,2023-10-09 19:51:37.050170+00:00,72900.82,happy_path,1909.95,EMP-165
CASE-00991,finance_approval,2023-10-10 16:06:37.868708+00:00,54329.36,happy_path,1909.95,EMP-165
CASE-00991,paid,2023-10-11 07:12:07.225712+00:00,3107.79,happy_path,1909.95,EMP-165
CASE-00992,submit,2024-02-21 15:42:51.154118+00:00,403.02,happy_path,1426.73,EMP-165
CASE-00992,manager_approval,2024-02-21 15:49:34.171436+00:00,95824.69,happy_path,1426.73,EMP-165
CASE-00992,finance_approval,2024-02-22 18:26:38.864064+00:00,31861.16,happy_path,1426.73,EMP-165
CASE-00992,paid,2024-02-23 03:17:40.021989+00:00,4439.5,happy_path,1426.73,EMP-165
CASE-00993,submit,2023-12-01 15:05:15.279523+00:00,303.64,rejection_loop,1183.6,EMP-188
CASE-00993,manager_rejects,2023-12-01 15:10:18.916105+00:00,4346.12,rejection_loop,1183.6,EMP-188
CASE-00993,resubmit,2023-12-01 16:22:45.040628+00:00,9417.0,rejection_loop,1183.6,EMP-188
CASE-00993,manager_approval,2023-12-01 18:59:42.044299+00:00,68715.98,rejection_loop,1183.6,EMP-188
CASE-00993,paid,2023-12-02 14:04:58.019594+00:00,3614.33,rejection_loop,1183.6,EMP-188
CASE-00994,submit,2024-01-04 20:45:31.416110+00:00,391.49,rejection_loop,3059.91,EMP-098
CASE-00994,manager_rejects,2024-01-04 20:52:02.905531+00:00,3943.0,rejection_loop,3059.91,EMP-098
CASE-00994,resubmit,2024-01-04 21:57:45.907765+00:00,9519.5,rejection_loop,3059.91,EMP-098
CASE-00994,manager_approval,2024-01-05 00:36:25.410318+00:00,109483.55,rejection_loop,3059.91,EMP-098
CASE-00994,paid,2024-01-06 07:01:08.959503+00:00,4013.47,rejection_loop,3059.91,EMP-098
CASE-00995,submit,2024-03-19 21:20:45.438111+00:00,326.11,exception,307.93,EMP-037
CASE-00995,missing_receipt,2024-03-19 21:26:11.551781+00:00,1931.49,exception,307.93,EMP-037
CASE-00995,hold,2024-03-19 21:58:23.043862+00:00,112516.84,exception,307.93,EMP-037
CASE-00995,resolved,2024-03-21 05:13:39.887081+00:00,3277.16,exception,307.93,EMP-037
CASE-00995,paid,2024-03-21 06:08:17.051996+00:00,3902.86,exception,307.93,EMP-037
CASE-00996,submit,2024-02-09 21:37:50.405102+00:00,368.49,happy_path,2362.02,EMP-043
CASE-00996,manager_approval,2024-02-09 21:43:58.893893+00:00,86829.08,happy_path,2362.02,EMP-043
CASE-00996,finance_approval,2024-02-10 21:51:07.977982+00:00,47683.88,happy_path,2362.02,EMP-043
CASE-00996,paid,2024-02-11 11:05:51.862655+00:00,3604.78,happy_path,2362.02,EMP-043
CASE-00997,submit,2024-03-06 05:40:41.793372+00:00,349.18,happy_path,3196.24,EMP-070
CASE-00997,manager_approval,2024-03-06 05:46:30.975246+00:00,33719.17,happy_path,3196.24,EMP-070
CASE-00997,finance_approval,2024-03-06 15:08:30.140689+00:00,45287.27,happy_path,3196.24,EMP-070
CASE-00997,paid,2024-03-07 03:43:17.408404+00:00,3043.0,happy_path,3196.24,EMP-070
CASE-00998,submit,2024-02-12 06:53:21.881658+00:00,345.13,happy_path,2142.35,EMP-157
CASE-00998,manager_approval,2024-02-12 06:59:07.009245+00:00,88991.43,happy_path,2142.35,EMP-157
CASE-00998,finance_approval,2024-02-13 07:42:18.439050+00:00,29902.78,happy_path,2142.35,EMP-157
CASE-00998,paid,2024-02-13 16:00:41.214620+00:00,3648.66,happy_path,2142.35,EMP-157
CASE-00999,submit,2024-03-14 03:53:39.826189+00:00,288.44,happy_path,4277.51,EMP-195
CASE-00999,manager_approval,2024-03-14 03:58:28.269945+00:00,78077.29,happy_path,4277.51,EMP-195
CASE-00999,finance_approval,2024-03-15 01:39:45.562162+00:00,51696.14,happy_path,4277.51,EMP-195
CASE-00999,paid,2024-03-15 16:01:21.703497+00:00,3071.09,happy_path,4277.51,EMP-195
CASE-01000,submit,2023-12-09 12:38:04.354496+00:00,287.84,happy_path,1563.94,EMP-073
CASE-01000,manager_approval,2023-12-09 12:42:52.194794+00:00,79838.0,happy_path,1563.94,EMP-073
CASE-01000,finance_approval,2023-12-10 10:53:30.199247+00:00,41480.65,happy_path,1563.94,EMP-073
CASE-01000,paid,2023-12-10 22:24:50.846379+00:00,4261.99,happy_path,1563.94,EMP-073
CASE-01001,submit,2024-03-06 02:21:00.539184+00:00,351.12,happy_path,988.65,EMP-004
CASE-01001,manager_approval,2024-03-06 02:26:51.660438+00:00,83826.65,happy_path,988.65,EMP-004
CASE-01001,finance_approval,2024-03-07 01:43:58.311181+00:00,36281.1,happy_path,988.65,EMP-004
CASE-01001,paid,2024-03-07 11:48:39.414032+00:00,2829.65,happy_path,988.65,EMP-004
CASE-01002,submit,2023-12-30 02:51:38.930358+00:00,335.11,happy_path,3723.86,EMP-099
CASE-01002,manager_approval,2023-12-30 02:57:14.042341+00:00,68203.22,happy_path,3723.86,EMP-099
CASE-01002,finance_approval,2023-12-30 21:53:57.266230+00:00,35768.8,happy_path,3723.86,EMP-099
CASE-01002,paid,2023-12-31 07:50:06.065099+00:00,3387.18,happy_path,3723.86,EMP-099
CASE-01003,submit,2023-11-01 05:24:19.784507+00:00,309.16,exception,1954.89,EMP-145
CASE-01003,missing_receipt,2023-11-01 05:29:28.940639+00:00,1861.19,exception,1954.89,EMP-145
CASE-01003,hold,2023-11-01 06:00:30.134587+00:00,43096.11,exception,1954.89,EMP-145
CASE-01003,resolved,2023-11-01 17:58:46.245786+00:00,3733.43,exception,1954.89,EMP-145
CASE-01003,paid,2023-11-01 19:00:59.673077+00:00,2111.38,exception,1954.89,EMP-145
CASE-01004,submit,2024-02-03 22:16:27.073263+00:00,271.26,happy_path,3560.19,EMP-163
CASE-01004,manager_approval,2024-02-03 22:20:58.336924+00:00,56819.45,happy_path,3560.19,EMP-163
CASE-01004,finance_approval,2024-02-04 14:07:57.789732+00:00,53715.46,happy_path,3560.19,EMP-163
CASE-01004,paid,2024-02-05 05:03:13.251291+00:00,2945.99,happy_path,3560.19,EMP-163
CASE-01005,submit,2024-01-24 13:42:56.603267+00:00,258.62,happy_path,220.81,EMP-093
CASE-01005,manager_approval,2024-01-24 13:47:15.224080+00:00,56504.96,happy_path,220.81,EMP-093
CASE-01005,finance_approval,2024-01-25 05:29:00.186878+00:00,39774.54,happy_path,220.81,EMP-093
CASE-01005,paid,2024-01-25 16:31:54.722844+00:00,3045.59,happy_path,220.81,EMP-093
CASE-01006,submit,2023-11-16 12:49:55.001184+00:00,222.05,happy_path,3421.28,EMP-066
CASE-01006,manager_approval,2023-11-16 12:53:37.055120+00:00,71352.13,happy_path,3421.28,EMP-066
CASE-01006,finance_approval,2023-11-17 08:42:49.181320+00:00,45094.97,happy_path,3421.28,EMP-066
CASE-01006,paid,2023-11-17 21:14:24.152596+00:00,3980.76,happy_path,3421.28,EMP-066
CASE-01007,submit,2023-12-13 13:55:15.963352+00:00,189.41,happy_path,3572.47,EMP-099
CASE-01007,manager_approval,2023-12-13 13:58:25.377284+00:00,62462.35,happy_path,3572.47,EMP-099
CASE-01007,finance_approval,2023-12-14 07:19:27.731347+00:00,38573.55,happy_path,3572.47,EMP-099
CASE-01007,paid,2023-12-14 18:02:21.281726+00:00,3532.34,happy_path,3572.47,EMP-099
CASE-01008,submit,2024-02-04 12:44:05.897312+00:00,225.94,happy_path,4157.26,EMP-065
CASE-01008,manager_approval,2024-02-04 12:47:51.834628+00:00,86291.64,happy_path,4157.26,EMP-065
CASE-01008,finance_approval,2024-02-05 12:46:03.474644+00:00,50438.65,happy_path,4157.26,EMP-065
CASE-01008,paid,2024-02-06 02:46:42.129078+00:00,2818.81,happy_path,4157.26,EMP-065
CASE-01009,submit,2024-03-07 11:53:08.092516+00:00,360.51,rejection_loop,3774.69,EMP-187
CASE-01009,manager_rejects,2024-03-07 11:59:08.599133+00:00,4095.92,rejection_loop,3774.69,EMP-187
CASE-01009,resubmit,2024-03-07 13:07:24.522304+00:00,8171.78,rejection_loop,3774.69,EMP-187
CASE-01009,manager_approval,2024-03-07 15:23:36.301959+00:00,48522.92,rejection_loop,3774.69,EMP-187
CASE-01009,paid,2024-03-08 04:52:19.220705+00:00,3526.41,rejection_loop,3774.69,EMP-187
CASE-01010,submit,2024-03-28 15:57:00.469437+00:00,340.85,rejection_loop,3510.09,EMP-002
CASE-01010,manager_rejects,2024-03-28 16:02:41.320536+00:00,3613.66,rejection_loop,3510.09,EMP-002
CASE-01010,resubmit,2024-03-28 17:02:54.984621+00:00,7107.5,rejection_loop,3510.09,EMP-002
CASE-01010,manager_approval,2024-03-28 19:01:22.481107+00:00,116587.96,rejection_loop,3510.09,EMP-002
CASE-01010,paid,2024-03-30 03:24:30.443591+00:00,4190.36,rejection_loop,3510.09,EMP-002
CASE-01011,submit,2023-12-19 13:42:08.060562+00:00,317.19,escalation,3289.88,EMP-188
CASE-01011,manager_approval,2023-12-19 13:47:25.253938+00:00,98816.87,escalation,3289.88,EMP-188
CASE-01011,finance_review,2023-12-20 17:14:22.125746+00:00,205939.6,escalation,3289.88,EMP-188
CASE-01011,paid,2023-12-23 02:26:41.726316+00:00,4376.52,escalation,3289.88,EMP-188
CASE-01012,submit,2024-02-26 14:04:49.315250+00:00,308.23,escalation,595.68,EMP-146
CASE-01012,manager_approval,2024-02-26 14:09:57.547148+00:00,93324.23,escalation,595.68,EMP-146
CASE-01012,finance_review,2024-02-27 16:05:21.780398+00:00,202701.64,escalation,595.68,EMP-146
CASE-01012,paid,2024-03-01 00:23:43.424869+00:00,4985.0,escalation,595.68,EMP-146
CASE-01013,submit,2023-12-21 07:57:19.954625+00:00,324.65,happy_path,4516.25,EMP-105
CASE-01013,manager_approval,2023-12-21 08:02:44.601019+00:00,80998.88,happy_path,4516.25,EMP-105
CASE-01013,finance_approval,2023-12-22 06:32:43.486014+00:00,41277.92,happy_path,4516.25,EMP-105
CASE-01013,paid,2023-12-22 18:00:41.403527+00:00,3322.48,happy_path,4516.25,EMP-105
CASE-01014,submit,2023-12-03 14:05:46.624665+00:00,241.26,happy_path,667.17,EMP-017
CASE-01014,manager_approval,2023-12-03 14:09:47.887714+00:00,73778.51,happy_path,667.17,EMP-017
CASE-01014,finance_approval,2023-12-04 10:39:26.393408+00:00,41652.47,happy_path,667.17,EMP-017
CASE-01014,paid,2023-12-04 22:13:38.861451+00:00,3232.96,happy_path,667.17,EMP-017
CASE-01015,submit,2024-01-30 18:11:32.072265+00:00,304.28,happy_path,3771.4,EMP-002
CASE-01015,manager_approval,2024-01-30 18:16:36.351168+00:00,80273.99,happy_path,3771.4,EMP-002
CASE-01015,finance_approval,2024-01-31 16:34:30.340445+00:00,46289.07,happy_path,3771.4,EMP-002
CASE-01015,paid,2024-02-01 05:25:59.414181+00:00,5146.93,happy_path,3771.4,EMP-002
CASE-01016,submit,2023-11-19 20:24:38.342489+00:00,199.48,happy_path,2624.37,EMP-195
CASE-01016,manager_approval,2023-11-19 20:27:57.825044+00:00,89608.27,happy_path,2624.37,EMP-195
CASE-01016,finance_approval,2023-11-20 21:21:26.093162+00:00,38030.64,happy_path,2624.37,EMP-195
CASE-01016,paid,2023-11-21 07:55:16.737125+00:00,3102.85,happy_path,2624.37,EMP-195
CASE-01017,submit,2024-02-27 00:46:47.530700+00:00,382.72,escalation,1748.23,EMP-081
CASE-01017,manager_approval,2024-02-27 00:53:10.246098+00:00,74824.2,escalation,1748.23,EMP-081
CASE-01017,finance_review,2024-02-27 21:40:14.447257+00:00,162087.68,escalation,1748.23,EMP-081
CASE-01017,paid,2024-02-29 18:41:42.127931+00:00,3813.74,escalation,1748.23,EMP-081
CASE-01018,submit,2023-10-03 13:19:32.678676+00:00,341.79,happy_path,1684.76,EMP-026
CASE-01018,manager_approval,2023-10-03 13:25:14.466856+00:00,70488.87,happy_path,1684.76,EMP-026
CASE-01018,finance_approval,2023-10-04 09:00:03.340305+00:00,51580.15,happy_path,1684.76,EMP-026
CASE-01018,paid,2023-10-04 23:19:43.490311+00:00,1839.39,happy_path,1684.76,EMP-026
CASE-01019,submit,2023-11-22 07:17:59.029421+00:00,265.45,happy_path,658.33,EMP-136
CASE-01019,manager_approval,2023-11-22 07:22:24.481544+00:00,48715.49,happy_path,658.33,EMP-136
CASE-01019,finance_approval,2023-11-22 20:54:19.969476+00:00,36431.17,happy_path,658.33,EMP-136
CASE-01019,paid,2023-11-23 07:01:31.136919+00:00,4519.01,happy_path,658.33,EMP-136
CASE-01020,submit,2024-01-29 20:11:12.236570+00:00,385.53,escalation,2402.24,EMP-106
CASE-01020,manager_approval,2024-01-29 20:17:37.762173+00:00,87005.42,escalation,2402.24,EMP-106
CASE-01020,finance_review,2024-01-30 20:27:43.180071+00:00,208391.05,escalation,2402.24,EMP-106
CASE-01020,paid,2024-02-02 06:20:54.229191+00:00,3316.82,escalation,2402.24,EMP-106
CASE-01021,submit,2023-11-30 14:16:07.901963+00:00,222.99,escalation,4373.5,EMP-189
CASE-01021,manager_approval,2023-11-30 14:19:50.894089+00:00,96517.57,escalation,4373.5,EMP-189
CASE-01021,finance_review,2023-12-01 17:08:28.467951+00:00,124632.81,escalation,4373.5,EMP-189
CASE-01021,paid,2023-12-03 03:45:41.277324+00:00,4327.48,escalation,4373.5,EMP-189
CASE-01022,submit,2024-03-28 15:17:05.000275+00:00,381.18,happy_path,2168.19,EMP-122
CASE-01022,manager_approval,2024-03-28 15:23:26.178199+00:00,49733.95,happy_path,2168.19,EMP-122
CASE-01022,finance_approval,2024-03-29 05:12:20.124933+00:00,42607.63,happy_path,2168.19,EMP-122
CASE-01022,paid,2024-03-29 17:02:27.756952+00:00,2852.88,happy_path,2168.19,EMP-122
CASE-01023,submit,2024-03-08 17:19:51.271768+00:00,320.71,happy_path,758.65,EMP-134
CASE-01023,manager_approval,2024-03-08 17:25:11.977888+00:00,52915.4,happy_path,758.65,EMP-134
CASE-01023,finance_approval,2024-03-09 08:07:07.381389+00:00,51484.41,happy_path,758.65,EMP-134
CASE-01023,paid,2024-03-09 22:25:11.792139+00:00,3809.34,happy_path,758.65,EMP-134
CASE-01024,submit,2024-03-28 16:47:19.349638+00:00,175.0,happy_path,4170.15,EMP-141
CASE-01024,manager_approval,2024-03-28 16:50:14.351328+00:00,95924.62,happy_path,4170.15,EMP-141
CASE-01024,finance_approval,2024-03-29 19:28:58.972842+00:00,51133.04,happy_path,4170.15,EMP-141
CASE-01024,paid,2024-03-30 09:41:12.017511+00:00,3312.25,happy_path,4170.15,EMP-141
CASE-01025,submit,2024-02-15 14:03:03.202573+00:00,286.05,escalation,1254.61,EMP-044
CASE-01025,manager_approval,2024-02-15 14:07:49.250998+00:00,78513.65,escalation,1254.61,EMP-044
CASE-01025,finance_review,2024-02-16 11:56:22.898094+00:00,109931.69,escalation,1254.61,EMP-044
CASE-01025,paid,2024-02-17 18:28:34.585645+00:00,4167.82,escalation,1254.61,EMP-044
CASE-01026,submit,2024-02-17 22:27:14.828151+00:00,308.57,happy_path,4648.39,EMP-099
CASE-01026,manager_approval,2024-02-17 22:32:23.398884+00:00,102784.8,happy_path,4648.39,EMP-099
CASE-01026,finance_approval,2024-02-19 03:05:28.194709+00:00,28001.8,happy_path,4648.39,EMP-099
CASE-01026,paid,2024-02-19 10:52:09.996148+00:00,3884.98,happy_path,4648.39,EMP-099
CASE-01027,submit,2024-01-25 00:55:41.460741+00:00,193.23,happy_path,721.99,EMP-137
CASE-01027,manager_approval,2024-01-25 00:58:54.689852+00:00,88343.69,happy_path,721.99,EMP-137
CASE-01027,finance_approval,2024-01-26 01:31:18.378901+00:00,40652.26,happy_path,721.99,EMP-137
CASE-01027,paid,2024-01-26 12:48:50.637167+00:00,4155.89,happy_path,721.99,EMP-137
CASE-01028,submit,2024-01-26 22:01:18.679563+00:00,231.7,escalation,4623.05,EMP-017
CASE-01028,manager_approval,2024-01-26 22:05:10.379657+00:00,110374.53,escalation,4623.05,EMP-017
CASE-01028,finance_review,2024-01-28 04:44:44.909163+00:00,169079.45,escalation,4623.05,EMP-017
CASE-01028,paid,2024-01-30 03:42:44.359038+00:00,2720.95,escalation,4623.05,EMP-017
CASE-01029,submit,2024-02-25 12:29:35.239138+00:00,304.92,escalation,2831.4,EMP-112
CASE-01029,manager_approval,2024-02-25 12:34:40.160861+00:00,96963.4,escalation,2831.4,EMP-112
CASE-01029,finance_review,2024-02-26 15:30:43.563718+00:00,188705.81,escalation,2831.4,EMP-112
CASE-01029,paid,2024-02-28 19:55:49.369049+00:00,3803.58,escalation,2831.4,EMP-112
CASE-01030,submit,2024-03-20 13:28:23.386981+00:00,271.9,rejection_loop,4689.19,EMP-191
CASE-01030,manager_rejects,2024-03-20 13:32:55.284394+00:00,3461.58,rejection_loop,4689.19,EMP-191
CASE-01030,resubmit,2024-03-20 14:30:36.868198+00:00,6517.34,rejection_loop,4689.19,EMP-191
CASE-01030,manager_approval,2024-03-20 16:19:14.211085+00:00,105874.38,rejection_loop,4689.19,EMP-191
CASE-01030,paid,2024-03-21 21:43:48.590943+00:00,3536.24,rejection_loop,4689.19,EMP-191
CASE-01031,submit,2024-03-27 08:56:59.395236+00:00,248.41,escalation,989.8,EMP-100
CASE-01031,manager_approval,2024-03-27 09:01:07.801308+00:00,77676.61,escalation,989.8,EMP-100
CASE-01031,finance_review,2024-03-28 06:35:44.414050+00:00,210093.2,escalation,989.8,EMP-100
CASE-01031,paid,2024-03-30 16:57:17.609051+00:00,2909.77,escalation,989.8,EMP-100
CASE-01032,submit,2023-10-22 04:27:04.271422+00:00,203.32,escalation,3028.01,EMP-057
CASE-01032,manager_approval,2023-10-22 04:30:27.586635+00:00,128579.47,escalation,3028.01,EMP-057
CASE-01032,finance_review,2023-10-23 16:13:27.060573+00:00,177675.73,escalation,3028.01,EMP-057
CASE-01032,paid,2023-10-25 17:34:42.789740+00:00,2933.33,escalation,3028.01,EMP-057
CASE-01033,submit,2023-12-24 00:59:21.019051+00:00,401.09,happy_path,1133.58,EMP-175
CASE-01033,manager_approval,2023-12-24 01:06:02.106878+00:00,76653.0,happy_path,1133.58,EMP-175
CASE-01033,finance_approval,2023-12-24 22:23:35.103517+00:00,40793.45,happy_path,1133.58,EMP-175
CASE-01033,paid,2023-12-25 09:43:28.550753+00:00,2779.46,happy_path,1133.58,EMP-175
CASE-01034,submit,2024-01-01 10:16:22.567144+00:00,207.04,rejection_loop,3014.46,EMP-080
CASE-01034,manager_rejects,2024-01-01 10:19:49.603443+00:00,3419.54,rejection_loop,3014.46,EMP-080
CASE-01034,resubmit,2024-01-01 11:16:49.139610+00:00,5866.98,rejection_loop,3014.46,EMP-080
CASE-01034,manager_approval,2024-01-01 12:54:36.120179+00:00,102649.32,rejection_loop,3014.46,EMP-080
CASE-01034,paid,2024-01-02 17:25:25.439741+00:00,2638.82,rejection_loop,3014.46,EMP-080
CASE-01035,submit,2024-02-06 17:53:12.692594+00:00,179.16,escalation,1117.74,EMP-075
CASE-01035,manager_approval,2024-02-06 17:56:11.853831+00:00,128977.8,escalation,1117.74,EMP-075
CASE-01035,finance_review,2024-02-08 05:45:49.653443+00:00,132362.8,escalation,1117.74,EMP-075
CASE-01035,paid,2024-02-09 18:31:52.453278+00:00,5063.16,escalation,1117.74,EMP-075
CASE-01036,submit,2024-02-06 01:45:36.097232+00:00,413.68,happy_path,3676.66,EMP-058
CASE-01036,manager_approval,2024-02-06 01:52:29.772485+00:00,100430.16,happy_path,3676.66,EMP-058
CASE-01036,finance_approval,2024-02-07 05:46:19.928067+00:00,46790.93,happy_path,3676.66,EMP-058
CASE-01036,paid,2024-02-07 18:46:10.862647+00:00,4538.84,happy_path,3676.66,EMP-058
CASE-01037,submit,2024-03-15 05:27:57.350993+00:00,306.77,happy_path,4922.73,EMP-169
CASE-01037,manager_approval,2024-03-15 05:33:04.117837+00:00,90195.95,happy_path,4922.73,EMP-169
CASE-01037,finance_approval,2024-03-16 06:36:20.070157+00:00,37318.69,happy_path,4922.73,EMP-169
CASE-01037,paid,2024-03-16 16:58:18.759317+00:00,4190.61,happy_path,4922.73,EMP-169
CASE-01038,submit,2023-12-12 09:23:33.248374+00:00,251.8,happy_path,1774.12,EMP-101
CASE-01038,manager_approval,2023-12-12 09:27:45.049725+00:00,83332.97,happy_path,1774.12,EMP-101
CASE-01038,finance_approval,2023-12-13 08:36:38.016095+00:00,41631.83,happy_path,1774.12,EMP-101
CASE-01038,paid,2023-12-13 20:10:29.845786+00:00,3040.39,happy_path,1774.12,EMP-101
CASE-01039,submit,2023-11-30 05:10:05.843258+00:00,330.84,rejection_loop,1999.17,EMP-034
CASE-01039,manager_rejects,2023-11-30 05:15:36.685914+00:00,2437.57,rejection_loop,1999.17,EMP-034
CASE-01039,resubmit,2023-11-30 05:56:14.259214+00:00,11162.85,rejection_loop,1999.17,EMP-034
CASE-01039,manager_approval,2023-11-30 09:02:17.104805+00:00,103225.23,rejection_loop,1999.17,EMP-034
CASE-01039,paid,2023-12-01 13:42:42.331655+00:00,3162.64,rejection_loop,1999.17,EMP-034
CASE-01040,submit,2023-11-24 09:28:20.566113+00:00,382.49,escalation,2237.32,EMP-124
CASE-01040,manager_approval,2023-11-24 09:34:43.055795+00:00,95700.78,escalation,2237.32,EMP-124
CASE-01040,finance_review,2023-11-25 12:09:43.839479+00:00,196725.97,escalation,2237.32,EMP-124
CASE-01040,paid,2023-11-27 18:48:29.808107+00:00,3585.09,escalation,2237.32,EMP-124
CASE-01041,submit,2023-10-21 08:24:52.833057+00:00,202.18,happy_path,3643.49,EMP-148
CASE-01041,manager_approval,2023-10-21 08:28:15.009418+00:00,95847.79,happy_path,3643.49,EMP-148
CASE-01041,finance_approval,2023-10-22 11:05:42.803263+00:00,29315.73,happy_path,3643.49,EMP-148
CASE-01041,paid,2023-10-22 19:14:18.530027+00:00,1769.57,happy_path,3643.49,EMP-148
CASE-01042,submit,2023-10-20 06:55:34.326557+00:00,419.67,escalation,882.7,EMP-015
CASE-01042,manager_approval,2023-10-20 07:02:33.992593+00:00,99813.9,escalation,882.7,EMP-015
CASE-01042,finance_review,2023-10-21 10:46:07.894450+00:00,168405.41,escalation,882.7,EMP-015
CASE-01042,paid,2023-10-23 09:32:53.304574+00:00,5986.09,escalation,882.7,EMP-015
CASE-01043,submit,2024-01-23 20:31:17.044668+00:00,354.43,escalation,2987.29,EMP-039
CASE-01043,manager_approval,2024-01-23 20:37:11.476262+00:00,81721.83,escalation,2987.29,EMP-039
CASE-01043,finance_review,2024-01-24 19:19:13.306308+00:00,179245.39,escalation,2987.29,EMP-039
CASE-01043,paid,2024-01-26 21:06:38.697467+00:00,3659.86,escalation,2987.29,EMP-039
CASE-01044,submit,2024-02-14 03:15:54.046447+00:00,369.37,escalation,4775.05,EMP-168
CASE-01044,manager_approval,2024-02-14 03:22:03.420680+00:00,97141.77,escalation,4775.05,EMP-168
CASE-01044,finance_review,2024-02-15 06:21:05.185914+00:00,41693.01,escalation,4775.05,EMP-168
CASE-01044,paid,2024-02-15 17:55:58.191140+00:00,3413.7,escalation,4775.05,EMP-168
CASE-01045,submit,2023-11-21 12:55:59.858063+00:00,277.16,happy_path,4100.07,EMP-098
CASE-01045,manager_approval,2023-11-21 13:00:37.017078+00:00,74589.63,happy_path,4100.07,EMP-098
CASE-01045,finance_approval,2023-11-22 09:43:46.650154+00:00,37546.16,happy_path,4100.07,EMP-098
CASE-01045,paid,2023-11-22 20:09:32.809526+00:00,3872.49,happy_path,4100.07,EMP-098
CASE-01046,submit,2023-11-12 11:43:09.742849+00:00,317.06,happy_path,3360.52,EMP-131
CASE-01046,manager_approval,2023-11-12 11:48:26.801919+00:00,31816.84,happy_path,3360.52,EMP-131
CASE-01046,finance_approval,2023-11-12 20:38:43.645258+00:00,32152.35,happy_path,3360.52,EMP-131
CASE-01046,paid,2023-11-13 05:34:35.991360+00:00,2226.95,happy_path,3360.52,EMP-131
CASE-01047,submit,2023-12-29 03:42:25.854945+00:00,311.86,happy_path,2984.75,EMP-099
CASE-01047,manager_approval,2023-12-29 03:47:37.711967+00:00,72236.69,happy_path,2984.75,EMP-099
CASE-01047,finance_approval,2023-12-29 23:51:34.405873+00:00,37145.34,happy_path,2984.75,EMP-099
CASE-01047,paid,2023-12-30 10:10:39.744720+00:00,3228.87,happy_path,2984.75,EMP-099
CASE-01048,submit,2023-11-05 06:43:26.924961+00:00,288.09,happy_path,4548.96,EMP-138
CASE-01048,manager_approval,2023-11-05 06:48:15.010767+00:00,88060.08,happy_path,4548.96,EMP-138
CASE-01048,finance_approval,2023-11-06 07:15:55.094655+00:00,41872.75,happy_path,4548.96,EMP-138
CASE-01048,paid,2023-11-06 18:53:47.849246+00:00,2552.54,happy_path,4548.96,EMP-138
CASE-01049,submit,2024-03-01 16:27:42.548965+00:00,274.33,rejection_loop,2468.39,EMP-133
CASE-01049,manager_rejects,2024-03-01 16:32:16.881643+00:00,2524.06,rejection_loop,2468.39,EMP-133
CASE-01049,resubmit,2024-03-01 17:14:20.936946+00:00,6393.21,rejection_loop,2468.39,EMP-133
CASE-01049,manager_approval,2024-03-01 19:00:54.146058+00:00,65465.73,rejection_loop,2468.39,EMP-133
CASE-01049,paid,2024-03-02 13:11:59.878045+00:00,2372.05,rejection_loop,2468.39,EMP-133
CASE-01050,submit,2023-11-04 12:28:09.222082+00:00,269.3,happy_path,3309.98,EMP-031
CASE-01050,manager_approval,2023-11-04 12:32:38.522268+00:00,78465.12,happy_path,3309.98,EMP-031
CASE-01050,finance_approval,2023-11-05 10:20:23.646099+00:00,31028.67,happy_path,3309.98,EMP-031
CASE-01050,paid,2023-11-05 18:57:32.316857+00:00,3055.26,happy_path,3309.98,EMP-031
CASE-01051,submit,2024-01-28 11:24:25.061843+00:00,339.36,happy_path,687.64,EMP-053
CASE-01051,manager_approval,2024-01-28 11:30:04.424097+00:00,95122.99,happy_path,687.64,EMP-053
CASE-01051,finance_approval,2024-01-29 13:55:27.416405+00:00,43258.37,happy_path,687.64,EMP-053
CASE-01051,paid,2024-01-30 01:56:25.787613+00:00,3221.63,happy_path,687.64,EMP-053
CASE-01052,submit,2023-11-02 21:19:32.943402+00:00,387.0,happy_path,1527.96,EMP-140
CASE-01052,manager_approval,2023-11-02 21:25:59.947408+00:00,81862.58,happy_path,1527.96,EMP-140
CASE-01052,finance_approval,2023-11-03 20:10:22.525944+00:00,43223.13,happy_path,1527.96,EMP-140
CASE-01052,paid,2023-11-04 08:10:45.655300+00:00,3876.7,happy_path,1527.96,EMP-140
CASE-01053,submit,2024-01-29 15:33:38.655485+00:00,225.95,exception,4527.87,EMP-076
CASE-01053,missing_receipt,2024-01-29 15:37:24.607875+00:00,1933.5,exception,4527.87,EMP-076
CASE-01053,hold,2024-01-29 16:09:38.111281+00:00,223669.35,exception,4527.87,EMP-076
CASE-01053,resolved,2024-02-01 06:17:27.459995+00:00,2913.28,exception,4527.87,EMP-076
CASE-01053,paid,2024-02-01 07:06:00.737777+00:00,4435.31,exception,4527.87,EMP-076
CASE-01054,submit,2024-01-30 06:30:19.531347+00:00,295.1,escalation,1088.71,EMP-026
CASE-01054,manager_approval,2024-01-30 06:35:14.627047+00:00,92077.62,escalation,1088.71,EMP-026
CASE-01054,finance_review,2024-01-31 08:09:52.247977+00:00,176078.55,escalation,1088.71,EMP-026
CASE-01054,paid,2024-02-02 09:04:30.800475+00:00,4715.23,escalation,1088.71,EMP-026
CASE-01055,submit,2023-11-10 21:17:33.574182+00:00,391.81,happy_path,714.33,EMP-142
CASE-01055,manager_approval,2023-11-10 21:24:05.387774+00:00,79230.41,happy_path,714.33,EMP-142
CASE-01055,finance_approval,2023-11-11 19:24:35.796986+00:00,46123.65,happy_path,714.33,EMP-142
CASE-01055,paid,2023-11-12 08:13:19.442035+00:00,3345.64,happy_path,714.33,EMP-142
CASE-01056,submit,2023-12-14 00:15:23.409092+00:00,283.61,happy_path,1939.82,EMP-042
CASE-01056,manager_approval,2023-12-14 00:20:07.014626+00:00,100730.39,happy_path,1939.82,EMP-042
CASE-01056,finance_approval,2023-12-15 04:18:57.408531+00:00,45954.71,happy_path,1939.82,EMP-042
CASE-01056,paid,2023-12-15 17:04:52.123320+00:00,2363.68,happy_path,1939.82,EMP-042
CASE-01057,submit,2023-11-20 11:48:23.941761+00:00,341.77,escalation,399.26,EMP-188
CASE-01057,manager_approval,2023-11-20 11:54:05.713751+00:00,65551.87,escalation,399.26,EMP-188
CASE-01057,finance_review,2023-11-21 06:06:37.586279+00:00,126616.35,escalation,399.26,EMP-188
CASE-01057,paid,2023-11-22 17:16:53.939151+00:00,3343.21,escalation,399.26,EMP-188
CASE-01058,submit,2023-12-17 13:02:44.021512+00:00,224.65,escalation,2581.57,EMP-042
CASE-01058,manager_approval,2023-12-17 13:06:28.670062+00:00,124880.94,escalation,2581.57,EMP-042
CASE-01058,finance_review,2023-12-18 23:47:49.610736+00:00,283768.66,escalation,2581.57,EMP-042
CASE-01058,paid,2023-12-22 06:37:18.267709+00:00,3411.45,escalation,2581.57,EMP-042
CASE-01059,submit,2024-01-06 15:57:04.013485+00:00,305.57,escalation,433.75,EMP-032
CASE-01059,manager_approval,2024-01-06 16:02:09.582148+00:00,77503.55,escalation,433.75,EMP-032
CASE-01059,finance_review,2024-01-07 13:33:53.132759+00:00,132395.99,escalation,433.75,EMP-032
CASE-01059,paid,2024-01-09 02:20:29.119767+00:00,3414.2,escalation,433.75,EMP-032
CASE-01060,submit,2024-03-07 09:27:18.723058+00:00,322.75,exception,3901.45,EMP-038
CASE-01060,missing_receipt,2024-03-07 09:32:41.471534+00:00,1806.41,exception,3901.45,EMP-038
CASE-01060,hold,2024-03-07 10:02:47.878587+00:00,271224.35,exception,3901.45,EMP-038
CASE-01060,resolved,2024-03-10 13:23:12.225995+00:00,2467.86,exception,3901.45,EMP-038
CASE-01060,paid,2024-03-10 14:04:20.085721+00:00,5252.81,exception,3901.45,EMP-038
CASE-01061,submit,2023-11-03 15:09:34.301783+00:00,293.03,happy_path,569.76,EMP-032
CASE-01061,manager_approval,2023-11-03 15:14:27.332323+00:00,68088.88,happy_path,569.76,EMP-032
CASE-01061,finance_approval,2023-11-04 10:09:16.208453+00:00,46819.22,happy_path,569.76,EMP-032
CASE-01061,paid,2023-11-04 23:09:35.424705+00:00,2659.29,happy_path,569.76,EMP-032
CASE-01062,submit,2024-01-10 06:39:44.791596+00:00,200.24,escalation,3517.25,EMP-073
CASE-01062,manager_approval,2024-01-10 06:43:05.026925+00:00,57638.68,escalation,3517.25,EMP-073
CASE-01062,finance_review,2024-01-10 22:43:43.705786+00:00,222734.24,escalation,3517.25,EMP-073
CASE-01062,paid,2024-01-13 12:35:57.945987+00:00,5513.52,escalation,3517.25,EMP-073
CASE-01063,submit,2024-02-02 00:08:50.406773+00:00,318.32,happy_path,1758.61,EMP-190
CASE-01063,manager_approval,2024-02-02 00:14:08.727354+00:00,59846.71,happy_path,1758.61,EMP-190
CASE-01063,finance_approval,2024-02-02 16:51:35.442024+00:00,48591.14,happy_path,1758.61,EMP-190
CASE-01063,paid,2024-02-03 06:21:26.584749+00:00,2983.09,happy_path,1758.61,EMP-190
CASE-01064,submit,2024-01-03 10:36:09.395787+00:00,317.45,escalation,1332.35,EMP-176
CASE-01064,manager_approval,2024-01-03 10:41:26.846364+00:00,95705.65,escalation,1332.35,EMP-176
CASE-01064,finance_review,2024-01-04 13:16:32.493727+00:00,121811.19,escalation,1332.35,EMP-176
CASE-01064,paid,2024-01-05 23:06:43.684050+00:00,4612.71,escalation,1332.35,EMP-176
CASE-01065,submit,2024-02-07 08:24:37.567548+00:00,300.46,happy_path,3640.83,EMP-095
CASE-01065,manager_approval,2024-02-07 08:29:38.026331+00:00,115988.99,happy_path,3640.83,EMP-095
CASE-01065,finance_approval,2024-02-08 16:42:47.017295+00:00,41971.9,happy_path,3640.83,EMP-095
CASE-01065,paid,2024-02-09 04:22:18.919858+00:00,3048.58,happy_path,3640.83,EMP-095
CASE-01066,submit,2023-11-23 15:03:39.371426+00:00,369.56,exception,4002.42,EMP-129
CASE-01066,missing_receipt,2023-11-23 15:09:48.927167+00:00,1693.29,exception,4002.42,EMP-129
CASE-01066,hold,2023-11-23 15:38:02.214644+00:00,220609.35,exception,4002.42,EMP-129
CASE-01066,resolved,2023-11-26 04:54:51.560478+00:00,2265.14,exception,4002.42,EMP-129
CASE-01066,paid,2023-11-26 05:32:36.698113+00:00,3770.13,exception,4002.42,EMP-129
CASE-01067,submit,2023-11-28 07:01:24.461782+00:00,384.5,happy_path,1563.02,EMP-198
CASE-01067,manager_approval,2023-11-28 07:07:48.963088+00:00,93817.89,happy_path,1563.02,EMP-198
CASE-01067,finance_approval,2023-11-29 09:11:26.848931+00:00,44772.24,happy_path,1563.02,EMP-198
CASE-01067,paid,2023-11-29 21:37:39.092431+00:00,3327.8,happy_path,1563.02,EMP-198
CASE-01068,submit,2023-11-23 10:52:32.641707+00:00,156.69,happy_path,334.19,EMP-191
CASE-01068,manager_approval,2023-11-23 10:55:09.336637+00:00,121882.88,happy_path,334.19,EMP-191
CASE-01068,finance_approval,2023-11-24 20:46:32.214138+00:00,37596.99,happy_path,334.19,EMP-191
CASE-01068,paid,2023-11-25 07:13:09.204243+00:00,5786.39,happy_path,334.19,EMP-191
CASE-01069,submit,2023-12-28 08:06:49.295829+00:00,309.81,escalation,4665.59,EMP-035
CASE-01069,manager_approval,2023-12-28 08:11:59.105143+00:00,10725.03,escalation,4665.59,EMP-035
CASE-01069,finance_review,2023-12-28 11:10:44.137153+00:00,158482.2,escalation,4665.59,EMP-035
CASE-01069,paid,2023-12-30 07:12:06.334554+00:00,4662.15,escalation,4665.59,EMP-035
CASE-01070,submit,2023-10-04 07:29:38.074904+00:00,239.97,happy_path,3100.62,EMP-191
CASE-01070,manager_approval,2023-10-04 07:33:38.042637+00:00,62607.35,happy_path,3100.62,EMP-191
CASE-01070,finance_approval,2023-10-05 00:57:05.391338+00:00,47242.31,happy_path,3100.62,EMP-191
CASE-01070,paid,2023-10-05 14:04:27.702346+00:00,1974.97,happy_path,3100.62,EMP-191
CASE-01071,submit,2024-02-03 03:13:02.640473+00:00,459.28,escalation,4606.27,EMP-136
CASE-01071,manager_approval,2024-02-03 03:20:41.920262+00:00,109140.74,escalation,4606.27,EMP-136
CASE-01071,finance_review,2024-02-04 09:39:42.661617+00:00,185198.1,escalation,4606.27,EMP-136
CASE-01071,paid,2024-02-06 13:06:20.762187+00:00,4617.15,escalation,4606.27,EMP-136
CASE-01072,submit,2023-10-16 12:31:43.161236+00:00,420.7,rejection_loop,4523.8,EMP-045
CASE-01072,manager_rejects,2023-10-16 12:38:43.857368+00:00,3983.77,rejection_loop,4523.8,EMP-045
CASE-01072,resubmit,2023-10-16 13:45:07.631355+00:00,5370.83,rejection_loop,4523.8,EMP-045
CASE-01072,manager_approval,2023-10-16 15:14:38.458167+00:00,108040.92,rejection_loop,4523.8,EMP-045
CASE-01072,paid,2023-10-17 21:15:19.378482+00:00,3322.5,rejection_loop,4523.8,EMP-045
CASE-01073,submit,2023-12-02 19:58:52.085091+00:00,251.17,happy_path,1897.75,EMP-029
CASE-01073,manager_approval,2023-12-02 20:03:03.251796+00:00,49604.39,happy_path,1897.75,EMP-029
CASE-01073,finance_approval,2023-12-03 09:49:47.640114+00:00,51614.92,happy_path,1897.75,EMP-029
CASE-01073,paid,2023-12-04 00:10:02.556949+00:00,2167.0,happy_path,1897.75,EMP-029
CASE-01074,submit,2023-11-10 08:26:41.570865+00:00,294.15,happy_path,2441.47,EMP-068
CASE-01074,manager_approval,2023-11-10 08:31:35.720862+00:00,58461.13,happy_path,2441.47,EMP-068
CASE-01074,finance_approval,2023-11-11 00:45:56.850883+00:00,44446.45,happy_path,2441.47,EMP-068
CASE-01074,paid,2023-11-11 13:06:43.302477+00:00,4351.49,happy_path,2441.47,EMP-068
CASE-01075,submit,2024-03-19 08:59:24.512025+00:00,390.95,exception,3232.72,EMP-010
CASE-01075,missing_receipt,2024-03-19 09:05:55.457278+00:00,1435.67,exception,3232.72,EMP-010
CASE-01075,hold,2024-03-19 09:29:51.124266+00:00,267985.96,exception,3232.72,EMP-010
CASE-01075,resolved,2024-03-22 11:56:17.089201+00:00,3623.05,exception,3232.72,EMP-010
CASE-01075,paid,2024-03-22 12:56:40.142903+00:00,2865.76,exception,3232.72,EMP-010
CASE-01076,submit,2023-11-05 12:12:04.649860+00:00,312.45,happy_path,1781.12,EMP-185
CASE-01076,manager_approval,2023-11-05 12:17:17.102022+00:00,80303.28,happy_path,1781.12,EMP-185
CASE-01076,finance_approval,2023-11-06 10:35:40.379670+00:00,45835.91,happy_path,1781.12,EMP-185
CASE-01076,paid,2023-11-06 23:19:36.286047+00:00,3221.72,happy_path,1781.12,EMP-185
CASE-01077,submit,2024-03-15 08:37:52.916623+00:00,301.26,escalation,810.87,EMP-032
CASE-01077,manager_approval,2024-03-15 08:42:54.177991+00:00,123367.09,escalation,810.87,EMP-032
CASE-01077,finance_review,2024-03-16 18:59:01.272339+00:00,176012.22,escalation,810.87,EMP-032
CASE-01077,paid,2024-03-18 19:52:33.487812+00:00,3599.14,escalation,810.87,EMP-032
CASE-01078,submit,2024-01-07 13:21:58.686869+00:00,367.68,happy_path,1854.25,EMP-047
CASE-01078,manager_approval,2024-01-07 13:28:06.367132+00:00,78449.23,happy_path,1854.25,EMP-047
CASE-01078,finance_approval,2024-01-08 11:15:35.597234+00:00,64742.95,happy_path,1854.25,EMP-047
CASE-01078,paid,2024-01-09 05:14:38.542650+00:00,3062.24,happy_path,1854.25,EMP-047
CASE-01079,submit,2023-12-06 15:54:09.876265+00:00,246.32,happy_path,3748.1,EMP-002
CASE-01079,manager_approval,2023-12-06 15:58:16.199998+00:00,96269.14,happy_path,3748.1,EMP-002
CASE-01079,finance_approval,2023-12-07 18:42:45.339934+00:00,39719.41,happy_path,3748.1,EMP-002
CASE-01079,paid,2023-12-08 05:44:44.748760+00:00,3695.63,happy_path,3748.1,EMP-002
CASE-01080,submit,2023-10-31 20:33:00.016941+00:00,315.97,happy_path,3732.42,EMP-009
CASE-01080,manager_approval,2023-10-31 20:38:15.991839+00:00,94173.94,happy_path,3732.42,EMP-009
CASE-01080,finance_approval,2023-11-01 22:47:49.931982+00:00,51006.65,happy_path,3732.42,EMP-009
CASE-01080,paid,2023-11-02 12:57:56.577690+00:00,3240.79,happy_path,3732.42,EMP-009
CASE-01081,submit,2024-02-08 13:51:59.548305+00:00,259.37,happy_path,2773.11,EMP-175
CASE-01081,manager_approval,2024-02-08 13:56:18.914170+00:00,69749.17,happy_path,2773.11,EMP-175
CASE-01081,finance_approval,2024-02-09 09:18:48.081342+00:00,54112.06,happy_path,2773.11,EMP-175
CASE-01081,paid,2024-02-10 00:20:40.142280+00:00,4382.56,happy_path,2773.11,EMP-175
CASE-01082,submit,2023-10-26 15:43:27.606537+00:00,252.09,exception,4223.16,EMP-100
CASE-01082,missing_receipt,2023-10-26 15:47:39.693346+00:00,2313.51,exception,4223.16,EMP-100
CASE-01082,hold,2023-10-26 16:26:13.206466+00:00,218919.71,exception,4223.16,EMP-100
CASE-01082,resolved,2023-10-29 05:14:52.915216+00:00,3986.91,exception,4223.16,EMP-100
CASE-01082,paid,2023-10-29 06:21:19.821370+00:00,4188.61,exception,4223.16,EMP-100
CASE-01083,submit,2024-02-02 02:18:02.073522+00:00,210.12,happy_path,3437.97,EMP-014
CASE-01083,manager_approval,2024-02-02 02:21:32.192155+00:00,135902.25,happy_path,3437.97,EMP-014
CASE-01083,finance_approval,2024-02-03 16:06:34.437273+00:00,42593.69,happy_path,3437.97,EMP-014
CASE-01083,paid,2024-02-04 03:56:28.124911+00:00,2642.27,happy_path,3437.97,EMP-014
CASE-01084,submit,2023-12-19 05:04:20.505964+00:00,228.31,happy_path,2455.35,EMP-195
CASE-01084,manager_approval,2023-12-19 05:08:08.815080+00:00,62882.31,happy_path,2455.35,EMP-195
CASE-01084,finance_approval,2023-12-19 22:36:11.123010+00:00,45460.44,happy_path,2455.35,EMP-195
CASE-01084,paid,2023-12-20 11:13:51.559028+00:00,4274.47,happy_path,2455.35,EMP-195
CASE-01085,submit,2023-11-16 12:34:15.175456+00:00,317.13,happy_path,1354.48,EMP-180
CASE-01085,manager_approval,2023-11-16 12:39:32.304046+00:00,73425.15,happy_path,1354.48,EMP-180
CASE-01085,finance_approval,2023-11-17 09:03:17.456265+00:00,39655.19,happy_path,1354.48,EMP-180
CASE-01085,paid,2023-11-17 20:04:12.643538+00:00,2020.87,happy_path,1354.48,EMP-180
CASE-01086,submit,2023-11-05 23:03:00.226417+00:00,351.73,rejection_loop,2536.55,EMP-047
CASE-01086,manager_rejects,2023-11-05 23:08:51.952974+00:00,2932.04,rejection_loop,2536.55,EMP-047
CASE-01086,resubmit,2023-11-05 23:57:43.988940+00:00,7741.95,rejection_loop,2536.55,EMP-047
CASE-01086,manager_approval,2023-11-06 02:06:45.941795+00:00,95202.18,rejection_loop,2536.55,EMP-047
CASE-01086,paid,2023-11-07 04:33:28.121917+00:00,3014.1,rejection_loop,2536.55,EMP-047
CASE-01087,submit,2024-01-21 23:08:20.354249+00:00,327.9,happy_path,773.74,EMP-005
CASE-01087,manager_approval,2024-01-21 23:13:48.254585+00:00,92276.22,happy_path,773.74,EMP-005
CASE-01087,finance_approval,2024-01-23 00:51:44.474011+00:00,44459.26,happy_path,773.74,EMP-005
CASE-01087,paid,2024-01-23 13:12:43.737746+00:00,2957.02,happy_path,773.74,EMP-005
CASE-01088,submit,2023-12-18 16:38:51.727717+00:00,328.24,escalation,1195.57,EMP-087
CASE-01088,manager_approval,2023-12-18 16:44:19.963164+00:00,107525.03,escalation,1195.57,EMP-087
CASE-01088,finance_review,2023-12-19 22:36:24.990197+00:00,189943.86,escalation,1195.57,EMP-087
CASE-01088,paid,2023-12-22 03:22:08.848004+00:00,4011.92,escalation,1195.57,EMP-087
CASE-01089,submit,2023-12-17 06:04:49.956958+00:00,309.24,happy_path,4717.84,EMP-183
CASE-01089,manager_approval,2023-12-17 06:09:59.196531+00:00,83535.15,happy_path,4717.84,EMP-183
CASE-01089,finance_approval,2023-12-18 05:22:14.342127+00:00,45234.65,happy_path,4717.84,EMP-183
CASE-01089,paid,2023-12-18 17:56:08.994785+00:00,3884.84,happy_path,4717.84,EMP-183
CASE-01090,submit,2023-11-22 10:17:18.266068+00:00,304.99,rejection_loop,1099.29,EMP-121
CASE-01090,manager_rejects,2023-11-22 10:22:23.254905+00:00,3100.36,rejection_loop,1099.29,EMP-121
CASE-01090,resubmit,2023-11-22 11:14:03.618342+00:00,6014.2,rejection_loop,1099.29,EMP-121
CASE-01090,manager_approval,2023-11-22 12:54:17.816629+00:00,86042.93,rejection_loop,1099.29,EMP-121
CASE-01090,paid,2023-11-23 12:48:20.741974+00:00,4646.27,rejection_loop,1099.29,EMP-121
CASE-01091,submit,2023-10-05 11:01:04.944820+00:00,186.85,happy_path,602.07,EMP-172
CASE-01091,manager_approval,2023-10-05 11:04:11.798022+00:00,72662.94,happy_path,602.07,EMP-172
CASE-01091,finance_approval,2023-10-06 07:15:14.737829+00:00,37417.3,happy_path,602.07,EMP-172
CASE-01091,paid,2023-10-06 17:38:52.038451+00:00,4891.45,happy_path,602.07,EMP-172
CASE-01092,submit,2024-01-19 20:21:49.138726+00:00,303.56,happy_path,3905.1,EMP-136
CASE-01092,manager_approval,2024-01-19 20:26:52.694509+00:00,103710.61,happy_path,3905.1,EMP-136
CASE-01092,finance_approval,2024-01-21 01:15:23.300442+00:00,40545.57,happy_path,3905.1,EMP-136
CASE-01092,paid,2024-01-21 12:31:08.870383+00:00,3405.66,happy_path,3905.1,EMP-136
CASE-01093,submit,2023-10-24 15:55:50.808226+00:00,186.76,happy_path,3166.32,EMP-155
CASE-01093,manager_approval,2023-10-24 15:58:57.565254+00:00,61747.16,happy_path,3166.32,EMP-155
CASE-01093,finance_approval,2023-10-25 09:08:04.727299+00:00,40553.75,happy_path,3166.32,EMP-155
CASE-01093,paid,2023-10-25 20:23:58.475235+00:00,3117.49,happy_path,3166.32,EMP-155
CASE-01094,submit,2024-03-20 12:39:13.582010+00:00,262.73,rejection_loop,4631.23,EMP-020
CASE-01094,manager_rejects,2024-03-20 12:43:36.315974+00:00,3254.38,rejection_loop,4631.23,EMP-020
CASE-01094,resubmit,2024-03-20 13:37:50.699971+00:00,4194.53,rejection_loop,4631.23,EMP-020
CASE-01094,manager_approval,2024-03-20 14:47:45.233686+00:00,92298.56,rejection_loop,4631.23,EMP-020
CASE-01094,paid,2024-03-21 16:26:03.789904+00:00,3091.61,rejection_loop,4631.23,EMP-020
CASE-01095,submit,2023-11-17 10:54:36.694134+00:00,292.75,happy_path,2120.15,EMP-183
CASE-01095,manager_approval,2023-11-17 10:59:29.440174+00:00,116720.0,happy_path,2120.15,EMP-183
CASE-01095,finance_approval,2023-11-18 19:24:49.437957+00:00,33353.53,happy_path,2120.15,EMP-183
CASE-01095,paid,2023-11-19 04:40:42.970877+00:00,5638.8,happy_path,2120.15,EMP-183
CASE-01096,submit,2023-10-24 03:17:34.803341+00:00,209.88,rejection_loop,2269.99,EMP-184
CASE-01096,manager_rejects,2023-10-24 03:21:04.680600+00:00,2965.73,rejection_loop,2269.99,EMP-184
CASE-01096,resubmit,2023-10-24 04:10:30.413172+00:00,8007.48,rejection_loop,2269.99,EMP-184
CASE-01096,manager_approval,2023-10-24 06:23:57.898091+00:00,33681.34,rejection_loop,2269.99,EMP-184
CASE-01096,paid,2023-10-24 15:45:19.237512+00:00,3269.57,rejection_loop,2269.99,EMP-184
CASE-01097,submit,2024-02-05 09:46:15.253439+00:00,312.62,rejection_loop,876.33,EMP-071
CASE-01097,manager_rejects,2024-02-05 09:51:27.869395+00:00,3732.56,rejection_loop,876.33,EMP-071
CASE-01097,resubmit,2024-02-05 10:53:40.425595+00:00,4271.23,rejection_loop,876.33,EMP-071
CASE-01097,manager_approval,2024-02-05 12:04:51.655483+00:00,70882.31,rejection_loop,876.33,EMP-071
CASE-01097,paid,2024-02-06 07:46:13.962604+00:00,3088.64,rejection_loop,876.33,EMP-071
CASE-01098,submit,2024-03-25 21:02:45.470515+00:00,207.5,happy_path,3439.24,EMP-132
CASE-01098,manager_approval,2024-03-25 21:06:12.968631+00:00,104626.6,happy_path,3439.24,EMP-132
CASE-01098,finance_approval,2024-03-27 02:09:59.572783+00:00,53549.93,happy_path,3439.24,EMP-132
CASE-01098,paid,2024-03-27 17:02:29.507426+00:00,2431.85,happy_path,3439.24,EMP-132
CASE-01099,submit,2023-10-03 15:33:15.697918+00:00,369.4,happy_path,1393.9,EMP-048
CASE-01099,manager_approval,2023-10-03 15:39:25.098042+00:00,60374.53,happy_path,1393.9,EMP-048
CASE-01099,finance_approval,2023-10-04 08:25:39.629133+00:00,38990.7,happy_path,1393.9,EMP-048
CASE-01099,paid,2023-10-04 19:15:30.329096+00:00,5664.78,happy_path,1393.9,EMP-048
CASE-01100,submit,2024-01-05 12:18:58.443612+00:00,307.67,escalation,2543.9,EMP-185
CASE-01100,manager_approval,2024-01-05 12:24:06.115622+00:00,81381.24,escalation,2543.9,EMP-185
CASE-01100,finance_review,2024-01-06 11:00:27.357840+00:00,201579.07,escalation,2543.9,EMP-185
CASE-01100,paid,2024-01-08 19:00:06.431631+00:00,3304.2,escalation,2543.9,EMP-185
CASE-01101,submit,2023-11-24 12:45:46.929883+00:00,226.55,happy_path,275.78,EMP-061
CASE-01101,manager_approval,2023-11-24 12:49:33.480004+00:00,53443.52,happy_path,275.78,EMP-061
CASE-01101,finance_approval,2023-11-25 03:40:16.995581+00:00,29985.97,happy_path,275.78,EMP-061
CASE-01101,paid,2023-11-25 12:00:02.968843+00:00,3516.58,happy_path,275.78,EMP-061
CASE-01102,submit,2024-03-29 02:47:48.058342+00:00,331.57,rejection_loop,305.02,EMP-064
CASE-01102,manager_rejects,2024-03-29 02:53:19.623976+00:00,3674.21,rejection_loop,305.02,EMP-064
CASE-01102,resubmit,2024-03-29 03:54:33.834264+00:00,8066.47,rejection_loop,305.02,EMP-064
CASE-01102,manager_approval,2024-03-29 06:09:00.300076+00:00,68221.36,rejection_loop,305.02,EMP-064
CASE-01102,paid,2024-03-30 01:06:01.658797+00:00,2575.91,rejection_loop,305.02,EMP-064
CASE-01103,submit,2024-03-10 02:49:16.302583+00:00,297.17,exception,1656.58,EMP-181
CASE-01103,missing_receipt,2024-03-10 02:54:13.471833+00:00,1960.05,exception,1656.58,EMP-181
CASE-01103,hold,2024-03-10 03:26:53.520658+00:00,317185.25,exception,1656.58,EMP-181
CASE-01103,resolved,2024-03-13 19:33:18.771084+00:00,3300.96,exception,1656.58,EMP-181
CASE-01103,paid,2024-03-13 20:28:19.727501+00:00,4856.76,exception,1656.58,EMP-181
CASE-01104,submit,2024-03-24 17:46:57.526896+00:00,292.22,happy_path,1809.64,EMP-188
CASE-01104,manager_approval,2024-03-24 17:51:49.745715+00:00,112010.25,happy_path,1809.64,EMP-188
CASE-01104,finance_approval,2024-03-26 00:58:39.996687+00:00,60415.79,happy_path,1809.64,EMP-188
CASE-01104,paid,2024-03-26 17:45:35.789220+00:00,1170.57,happy_path,1809.64,EMP-188
CASE-01105,submit,2024-02-10 01:38:29.323321+00:00,261.24,rejection_loop,3913.54,EMP-028
CASE-01105,manager_rejects,2024-02-10 01:42:50.559503+00:00,3051.02,rejection_loop,3913.54,EMP-028
CASE-01105,resubmit,2024-02-10 02:33:41.578858+00:00,3180.04,rejection_loop,3913.54,EMP-028
CASE-01105,manager_approval,2024-02-10 03:26:41.615291+00:00,85001.96,rejection_loop,3913.54,EMP-028
CASE-01105,paid,2024-02-11 03:03:23.577682+00:00,4861.3,rejection_loop,3913.54,EMP-028
CASE-01106,submit,2023-11-11 17:09:38.311537+00:00,290.67,escalation,1070.49,EMP-114
CASE-01106,manager_approval,2023-11-11 17:14:28.979632+00:00,114717.84,escalation,1070.49,EMP-114
CASE-01106,finance_review,2023-11-13 01:06:26.815253+00:00,198431.98,escalation,1070.49,EMP-114
CASE-01106,paid,2023-11-15 08:13:38.792934+00:00,2193.04,escalation,1070.49,EMP-114
CASE-01107,submit,2023-12-20 02:27:48.208494+00:00,340.85,happy_path,1197.03,EMP-186
CASE-01107,manager_approval,2023-12-20 02:33:29.059536+00:00,106202.37,happy_path,1197.03,EMP-186
CASE-01107,finance_approval,2023-12-21 08:03:31.432965+00:00,35217.01,happy_path,1197.03,EMP-186
CASE-01107,paid,2023-12-21 17:50:28.445450+00:00,3625.33,happy_path,1197.03,EMP-186
CASE-01108,submit,2023-12-30 07:02:21.896455+00:00,288.86,rejection_loop,921.75,EMP-146
CASE-01108,manager_rejects,2023-12-30 07:07:10.755091+00:00,2740.66,rejection_loop,921.75,EMP-146
CASE-01108,resubmit,2023-12-30 07:52:51.414854+00:00,8264.11,rejection_loop,921.75,EMP-146
CASE-01108,manager_approval,2023-12-30 10:10:35.524117+00:00,88098.58,rejection_loop,921.75,EMP-146
CASE-01108,paid,2023-12-31 10:38:54.103751+00:00,3995.23,rejection_loop,921.75,EMP-146
CASE-01109,submit,2023-12-18 18:01:35.516775+00:00,353.99,escalation,393.8,EMP-019
CASE-01109,manager_approval,2023-12-18 18:07:29.501944+00:00,56541.64,escalation,393.8,EMP-019
CASE-01109,finance_review,2023-12-19 09:49:51.138885+00:00,190139.48,escalation,393.8,EMP-019
CASE-01109,paid,2023-12-21 14:38:50.621894+00:00,2417.95,escalation,393.8,EMP-019
CASE-01110,submit,2024-01-19 14:13:40.768373+00:00,355.38,happy_path,3764.7,EMP-004
CASE-01110,manager_approval,2024-01-19 14:19:36.149022+00:00,83218.88,happy_path,3764.7,EMP-004
CASE-01110,finance_approval,2024-01-20 13:26:35.028355+00:00,44222.74,happy_path,3764.7,EMP-004
CASE-01110,paid,2024-01-21 01:43:37.766460+00:00,4307.11,happy_path,3764.7,EMP-004
CASE-01111,submit,2024-02-18 14:54:29.322926+00:00,209.68,escalation,266.51,EMP-064
CASE-01111,manager_approval,2024-02-18 14:57:59.006317+00:00,80750.78,escalation,266.51,EMP-064
CASE-01111,finance_review,2024-02-19 13:23:49.787536+00:00,274225.62,escalation,266.51,EMP-064
CASE-01111,paid,2024-02-22 17:34:15.406091+00:00,2306.76,escalation,266.51,EMP-064
CASE-01112,submit,2024-02-12 12:05:17.247789+00:00,237.66,happy_path,3968.72,EMP-139
CASE-01112,manager_approval,2024-02-12 12:09:14.908022+00:00,68543.66,happy_path,3968.72,EMP-139
CASE-01112,finance_approval,2024-02-13 07:11:38.568914+00:00,52792.16,happy_path,3968.72,EMP-139
CASE-01112,paid,2024-02-13 21:51:30.728165+00:00,3903.93,happy_path,3968.72,EMP-139
CASE-01113,submit,2023-11-27 07:54:11.405342+00:00,365.6,escalation,2249.41,EMP-042
CASE-01113,manager_approval,2023-11-27 08:00:17.007202+00:00,70393.2,escalation,2249.41,EMP-042
CASE-01113,finance_review,2023-11-28 03:33:30.203114+00:00,177067.54,escalation,2249.41,EMP-042
CASE-01113,paid,2023-11-30 04:44:37.739392+00:00,2916.32,escalation,2249.41,EMP-042
CASE-01114,submit,2023-10-21 12:09:43.728098+00:00,287.21,escalation,154.98,EMP-012
CASE-01114,manager_approval,2023-10-21 12:14:30.942691+00:00,78915.34,escalation,154.98,EMP-012
CASE-01114,finance_review,2023-10-22 10:09:46.285809+00:00,222300.01,escalation,154.98,EMP-012
CASE-01114,paid,2023-10-24 23:54:46.300177+00:00,3857.38,escalation,154.98,EMP-012
CASE-01115,submit,2023-12-11 08:51:17.282435+00:00,271.59,exception,168.8,EMP-110
CASE-01115,missing_receipt,2023-12-11 08:55:48.876620+00:00,1650.89,exception,168.8,EMP-110
CASE-01115,hold,2023-12-11 09:23:19.763700+00:00,315794.61,exception,168.8,EMP-110
CASE-01115,resolved,2023-12-15 01:06:34.372708+00:00,4403.17,exception,168.8,EMP-110
CASE-01115,paid,2023-12-15 02:19:57.538019+00:00,2954.26,exception,168.8,EMP-110
CASE-01116,submit,2023-12-30 12:39:53.583490+00:00,342.72,escalation,3588.51,EMP-029
CASE-01116,manager_approval,2023-12-30 12:45:36.299247+00:00,85507.0,escalation,3588.51,EMP-029
CASE-01116,finance_review,2023-12-31 12:30:43.299719+00:00,206643.65,escalation,3588.51,EMP-029
CASE-01116,paid,2024-01-02 21:54:46.951064+00:00,3402.18,escalation,3588.51,EMP-029
CASE-01117,submit,2024-03-17 04:44:26.534473+00:00,411.72,happy_path,1701.94,EMP-093
CASE-01117,manager_approval,2024-03-17 04:51:18.253920+00:00,64247.8,happy_path,1701.94,EMP-093
CASE-01117,finance_approval,2024-03-17 22:42:06.058512+00:00,39628.61,happy_path,1701.94,EMP-093
CASE-01117,paid,2024-03-18 09:42:34.669845+00:00,3255.93,happy_path,1701.94,EMP-093
CASE-01118,submit,2023-12-18 13:03:23.218986+00:00,371.61,escalation,3018.08,EMP-174
CASE-01118,manager_approval,2023-12-18 13:09:34.826809+00:00,65910.99,escalation,3018.08,EMP-174
CASE-01118,finance_review,2023-12-19 07:28:05.820705+00:00,147635.89,escalation,3018.08,EMP-174
CASE-01118,paid,2023-12-21 00:28:41.710374+00:00,3077.34,escalation,3018.08,EMP-174
CASE-01119,submit,2024-01-30 02:40:51.635883+00:00,399.88,rejection_loop,1391.91,EMP-128
CASE-01119,manager_rejects,2024-01-30 02:47:31.518730+00:00,3151.89,rejection_loop,1391.91,EMP-128
CASE-01119,resubmit,2024-01-30 03:40:03.412123+00:00,7027.28,rejection_loop,1391.91,EMP-128
CASE-01119,manager_approval,2024-01-30 05:37:10.691208+00:00,78043.32,rejection_loop,1391.91,EMP-128
CASE-01119,paid,2024-01-31 03:17:54.009466+00:00,5692.95,rejection_loop,1391.91,EMP-128
CASE-01120,submit,2023-10-29 14:24:37.404268+00:00,301.91,happy_path,3296.48,EMP-082
CASE-01120,manager_approval,2023-10-29 14:29:39.314494+00:00,49978.32,happy_path,3296.48,EMP-082
CASE-01120,finance_approval,2023-10-30 04:22:37.631601+00:00,47425.33,happy_path,3296.48,EMP-082
CASE-01120,paid,2023-10-30 17:33:02.965393+00:00,5234.2,happy_path,3296.48,EMP-082
CASE-01121,submit,2023-11-22 03:01:00.967710+00:00,283.68,happy_path,2165.89,EMP-187
CASE-01121,manager_approval,2023-11-22 03:05:44.650753+00:00,145411.22,happy_path,2165.89,EMP-187
CASE-01121,finance_approval,2023-11-23 19:29:15.872617+00:00,55760.86,happy_path,2165.89,EMP-187
CASE-01121,paid,2023-11-24 10:58:36.730312+00:00,3968.39,happy_path,2165.89,EMP-187
CASE-01122,submit,2024-03-26 02:42:25.556158+00:00,353.83,happy_path,2147.97,EMP-178
CASE-01122,manager_approval,2024-03-26 02:48:19.381850+00:00,61735.22,happy_path,2147.97,EMP-178
CASE-01122,finance_approval,2024-03-26 19:57:14.606438+00:00,37087.98,happy_path,2147.97,EMP-178
CASE-01122,paid,2024-03-27 06:15:22.583972+00:00,4996.06,happy_path,2147.97,EMP-178
CASE-01123,submit,2023-12-31 11:28:54.882601+00:00,409.98,exception,1946.77,EMP-141
CASE-01123,missing_receipt,2023-12-31 11:35:44.859933+00:00,1438.36,exception,1946.77,EMP-141
CASE-01123,hold,2023-12-31 11:59:43.218539+00:00,236762.37,exception,1946.77,EMP-141
CASE-01123,resolved,2024-01-03 05:45:45.586123+00:00,3856.45,exception,1946.77,EMP-141
CASE-01123,paid,2024-01-03 06:50:02.039385+00:00,2800.89,exception,1946.77,EMP-141
CASE-01124,submit,2024-02-19 18:52:47.459355+00:00,315.86,escalation,2138.11,EMP-148
CASE-01124,manager_approval,2024-02-19 18:58:03.320852+00:00,72313.05,escalation,2138.11,EMP-148
CASE-01124,finance_review,2024-02-20 15:03:16.370795+00:00,207737.04,escalation,2138.11,EMP-148
CASE-01124,paid,2024-02-23 00:45:33.410446+00:00,4044.46,escalation,2138.11,EMP-148
CASE-01125,submit,2024-01-11 12:10:39.727003+00:00,430.39,happy_path,4260.45,EMP-093
CASE-01125,manager_approval,2024-01-11 12:17:50.118399+00:00,73595.12,happy_path,4260.45,EMP-093
CASE-01125,finance_approval,2024-01-12 08:44:25.234204+00:00,49413.03,happy_path,4260.45,EMP-093
CASE-01125,paid,2024-01-12 22:27:58.268897+00:00,3905.11,happy_path,4260.45,EMP-093
CASE-01126,submit,2023-11-25 01:05:32.224977+00:00,372.55,rejection_loop,4340.52,EMP-036
CASE-01126,manager_rejects,2023-11-25 01:11:44.778227+00:00,4524.99,rejection_loop,4340.52,EMP-036
CASE-01126,resubmit,2023-11-25 02:27:09.767807+00:00,11115.22,rejection_loop,4340.52,EMP-036
CASE-01126,manager_approval,2023-11-25 05:32:24.985731+00:00,77993.09,rejection_loop,4340.52,EMP-036
CASE-01126,paid,2023-11-26 03:12:18.078960+00:00,3679.55,rejection_loop,4340.52,EMP-036
CASE-01127,submit,2024-02-06 17:07:10.338177+00:00,412.42,happy_path,732.12,EMP-179
CASE-01127,manager_approval,2024-02-06 17:14:02.758353+00:00,82816.37,happy_path,732.12,EMP-179
CASE-01127,finance_approval,2024-02-07 16:14:19.130089+00:00,44358.16,happy_path,732.12,EMP-179
CASE-01127,paid,2024-02-08 04:33:37.293445+00:00,4446.66,happy_path,732.12,EMP-179
CASE-01128,submit,2023-12-27 19:53:26.812237+00:00,287.35,rejection_loop,3330.6,EMP-019
CASE-01128,manager_rejects,2023-12-27 19:58:14.163169+00:00,3307.46,rejection_loop,3330.6,EMP-019
CASE-01128,resubmit,2023-12-27 20:53:21.623623+00:00,6612.19,rejection_loop,3330.6,EMP-019
CASE-01128,manager_approval,2023-12-27 22:43:33.815582+00:00,93594.62,rejection_loop,3330.6,EMP-019
CASE-01128,paid,2023-12-29 00:43:28.431713+00:00,3996.08,rejection_loop,3330.6,EMP-019
CASE-01129,submit,2023-10-29 22:46:42.281283+00:00,340.78,happy_path,111.76,EMP-107
CASE-01129,manager_approval,2023-10-29 22:52:23.058042+00:00,118870.71,happy_path,111.76,EMP-107
CASE-01129,finance_approval,2023-10-31 07:53:33.769099+00:00,43067.39,happy_path,111.76,EMP-107
CASE-01129,paid,2023-10-31 19:51:21.156576+00:00,2206.29,happy_path,111.76,EMP-107
CASE-01130,submit,2023-12-21 21:57:57.994671+00:00,294.0,happy_path,2087.04,EMP-087
CASE-01130,manager_approval,2023-12-21 22:02:51.990099+00:00,83618.74,happy_path,2087.04,EMP-087
CASE-01130,finance_approval,2023-12-22 21:16:30.732444+00:00,45138.68,happy_path,2087.04,EMP-087
CASE-01130,paid,2023-12-23 09:48:49.416050+00:00,3803.75,happy_path,2087.04,EMP-087
CASE-01131,submit,2024-01-01 14:14:10.415308+00:00,413.19,escalation,3040.66,EMP-045
CASE-01131,manager_approval,2024-01-01 14:21:03.607966+00:00,89186.82,escalation,3040.66,EMP-045
CASE-01131,finance_review,2024-01-02 15:07:30.428704+00:00,135170.11,escalation,3040.66,EMP-045
CASE-01131,paid,2024-01-04 04:40:20.535684+00:00,1936.63,escalation,3040.66,EMP-045
CASE-01132,submit,2024-01-01 08:05:20.147880+00:00,284.09,escalation,4156.12,EMP-147
CASE-01132,manager_approval,2024-01-01 08:10:04.234936+00:00,64459.13,escalation,4156.12,EMP-147
CASE-01132,finance_review,2024-01-02 02:04:23.363099+00:00,237012.91,escalation,4156.12,EMP-147
CASE-01132,paid,2024-01-04 19:54:36.270181+00:00,5617.19,escalation,4156.12,EMP-147
CASE-01133,submit,2024-02-13 18:20:31.454603+00:00,283.49,escalation,4890.74,EMP-033
CASE-01133,manager_approval,2024-02-13 18:25:14.945333+00:00,90695.17,escalation,4890.74,EMP-033
CASE-01133,finance_review,2024-02-14 19:36:50.114387+00:00,110174.78,escalation,4890.74,EMP-033
CASE-01133,paid,2024-02-16 02:13:04.891833+00:00,4648.07,escalation,4890.74,EMP-033
CASE-01134,submit,2024-02-26 23:32:03.011236+00:00,249.01,exception,3045.16,EMP-020
CASE-01134,missing_receipt,2024-02-26 23:36:12.020903+00:00,1851.24,exception,3045.16,EMP-020
CASE-01134,hold,2024-02-27 00:07:03.256890+00:00,157482.0,exception,3045.16,EMP-020
CASE-01134,resolved,2024-02-28 19:51:45.257776+00:00,2725.18,exception,3045.16,EMP-020
CASE-01134,paid,2024-02-28 20:37:10.440782+00:00,4427.78,exception,3045.16,EMP-020
CASE-01135,submit,2023-10-21 19:00:29.758791+00:00,393.08,escalation,1013.92,EMP-028
CASE-01135,manager_approval,2023-10-21 19:07:02.837954+00:00,61996.37,escalation,1013.92,EMP-028
CASE-01135,finance_review,2023-10-22 12:20:19.205637+00:00,229799.58,escalation,1013.92,EMP-028
CASE-01135,paid,2023-10-25 04:10:18.789063+00:00,3259.27,escalation,1013.92,EMP-028
CASE-01136,submit,2024-01-18 11:31:06.474565+00:00,338.15,happy_path,577.0,EMP-055
CASE-01136,manager_approval,2024-01-18 11:36:44.625653+00:00,87160.94,happy_path,577.0,EMP-055
CASE-01136,finance_approval,2024-01-19 11:49:25.561031+00:00,37013.29,happy_path,577.0,EMP-055
CASE-01136,paid,2024-01-19 22:06:18.847993+00:00,2383.43,happy_path,577.0,EMP-055
CASE-01137,submit,2024-01-12 15:55:20.038368+00:00,272.69,happy_path,1382.38,EMP-146
CASE-01137,manager_approval,2024-01-12 15:59:52.729603+00:00,51246.4,happy_path,1382.38,EMP-146
CASE-01137,finance_approval,2024-01-13 06:13:59.124947+00:00,38239.05,happy_path,1382.38,EMP-146
CASE-01137,paid,2024-01-13 16:51:18.175870+00:00,4350.25,happy_path,1382.38,EMP-146
CASE-01138,submit,2024-02-15 07:15:18.495762+00:00,314.76,exception,91.97,EMP-092
CASE-01138,missing_receipt,2024-02-15 07:20:33.259146+00:00,2141.53,exception,91.97,EMP-092
CASE-01138,hold,2024-02-15 07:56:14.784737+00:00,233113.22,exception,91.97,EMP-092
CASE-01138,resolved,2024-02-18 00:41:28.009268+00:00,3364.64,exception,91.97,EMP-092
CASE-01138,paid,2024-02-18 01:37:32.649656+00:00,4423.3,exception,91.97,EMP-092
CASE-01139,submit,2023-10-20 12:40:51.208358+00:00,217.59,happy_path,691.11,EMP-173
CASE-01139,manager_approval,2023-10-20 12:44:28.797307+00:00,105945.22,happy_path,691.11,EMP-173
CASE-01139,finance_approval,2023-10-21 18:10:14.021246+00:00,53725.28,happy_path,691.11,EMP-173
CASE-01139,paid,2023-10-22 09:05:39.296407+00:00,4568.61,happy_path,691.11,EMP-173
CASE-01140,submit,2023-12-27 20:26:13.584788+00:00,311.25,happy_path,2956.52,EMP-098
CASE-01140,manager_approval,2023-12-27 20:31:24.836090+00:00,82021.67,happy_path,2956.52,EMP-098
CASE-01140,finance_approval,2023-12-28 19:18:26.506202+00:00,48972.01,happy_path,2956.52,EMP-098
CASE-01140,paid,2023-12-29 08:54:38.519281+00:00,4756.45,happy_path,2956.52,EMP-098
CASE-01141,submit,2023-11-13 16:22:57.869563+00:00,319.44,happy_path,3148.47,EMP-184
CASE-01141,manager_approval,2023-11-13 16:28:17.307270+00:00,118314.4,happy_path,3148.47,EMP-184
CASE-01141,finance_approval,2023-11-15 01:20:11.711522+00:00,50460.11,happy_path,3148.47,EMP-184
CASE-01141,paid,2023-11-15 15:21:11.817690+00:00,4709.18,happy_path,3148.47,EMP-184
CASE-01142,submit,2024-01-20 13:45:07.783932+00:00,198.44,exception,2533.02,EMP-187
CASE-01142,missing_receipt,2024-01-20 13:48:26.220760+00:00,1725.16,exception,2533.02,EMP-187
CASE-01142,hold,2024-01-20 14:17:11.383807+00:00,215849.48,exception,2533.02,EMP-187
CASE-01142,resolved,2024-01-23 02:14:40.866728+00:00,3703.11,exception,2533.02,EMP-187
CASE-01142,paid,2024-01-23 03:16:23.979385+00:00,3280.73,exception,2533.02,EMP-187
CASE-01143,submit,2024-02-19 08:26:09.612569+00:00,381.11,exception,248.06,EMP-183
CASE-01143,missing_receipt,2024-02-19 08:32:30.727516+00:00,1643.75,exception,248.06,EMP-183
CASE-01143,hold,2024-02-19 08:59:54.478880+00:00,297567.69,exception,248.06,EMP-183
CASE-01143,resolved,2024-02-22 19:39:22.164317+00:00,3417.82,exception,248.06,EMP-183
CASE-01143,paid,2024-02-22 20:36:19.982472+00:00,3372.81,exception,248.06,EMP-183
CASE-01144,submit,2023-10-20 12:47:38.783030+00:00,401.86,happy_path,3157.56,EMP-128
CASE-01144,manager_approval,2023-10-20 12:54:20.642297+00:00,89852.73,happy_path,3157.56,EMP-128
CASE-01144,finance_approval,2023-10-21 13:51:53.375545+00:00,37909.42,happy_path,3157.56,EMP-128
CASE-01144,paid,2023-10-22 00:23:42.792268+00:00,5284.45,happy_path,3157.56,EMP-128
CASE-01145,submit,2023-10-19 22:34:20.835513+00:00,245.47,rejection_loop,4480.92,EMP-128
CASE-01145,manager_rejects,2023-10-19 22:38:26.303806+00:00,4888.52,rejection_loop,4480.92,EMP-128
CASE-01145,resubmit,2023-10-19 23:59:54.819438+00:00,7970.54,rejection_loop,4480.92,EMP-128
CASE-01145,manager_approval,2023-10-20 02:12:45.355898+00:00,101272.43,rejection_loop,4480.92,EMP-128
CASE-01145,paid,2023-10-21 06:20:37.785769+00:00,3345.75,rejection_loop,4480.92,EMP-128
CASE-01146,submit,2024-03-28 12:08:20.748159+00:00,319.64,happy_path,3871.11,EMP-067
CASE-01146,manager_approval,2024-03-28 12:13:40.385990+00:00,122725.9,happy_path,3871.11,EMP-067
CASE-01146,finance_approval,2024-03-29 22:19:06.282640+00:00,41552.98,happy_path,3871.11,EMP-067
CASE-01146,paid,2024-03-30 09:51:39.264232+00:00,1689.96,happy_path,3871.11,EMP-067
CASE-01147,submit,2023-10-10 03:02:24.757807+00:00,348.53,exception,4859.82,EMP-125
CASE-01147,missing_receipt,2023-10-10 03:08:13.290124+00:00,1992.11,exception,4859.82,EMP-125
CASE-01147,hold,2023-10-10 03:41:25.403272+00:00,191459.89,exception,4859.82,EMP-125
CASE-01147,resolved,2023-10-12 08:52:25.295846+00:00,4433.99,exception,4859.82,EMP-125
CASE-01147,paid,2023-10-12 10:06:19.288031+00:00,2028.44,exception,4859.82,EMP-125
CASE-01148,submit,2024-03-22 08:50:03.198059+00:00,236.29,happy_path,1865.32,EMP-160
CASE-01148,manager_approval,2024-03-22 08:53:59.491554+00:00,109717.05,happy_path,1865.32,EMP-160
CASE-01148,finance_approval,2024-03-23 15:22:36.542576+00:00,37581.15,happy_path,1865.32,EMP-160
CASE-01148,paid,2024-03-24 01:48:57.696879+00:00,3573.76,happy_path,1865.32,EMP-160
CASE-01149,submit,2024-03-26 22:30:16.824465+00:00,399.35,rejection_loop,3428.65,EMP-159
CASE-01149,manager_rejects,2024-03-26 22:36:56.177511+00:00,3972.28,rejection_loop,3428.65,EMP-159
CASE-01149,resubmit,2024-03-26 23:43:08.456317+00:00,6482.95,rejection_loop,3428.65,EMP-159
CASE-01149,manager_approval,2024-03-27 01:31:11.404382+00:00,60061.19,rejection_loop,3428.65,EMP-159
CASE-01149,paid,2024-03-27 18:12:12.596227+00:00,3839.6,rejection_loop,3428.65,EMP-159
CASE-01150,submit,2023-11-12 03:34:53.664044+00:00,323.37,happy_path,2872.16,EMP-019
CASE-01150,manager_approval,2023-11-12 03:40:17.029718+00:00,108996.54,happy_path,2872.16,EMP-019
CASE-01150,finance_approval,2023-11-13 09:56:53.571815+00:00,35587.78,happy_path,2872.16,EMP-019
CASE-01150,paid,2023-11-13 19:50:01.354025+00:00,3010.71,happy_path,2872.16,EMP-019
CASE-01151,submit,2023-10-18 10:45:12.240604+00:00,354.84,escalation,4100.53,EMP-028
CASE-01151,manager_approval,2023-10-18 10:51:07.078886+00:00,80888.34,escalation,4100.53,EMP-028
CASE-01151,finance_review,2023-10-19 09:19:15.421582+00:00,76940.36,escalation,4100.53,EMP-028
CASE-01151,paid,2023-10-20 06:41:35.783317+00:00,4960.03,escalation,4100.53,EMP-028
CASE-01152,submit,2023-12-03 15:16:10.945518+00:00,251.99,happy_path,1677.17,EMP-082
CASE-01152,manager_approval,2023-12-03 15:20:22.932255+00:00,74562.31,happy_path,1677.17,EMP-082
CASE-01152,finance_approval,2023-12-04 12:03:05.240532+00:00,40164.21,happy_path,1677.17,EMP-082
CASE-01152,paid,2023-12-04 23:12:29.452679+00:00,3575.73,happy_path,1677.17,EMP-082
CASE-01153,submit,2023-10-29 04:37:10.618941+00:00,270.48,happy_path,2748.15,EMP-121
CASE-01153,manager_approval,2023-10-29 04:41:41.097582+00:00,92768.93,happy_path,2748.15,EMP-121
CASE-01153,finance_approval,2023-10-30 06:27:50.030873+00:00,52286.49,happy_path,2748.15,EMP-121
CASE-01153,paid,2023-10-30 20:59:16.518463+00:00,5148.11,happy_path,2748.15,EMP-121
CASE-01154,submit,2024-03-27 03:22:57.930946+00:00,292.08,happy_path,4052.24,EMP-111
CASE-01154,manager_approval,2024-03-27 03:27:50.011056+00:00,89792.25,happy_path,4052.24,EMP-111
CASE-01154,finance_approval,2024-03-28 04:24:22.262843+00:00,48032.93,happy_path,4052.24,EMP-111
CASE-01154,paid,2024-03-28 17:44:55.192319+00:00,5101.7,happy_path,4052.24,EMP-111
CASE-01155,submit,2023-10-18 01:06:51.639806+00:00,314.53,happy_path,1297.75,EMP-046
CASE-01155,manager_approval,2023-10-18 01:12:06.172275+00:00,106361.49,happy_path,1297.75,EMP-046
CASE-01155,finance_approval,2023-10-19 06:44:47.660580+00:00,46293.3,happy_path,1297.75,EMP-046
CASE-01155,paid,2023-10-19 19:36:20.961104+00:00,3175.19,happy_path,1297.75,EMP-046
CASE-01156,submit,2024-03-11 18:04:37.351592+00:00,390.36,rejection_loop,2647.65,EMP-172
CASE-01156,manager_rejects,2024-03-11 18:11:07.715528+00:00,3680.26,rejection_loop,2647.65,EMP-172
CASE-01156,resubmit,2024-03-11 19:12:27.978073+00:00,7747.7,rejection_loop,2647.65,EMP-172
CASE-01156,manager_approval,2024-03-11 21:21:35.681076+00:00,104451.32,rejection_loop,2647.65,EMP-172
CASE-01156,paid,2024-03-13 02:22:26.998265+00:00,3016.25,rejection_loop,2647.65,EMP-172
CASE-01157,submit,2023-12-04 20:52:24.381662+00:00,240.45,exception,1519.68,EMP-051
CASE-01157,missing_receipt,2023-12-04 20:56:24.836211+00:00,1965.87,exception,1519.68,EMP-051
CASE-01157,hold,2023-12-04 21:29:10.709819+00:00,240025.09,exception,1519.68,EMP-051
CASE-01157,resolved,2023-12-07 16:09:35.798690+00:00,3270.77,exception,1519.68,EMP-051
CASE-01157,paid,2023-12-07 17:04:06.566185+00:00,3323.09,exception,1519.68,EMP-051
CASE-01158,submit,2024-01-11 23:07:28.099464+00:00,246.96,escalation,1976.23,EMP-003
CASE-01158,manager_approval,2024-01-11 23:11:35.061772+00:00,97687.86,escalation,1976.23,EMP-003
CASE-01158,finance_review,2024-01-13 02:19:42.924047+00:00,155009.47,escalation,1976.23,EMP-003
CASE-01158,paid,2024-01-14 21:23:12.393561+00:00,3398.24,escalation,1976.23,EMP-003
CASE-01159,submit,2024-02-13 17:03:10.874926+00:00,222.29,happy_path,3337.11,EMP-188
CASE-01159,manager_approval,2024-02-13 17:06:53.162390+00:00,84829.38,happy_path,3337.11,EMP-188
CASE-01159,finance_approval,2024-02-14 16:40:42.537955+00:00,36940.49,happy_path,3337.11,EMP-188
CASE-01159,paid,2024-02-15 02:56:23.030690+00:00,4183.51,happy_path,3337.11,EMP-188
CASE-01160,submit,2024-02-22 13:30:45.567467+00:00,353.9,happy_path,4328.29,EMP-030
CASE-01160,manager_approval,2024-02-22 13:36:39.469414+00:00,78642.95,happy_path,4328.29,EMP-030
CASE-01160,finance_approval,2024-02-23 11:27:22.420789+00:00,38207.38,happy_path,4328.29,EMP-030
CASE-01160,paid,2024-02-23 22:04:09.801660+00:00,3135.19,happy_path,4328.29,EMP-030
CASE-01161,submit,2023-12-22 21:05:59.177616+00:00,123.85,exception,4293.47,EMP-163
CASE-01161,missing_receipt,2023-12-22 21:08:03.027372+00:00,1933.35,exception,4293.47,EMP-163
CASE-01161,hold,2023-12-22 21:40:16.382124+00:00,251737.87,exception,4293.47,EMP-163
CASE-01161,resolved,2023-12-25 19:35:54.251529+00:00,3926.74,exception,4293.47,EMP-163
CASE-01161,paid,2023-12-25 20:41:20.993414+00:00,6053.71,exception,4293.47,EMP-163
CASE-01162,submit,2024-01-19 04:04:31.127961+00:00,308.69,happy_path,2753.13,EMP-043
CASE-01162,manager_approval,2024-01-19 04:09:39.821772+00:00,100887.3,happy_path,2753.13,EMP-043
CASE-01162,finance_approval,2024-01-20 08:11:07.124870+00:00,47125.47,happy_path,2753.13,EMP-043
CASE-01162,paid,2024-01-20 21:16:32.594405+00:00,4866.19,happy_path,2753.13,EMP-043
CASE-01163,submit,2023-10-05 21:56:46.611239+00:00,356.44,exception,1882.77,EMP-094
CASE-01163,missing_receipt,2023-10-05 22:02:43.047992+00:00,1585.78,exception,1882.77,EMP-094
CASE-01163,hold,2023-10-05 22:29:08.826011+00:00,349507.26,exception,1882.77,EMP-094
CASE-01163,resolved,2023-10-09 23:34:16.084558+00:00,2913.03,exception,1882.77,EMP-094
CASE-01163,paid,2023-10-10 00:22:49.115342+00:00,3010.79,exception,1882.77,EMP-094
CASE-01164,submit,2023-12-18 15:40:06.692186+00:00,246.7,happy_path,1793.45,EMP-139
CASE-01164,manager_approval,2023-12-18 15:44:13.396937+00:00,105682.06,happy_path,1793.45,EMP-139
CASE-01164,finance_approval,2023-12-19 21:05:35.455855+00:00,42143.48,happy_path,1793.45,EMP-139
CASE-01164,paid,2023-12-20 08:47:58.934175+00:00,4492.45,happy_path,1793.45,EMP-139
CASE-01165,submit,2024-01-08 16:44:08.291167+00:00,270.32,happy_path,2786.13,EMP-042
CASE-01165,manager_approval,2024-01-08 16:48:38.608672+00:00,55711.57,happy_path,2786.13,EMP-042
CASE-01165,finance_approval,2024-01-09 08:17:10.181642+00:00,52618.75,happy_path,2786.13,EMP-042
CASE-01165,paid,2024-01-09 22:54:08.932833+00:00,3236.44,happy_path,2786.13,EMP-042
CASE-01166,submit,2024-03-30 03:58:08.816496+00:00,240.38,happy_path,3120.86,EMP-026
CASE-01166,manager_approval,2024-03-30 04:02:09.191931+00:00,89881.81,happy_path,3120.86,EMP-026
CASE-01166,finance_approval,2024-03-31 05:00:11.005694+00:00,40035.06,happy_path,3120.86,EMP-026
CASE-01166,paid,2024-03-31 16:07:26.064166+00:00,2865.46,happy_path,3120.86,EMP-026
CASE-01167,submit,2024-01-23 06:55:37.147959+00:00,232.93,happy_path,2507.2,EMP-193
CASE-01167,manager_approval,2024-01-23 06:59:30.080301+00:00,56995.6,happy_path,2507.2,EMP-193
CASE-01167,finance_approval,2024-01-23 22:49:25.679477+00:00,40370.18,happy_path,2507.2,EMP-193
CASE-01167,paid,2024-01-24 10:02:15.862912+00:00,1970.78,happy_path,2507.2,EMP-193
CASE-01168,submit,2023-11-12 02:50:19.975844+00:00,297.71,escalation,4265.94,EMP-055
CASE-01168,manager_approval,2023-11-12 02:55:17.681442+00:00,66095.2,escalation,4265.94,EMP-055
CASE-01168,finance_review,2023-11-12 21:16:52.880545+00:00,184700.66,escalation,4265.94,EMP-055
CASE-01168,paid,2023-11-15 00:35:13.540129+00:00,3939.96,escalation,4265.94,EMP-055
CASE-01169,submit,2023-12-16 07:52:41.110421+00:00,363.65,happy_path,4839.7,EMP-119
CASE-01169,manager_approval,2023-12-16 07:58:44.763380+00:00,100827.31,happy_path,4839.7,EMP-119
CASE-01169,finance_approval,2023-12-17 11:59:12.071305+00:00,33049.42,happy_path,4839.7,EMP-119
CASE-01169,paid,2023-12-17 21:10:01.488206+00:00,3593.82,happy_path,4839.7,EMP-119
CASE-01170,submit,2023-11-20 04:04:17.358811+00:00,292.6,happy_path,1158.49,EMP-073
CASE-01170,manager_approval,2023-11-20 04:09:09.956339+00:00,76351.09,happy_path,1158.49,EMP-073
CASE-01170,finance_approval,2023-11-21 01:21:41.050074+00:00,38017.2,happy_path,1158.49,EMP-073
CASE-01170,paid,2023-11-21 11:55:18.253055+00:00,5214.67,happy_path,1158.49,EMP-073
CASE-01171,submit,2023-10-08 21:09:15.546080+00:00,224.52,escalation,70.58,EMP-107
CASE-01171,manager_approval,2023-10-08 21:13:00.067019+00:00,124072.7,escalation,70.58,EMP-107
CASE-01171,finance_review,2023-10-10 07:40:52.765233+00:00,185339.36,escalation,70.58,EMP-107
CASE-01171,paid,2023-10-12 11:09:52.129203+00:00,4187.86,escalation,70.58,EMP-107
CASE-01172,submit,2024-03-23 15:34:25.541478+00:00,238.9,rejection_loop,1621.48,EMP-044
CASE-01172,manager_rejects,2024-03-23 15:38:24.442051+00:00,4046.01,rejection_loop,1621.48,EMP-044
CASE-01172,resubmit,2024-03-23 16:45:50.454365+00:00,7139.67,rejection_loop,1621.48,EMP-044
CASE-01172,manager_approval,2024-03-23 18:44:50.127029+00:00,100335.87,rejection_loop,1621.48,EMP-044
CASE-01172,paid,2024-03-24 22:37:05.997121+00:00,3502.38,rejection_loop,1621.48,EMP-044
CASE-01173,submit,2023-12-19 05:43:21.210935+00:00,355.42,escalation,4151.32,EMP-148
CASE-01173,manager_approval,2023-12-19 05:49:16.631893+00:00,78412.28,escalation,4151.32,EMP-148
CASE-01173,finance_review,2023-12-20 03:36:08.914601+00:00,166783.53,escalation,4151.32,EMP-148
CASE-01173,paid,2023-12-22 01:55:52.447465+00:00,2694.31,escalation,4151.32,EMP-148
CASE-01174,submit,2023-10-20 22:10:35.873096+00:00,322.46,happy_path,834.3,EMP-060
CASE-01174,manager_approval,2023-10-20 22:15:58.334903+00:00,62122.84,happy_path,834.3,EMP-060
CASE-01174,finance_approval,2023-10-21 15:31:21.170018+00:00,34651.17,happy_path,834.3,EMP-060
CASE-01174,paid,2023-10-22 01:08:52.340881+00:00,2441.2,happy_path,834.3,EMP-060
CASE-01175,submit,2024-03-01 17:17:58.678587+00:00,328.63,rejection_loop,3155.23,EMP-067
CASE-01175,manager_rejects,2024-03-01 17:23:27.308793+00:00,4045.26,rejection_loop,3155.23,EMP-067
CASE-01175,resubmit,2024-03-01 18:30:52.571311+00:00,7541.83,rejection_loop,3155.23,EMP-067
CASE-01175,manager_approval,2024-03-01 20:36:34.400733+00:00,89122.4,rejection_loop,3155.23,EMP-067
CASE-01175,paid,2024-03-02 21:21:56.801343+00:00,5139.03,rejection_loop,3155.23,EMP-067
CASE-01176,submit,2024-03-16 16:58:04.015509+00:00,307.45,happy_path,3109.59,EMP-140
CASE-01176,manager_approval,2024-03-16 17:03:11.466813+00:00,105061.13,happy_path,3109.59,EMP-140
CASE-01176,finance_approval,2024-03-17 22:14:12.597501+00:00,46557.47,happy_path,3109.59,EMP-140
CASE-01176,paid,2024-03-18 11:10:10.066474+00:00,3577.1,happy_path,3109.59,EMP-140
CASE-01177,submit,2023-11-05 13:55:06.024195+00:00,268.3,happy_path,3175.93,EMP-092
CASE-01177,manager_approval,2023-11-05 13:59:34.324163+00:00,77606.9,happy_path,3175.93,EMP-092
CASE-01177,finance_approval,2023-11-06 11:33:01.228749+00:00,39028.3,happy_path,3175.93,EMP-092
CASE-01177,paid,2023-11-06 22:23:29.526587+00:00,4196.03,happy_path,3175.93,EMP-092
CASE-01178,submit,2024-02-18 16:05:29.935883+00:00,407.87,rejection_loop,4045.13,EMP-097
CASE-01178,manager_rejects,2024-02-18 16:12:17.807504+00:00,3340.3,rejection_loop,4045.13,EMP-097
CASE-01178,resubmit,2024-02-18 17:07:58.102520+00:00,5984.88,rejection_loop,4045.13,EMP-097
CASE-01178,manager_approval,2024-02-18 18:47:42.978085+00:00,114254.98,rejection_loop,4045.13,EMP-097
CASE-01178,paid,2024-02-20 02:31:57.956629+00:00,3097.54,rejection_loop,4045.13,EMP-097
CASE-01179,submit,2023-10-22 23:13:26.985268+00:00,327.54,escalation,2917.81,EMP-027
CASE-01179,manager_approval,2023-10-22 23:18:54.527758+00:00,81519.27,escalation,2917.81,EMP-027
CASE-01179,finance_review,2023-10-23 21:57:33.801954+00:00,193964.03,escalation,2917.81,EMP-027
CASE-01179,paid,2023-10-26 03:50:17.828932+00:00,4145.67,escalation,2917.81,EMP-027
CASE-01180,submit,2024-03-15 06:56:47.899051+00:00,307.21,happy_path,433.04,EMP-093
CASE-01180,manager_approval,2024-03-15 07:01:55.113337+00:00,96005.5,happy_path,433.04,EMP-093
CASE-01180,finance_approval,2024-03-16 09:42:00.609249+00:00,45295.72,happy_path,433.04,EMP-093
CASE-01180,paid,2024-03-16 22:16:56.331690+00:00,2707.56,happy_path,433.04,EMP-093
CASE-01181,submit,2024-02-03 17:17:35.859679+00:00,263.14,happy_path,3147.13,EMP-054
CASE-01181,manager_approval,2024-02-03 17:21:58.996256+00:00,99628.48,happy_path,3147.13,EMP-054
CASE-01181,finance_approval,2024-02-04 21:02:27.475887+00:00,54178.34,happy_path,3147.13,EMP-054
CASE-01181,paid,2024-02-05 12:05:25.817490+00:00,2708.44,happy_path,3147.13,EMP-054
CASE-01182,submit,2024-01-29 17:45:31.750990+00:00,219.97,happy_path,100.19,EMP-046
CASE-01182,manager_approval,2024-01-29 17:49:11.719299+00:00,55246.37,happy_path,100.19,EMP-046
CASE-01182,finance_approval,2024-01-30 09:09:58.088162+00:00,48087.66,happy_path,100.19,EMP-046
CASE-01182,paid,2024-01-30 22:31:25.746007+00:00,4153.88,happy_path,100.19,EMP-046
CASE-01183,submit,2024-01-09 08:48:20.065049+00:00,353.74,happy_path,4974.83,EMP-154
CASE-01183,manager_approval,2024-01-09 08:54:13.804433+00:00,116213.03,happy_path,4974.83,EMP-154
CASE-01183,finance_approval,2024-01-10 17:11:06.830072+00:00,47420.39,happy_path,4974.83,EMP-154
CASE-01183,paid,2024-01-11 06:21:27.221834+00:00,3337.78,happy_path,4974.83,EMP-154
CASE-01184,submit,2024-02-16 23:21:05.082178+00:00,312.01,happy_path,164.04,EMP-132
CASE-01184,manager_approval,2024-02-16 23:26:17.095161+00:00,106521.99,happy_path,164.04,EMP-132
CASE-01184,finance_approval,2024-02-18 05:01:39.087095+00:00,44616.07,happy_path,164.04,EMP-132
CASE-01184,paid,2024-02-18 17:25:15.155361+00:00,3468.95,happy_path,164.04,EMP-132
CASE-01185,submit,2024-03-20 04:08:37.706756+00:00,292.41,happy_path,463.04,EMP-178
CASE-01185,manager_approval,2024-03-20 04:13:30.120808+00:00,111008.21,happy_path,463.04,EMP-178
CASE-01185,finance_approval,2024-03-21 11:03:38.334064+00:00,49580.05,happy_path,463.04,EMP-178
CASE-01185,paid,2024-03-22 00:49:58.388201+00:00,3358.65,happy_path,463.04,EMP-178
CASE-01186,submit,2024-02-25 14:55:50.444641+00:00,166.43,escalation,1506.89,EMP-191
CASE-01186,manager_approval,2024-02-25 14:58:36.873484+00:00,106828.65,escalation,1506.89,EMP-191
CASE-01186,finance_review,2024-02-26 20:39:05.524157+00:00,201751.18,escalation,1506.89,EMP-191
CASE-01186,paid,2024-02-29 04:41:36.703735+00:00,3279.91,escalation,1506.89,EMP-191
CASE-01187,submit,2023-11-22 14:16:39.145477+00:00,237.91,happy_path,4237.88,EMP-184
CASE-01187,manager_approval,2023-11-22 14:20:37.055824+00:00,104232.52,happy_path,4237.88,EMP-184
CASE-01187,finance_approval,2023-11-23 19:17:49.574279+00:00,43841.88,happy_path,4237.88,EMP-184
CASE-01187,paid,2023-11-24 07:28:31.457356+00:00,2826.43,happy_path,4237.88,EMP-184
CASE-01188,submit,2023-12-20 00:35:51.433055+00:00,223.76,rejection_loop,4771.12,EMP-125
CASE-01188,manager_rejects,2023-12-20 00:39:35.195934+00:00,3868.22,rejection_loop,4771.12,EMP-125
CASE-01188,resubmit,2023-12-20 01:44:03.418218+00:00,6985.89,rejection_loop,4771.12,EMP-125
CASE-01188,manager_approval,2023-12-20 03:40:29.312733+00:00,105149.74,rejection_loop,4771.12,EMP-125
CASE-01188,paid,2023-12-21 08:52:59.052193+00:00,4290.11,rejection_loop,4771.12,EMP-125
CASE-01189,submit,2024-02-27 11:33:21.960190+00:00,336.89,happy_path,1796.93,EMP-162
CASE-01189,manager_approval,2024-02-27 11:38:58.847072+00:00,43339.46,happy_path,1796.93,EMP-162
CASE-01189,finance_approval,2024-02-27 23:41:18.310467+00:00,47923.3,happy_path,1796.93,EMP-162
CASE-01189,paid,2024-02-28 13:00:01.608864+00:00,4263.82,happy_path,1796.93,EMP-162
CASE-01190,submit,2024-03-22 01:37:59.937997+00:00,288.07,happy_path,3039.22,EMP-166
CASE-01190,manager_approval,2024-03-22 01:42:48.009603+00:00,65026.25,happy_path,3039.22,EMP-166
CASE-01190,finance_approval,2024-03-22 19:46:34.259095+00:00,41817.79,happy_path,3039.22,EMP-166
CASE-01190,paid,2024-03-23 07:23:32.045310+00:00,4830.87,happy_path,3039.22,EMP-166
CASE-01191,submit,2023-10-16 01:48:22.430863+00:00,372.02,happy_path,970.28,EMP-063
CASE-01191,manager_approval,2023-10-16 01:54:34.454775+00:00,74902.15,happy_path,970.28,EMP-063
CASE-01191,finance_approval,2023-10-16 22:42:56.603485+00:00,37408.74,happy_path,970.28,EMP-063
CASE-01191,paid,2023-10-17 09:06:25.346909+00:00,3684.76,happy_path,970.28,EMP-063
CASE-01192,submit,2023-11-10 11:29:48.785213+00:00,269.88,happy_path,103.96,EMP-085
CASE-01192,manager_approval,2023-11-10 11:34:18.663134+00:00,69057.52,happy_path,103.96,EMP-085
CASE-01192,finance_approval,2023-11-11 06:45:16.180163+00:00,40591.2,happy_path,103.96,EMP-085
CASE-01192,paid,2023-11-11 18:01:47.380763+00:00,3636.25,happy_path,103.96,EMP-085
CASE-01193,submit,2023-10-21 12:36:54.852101+00:00,322.08,happy_path,1100.27,EMP-056
CASE-01193,manager_approval,2023-10-21 12:42:16.933295+00:00,81217.93,happy_path,1100.27,EMP-056
CASE-01193,finance_approval,2023-10-22 11:15:54.864585+00:00,52899.82,happy_path,1100.27,EMP-056
CASE-01193,paid,2023-10-23 01:57:34.688874+00:00,4926.27,happy_path,1100.27,EMP-056
CASE-01194,submit,2024-02-02 18:48:35.649680+00:00,220.41,happy_path,4468.69,EMP-108
CASE-01194,manager_approval,2024-02-02 18:52:16.064674+00:00,50056.08,happy_path,4468.69,EMP-108
CASE-01194,finance_approval,2024-02-03 08:46:32.147169+00:00,48423.91,happy_path,4468.69,EMP-108
CASE-01194,paid,2024-02-03 22:13:36.052466+00:00,3691.94,happy_path,4468.69,EMP-108
CASE-01195,submit,2023-12-17 19:44:41.651201+00:00,318.14,happy_path,281.62,EMP-071
CASE-01195,manager_approval,2023-12-17 19:49:59.794203+00:00,95811.35,happy_path,281.62,EMP-071
CASE-01195,finance_approval,2023-12-18 22:26:51.144722+00:00,46301.55,happy_path,281.62,EMP-071
CASE-01195,paid,2023-12-19 11:18:32.695374+00:00,3189.31,happy_path,281.62,EMP-071
CASE-01196,submit,2024-02-20 23:52:49.258324+00:00,352.21,escalation,1460.93,EMP-165
CASE-01196,manager_approval,2024-02-20 23:58:41.464392+00:00,84546.98,escalation,1460.93,EMP-165
CASE-01196,finance_review,2024-02-21 23:27:48.440246+00:00,170889.36,escalation,1460.93,EMP-165
CASE-01196,paid,2024-02-23 22:55:57.805238+00:00,3136.65,escalation,1460.93,EMP-165
CASE-01197,submit,2024-03-16 05:54:32.278874+00:00,307.57,exception,233.19,EMP-137
CASE-01197,missing_receipt,2024-03-16 05:59:39.844607+00:00,2218.65,exception,233.19,EMP-137
CASE-01197,hold,2024-03-16 06:36:38.497276+00:00,289448.2,exception,233.19,EMP-137
CASE-01197,resolved,2024-03-19 15:00:46.698026+00:00,3843.12,exception,233.19,EMP-137
CASE-01197,paid,2024-03-19 16:04:49.821563+00:00,3770.08,exception,233.19,EMP-137
CASE-01198,submit,2023-11-29 02:15:33.620523+00:00,286.14,rejection_loop,3630.11,EMP-071
CASE-01198,manager_rejects,2023-11-29 02:20:19.764636+00:00,3801.63,rejection_loop,3630.11,EMP-071
CASE-01198,resubmit,2023-11-29 03:23:41.393099+00:00,7523.55,rejection_loop,3630.11,EMP-071
CASE-01198,manager_approval,2023-11-29 05:29:04.939089+00:00,61495.18,rejection_loop,3630.11,EMP-071
CASE-01198,paid,2023-11-29 22:34:00.119489+00:00,4324.87,rejection_loop,3630.11,EMP-071
CASE-01199,submit,2024-03-25 02:05:56.112311+00:00,314.72,exception,2492.02,EMP-165
CASE-01199,missing_receipt,2024-03-25 02:11:10.836981+00:00,2009.86,exception,2492.02,EMP-165
CASE-01199,hold,2024-03-25 02:44:40.698703+00:00,316975.37,exception,2492.02,EMP-165
CASE-01199,resolved,2024-03-28 18:47:36.067186+00:00,3492.09,exception,2492.02,EMP-165
CASE-01199,paid,2024-03-28 19:45:48.157833+00:00,3451.83,exception,2492.02,EMP-165
CASE-01200,submit,2024-03-29 20:05:39.855697+00:00,362.04,happy_path,101.46,EMP-027
CASE-01200,manager_approval,2024-03-29 20:11:41.891015+00:00,59879.01,happy_path,101.46,EMP-027
CASE-01200,finance_approval,2024-03-30 12:49:40.899749+00:00,43657.75,happy_path,101.46,EMP-027
CASE-01200,paid,2024-03-31 00:57:18.648814+00:00,3982.08,happy_path,101.46,EMP-027
CASE-01201,submit,2024-03-29 02:55:15.343094+00:00,410.55,rejection_loop,4070.8,EMP-138
CASE-01201,manager_rejects,2024-03-29 03:02:05.891843+00:00,3114.26,rejection_loop,4070.8,EMP-138
CASE-01201,resubmit,2024-03-29 03:54:00.150189+00:00,7008.03,rejection_loop,4070.8,EMP-138
CASE-01201,manager_approval,2024-03-29 05:50:48.178953+00:00,124199.01,rejection_loop,4070.8,EMP-138
CASE-01201,paid,2024-03-30 16:20:47.189042+00:00,5274.57,rejection_loop,4070.8,EMP-138
CASE-01202,submit,2024-02-22 11:49:56.017758+00:00,393.31,happy_path,1680.18,EMP-157
CASE-01202,manager_approval,2024-02-22 11:56:29.326043+00:00,62075.51,happy_path,1680.18,EMP-157
CASE-01202,finance_approval,2024-02-23 05:11:04.832844+00:00,50856.71,happy_path,1680.18,EMP-157
CASE-01202,paid,2024-02-23 19:18:41.539681+00:00,4660.8,happy_path,1680.18,EMP-157
CASE-01203,submit,2024-02-15 13:06:37.629425+00:00,263.89,happy_path,1630.7,EMP-038
CASE-01203,manager_approval,2024-02-15 13:11:01.516543+00:00,129151.13,happy_path,1630.7,EMP-038
CASE-01203,finance_approval,2024-02-17 01:03:32.648402+00:00,31075.16,happy_path,1630.7,EMP-038
CASE-01203,paid,2024-02-17 09:41:27.812177+00:00,2762.46,happy_path,1630.7,EMP-038
CASE-01204,submit,2023-12-28 00:38:37.873425+00:00,333.83,happy_path,2661.57,EMP-148
CASE-01204,manager_approval,2023-12-28 00:44:11.707687+00:00,68905.73,happy_path,2661.57,EMP-148
CASE-01204,finance_approval,2023-12-28 19:52:37.435341+00:00,43563.06,happy_path,2661.57,EMP-148
CASE-01204,paid,2023-12-29 07:58:40.497832+00:00,3746.53,happy_path,2661.57,EMP-148
CASE-01205,submit,2023-10-17 21:40:16.549864+00:00,231.81,happy_path,3842.7,EMP-183
CASE-01205,manager_approval,2023-10-17 21:44:08.355883+00:00,45461.37,happy_path,3842.7,EMP-183
CASE-01205,finance_approval,2023-10-18 10:21:49.728003+00:00,37943.81,happy_path,3842.7,EMP-183
CASE-01205,paid,2023-10-18 20:54:13.536494+00:00,2809.73,happy_path,3842.7,EMP-183
CASE-01206,submit,2023-10-13 20:21:11.271530+00:00,217.58,happy_path,436.18,EMP-127
CASE-01206,manager_approval,2023-10-13 20:24:48.849413+00:00,101422.98,happy_path,436.18,EMP-127
CASE-01206,finance_approval,2023-10-15 00:35:11.829281+00:00,43614.0,happy_path,436.18,EMP-127
CASE-01206,paid,2023-10-15 12:42:05.832146+00:00,3842.32,happy_path,436.18,EMP-127
CASE-01207,submit,2024-02-17 02:07:22.582711+00:00,264.82,happy_path,1082.87,EMP-152
CASE-01207,manager_approval,2024-02-17 02:11:47.401427+00:00,67741.99,happy_path,1082.87,EMP-152
CASE-01207,finance_approval,2024-02-17 21:00:49.396276+00:00,42654.37,happy_path,1082.87,EMP-152
CASE-01207,paid,2024-02-18 08:51:43.761770+00:00,4927.76,happy_path,1082.87,EMP-152
CASE-01208,submit,2024-03-15 13:01:16.115992+00:00,267.74,escalation,4246.64,EMP-028
CASE-01208,manager_approval,2024-03-15 13:05:43.858584+00:00,90402.16,escalation,4246.64,EMP-028
CASE-01208,finance_review,2024-03-16 14:12:26.014933+00:00,213086.47,escalation,4246.64,EMP-028
CASE-01208,paid,2024-03-19 01:23:52.488239+00:00,5388.54,escalation,4246.64,EMP-028
CASE-01209,submit,2023-10-15 08:31:18.553541+00:00,281.16,escalation,3911.1,EMP-049
CASE-01209,manager_approval,2023-10-15 08:35:59.718107+00:00,57276.66,escalation,3911.1,EMP-049
CASE-01209,finance_review,2023-10-16 00:30:36.377080+00:00,203362.25,escalation,3911.1,EMP-049
CASE-01209,paid,2023-10-18 08:59:58.631082+00:00,4726.57,escalation,3911.1,EMP-049
CASE-01210,submit,2024-02-14 02:30:44.246473+00:00,276.37,happy_path,2331.72,EMP-028
CASE-01210,manager_approval,2024-02-14 02:35:20.620884+00:00,89112.59,happy_path,2331.72,EMP-028
CASE-01210,finance_approval,2024-02-15 03:20:33.212148+00:00,58430.53,happy_path,2331.72,EMP-028
CASE-01210,paid,2024-02-15 19:34:23.743402+00:00,3683.54,happy_path,2331.72,EMP-028
CASE-01211,submit,2023-10-24 07:10:08.969709+00:00,313.33,escalation,2290.57,EMP-068
CASE-01211,manager_approval,2023-10-24 07:15:22.303934+00:00,67193.36,escalation,2290.57,EMP-068
CASE-01211,finance_review,2023-10-25 01:55:15.664419+00:00,160237.53,escalation,2290.57,EMP-068
CASE-01211,paid,2023-10-26 22:25:53.193411+00:00,3813.7,escalation,2290.57,EMP-068
CASE-01212,submit,2023-11-21 01:35:02.055291+00:00,358.64,happy_path,1702.01,EMP-113
CASE-01212,manager_approval,2023-11-21 01:41:00.691550+00:00,111923.72,happy_path,1702.01,EMP-113
CASE-01212,finance_approval,2023-11-22 08:46:24.413712+00:00,49204.46,happy_path,1702.01,EMP-113
CASE-01212,paid,2023-11-22 22:26:28.878216+00:00,3493.56,happy_path,1702.01,EMP-113
CASE-01213,submit,2023-11-21 15:59:56.483938+00:00,237.52,happy_path,2043.33,EMP-153
CASE-01213,manager_approval,2023-11-21 16:03:54.002864+00:00,66010.66,happy_path,2043.33,EMP-153
CASE-01213,finance_approval,2023-11-22 10:24:04.660626+00:00,37758.65,happy_path,2043.33,EMP-153
CASE-01213,paid,2023-11-22 20:53:23.314958+00:00,3822.75,happy_path,2043.33,EMP-153
CASE-01214,submit,2023-10-12 13:33:18.614645+00:00,312.16,happy_path,599.86,EMP-030
CASE-01214,manager_approval,2023-10-12 13:38:30.772237+00:00,102968.39,happy_path,599.86,EMP-030
CASE-01214,finance_approval,2023-10-13 18:14:39.163349+00:00,44459.58,happy_path,599.86,EMP-030
CASE-01214,paid,2023-10-14 06:35:38.744567+00:00,3980.34,happy_path,599.86,EMP-030
CASE-01215,submit,2023-12-14 19:41:47.775227+00:00,311.13,happy_path,3120.09,EMP-184
CASE-01215,manager_approval,2023-12-14 19:46:58.908273+00:00,74497.24,happy_path,3120.09,EMP-184
CASE-01215,finance_approval,2023-12-15 16:28:36.148209+00:00,46362.89,happy_path,3120.09,EMP-184
CASE-01215,paid,2023-12-16 05:21:19.039743+00:00,4219.58,happy_path,3120.09,EMP-184
CASE-01216,submit,2023-12-04 13:46:30.177139+00:00,217.75,happy_path,896.59,EMP-053
CASE-01216,manager_approval,2023-12-04 13:50:07.923990+00:00,79520.67,happy_path,896.59,EMP-053
CASE-01216,finance_approval,2023-12-05 11:55:28.595646+00:00,52622.92,happy_path,896.59,EMP-053
CASE-01216,paid,2023-12-06 02:32:31.518823+00:00,3559.52,happy_path,896.59,EMP-053
CASE-01217,submit,2024-02-13 00:52:19.350316+00:00,273.44,escalation,3517.33,EMP-123
CASE-01217,manager_approval,2024-02-13 00:56:52.790971+00:00,106203.17,escalation,3517.33,EMP-123
CASE-01217,finance_review,2024-02-14 06:26:55.964956+00:00,120093.41,escalation,3517.33,EMP-123
CASE-01217,paid,2024-02-15 15:48:29.375476+00:00,4254.08,escalation,3517.33,EMP-123
CASE-01218,submit,2023-10-28 12:43:17.006524+00:00,379.59,happy_path,1694.17,EMP-117
CASE-01218,manager_approval,2023-10-28 12:49:36.599475+00:00,110827.77,happy_path,1694.17,EMP-117
CASE-01218,finance_approval,2023-10-29 19:36:44.373816+00:00,43852.93,happy_path,1694.17,EMP-117
CASE-01218,paid,2023-10-30 07:47:37.299615+00:00,3316.46,happy_path,1694.17,EMP-117
CASE-01219,submit,2024-02-16 20:19:35.218821+00:00,332.4,happy_path,431.04,EMP-174
CASE-01219,manager_approval,2024-02-16 20:25:07.618857+00:00,106488.34,happy_path,431.04,EMP-174
CASE-01219,finance_approval,2024-02-18 01:59:55.957937+00:00,43610.04,happy_path,431.04,EMP-174
CASE-01219,paid,2024-02-18 14:06:46.001859+00:00,3560.16,happy_path,431.04,EMP-174
CASE-01220,submit,2024-02-27 09:45:43.976510+00:00,300.44,rejection_loop,2389.21,EMP-012
CASE-01220,manager_rejects,2024-02-27 09:50:44.417267+00:00,1931.73,rejection_loop,2389.21,EMP-012
CASE-01220,resubmit,2024-02-27 10:22:56.145739+00:00,4949.06,rejection_loop,2389.21,EMP-012
CASE-01220,manager_approval,2024-02-27 11:45:25.210381+00:00,99872.7,rejection_loop,2389.21,EMP-012
CASE-01220,paid,2024-02-28 15:29:57.905546+00:00,2655.66,rejection_loop,2389.21,EMP-012
CASE-01221,submit,2023-10-20 23:58:02.796582+00:00,318.03,happy_path,775.59,EMP-025
CASE-01221,manager_approval,2023-10-21 00:03:20.822562+00:00,67973.86,happy_path,775.59,EMP-025
CASE-01221,finance_approval,2023-10-21 18:56:14.684628+00:00,36519.12,happy_path,775.59,EMP-025
CASE-01221,paid,2023-10-22 05:04:53.799868+00:00,3649.06,happy_path,775.59,EMP-025
CASE-01222,submit,2023-12-07 13:43:47.689303+00:00,355.75,escalation,3333.87,EMP-065
CASE-01222,manager_approval,2023-12-07 13:49:43.439756+00:00,88114.26,escalation,3333.87,EMP-065
CASE-01222,finance_review,2023-12-08 14:18:17.701014+00:00,150250.18,escalation,3333.87,EMP-065
CASE-01222,paid,2023-12-10 08:02:27.878954+00:00,1762.77,escalation,3333.87,EMP-065
CASE-01223,submit,2023-12-29 04:24:46.464978+00:00,290.93,rejection_loop,4291.93,EMP-153
CASE-01223,manager_rejects,2023-12-29 04:29:37.391120+00:00,4320.55,rejection_loop,4291.93,EMP-153
CASE-01223,resubmit,2023-12-29 05:41:37.938420+00:00,6549.86,rejection_loop,4291.93,EMP-153
CASE-01223,manager_approval,2023-12-29 07:30:47.802619+00:00,76993.5,rejection_loop,4291.93,EMP-153
CASE-01223,paid,2023-12-30 04:54:01.307467+00:00,3063.3,rejection_loop,4291.93,EMP-153
CASE-01224,submit,2023-11-15 23:40:08.102681+00:00,322.61,exception,1818.11,EMP-008
CASE-01224,missing_receipt,2023-11-15 23:45:30.709106+00:00,1754.42,exception,1818.11,EMP-008
CASE-01224,hold,2023-11-16 00:14:45.132065+00:00,27004.15,exception,1818.11,EMP-008
CASE-01224,resolved,2023-11-16 07:44:49.286440+00:00,2971.1,exception,1818.11,EMP-008
CASE-01224,paid,2023-11-16 08:34:20.385613+00:00,4748.82,exception,1818.11,EMP-008
CASE-01225,submit,2023-10-22 10:15:53.150942+00:00,287.38,happy_path,4776.33,EMP-164
CASE-01225,manager_approval,2023-10-22 10:20:40.533986+00:00,116388.66,happy_path,4776.33,EMP-164
CASE-01225,finance_approval,2023-10-23 18:40:29.194645+00:00,27939.98,happy_path,4776.33,EMP-164
CASE-01225,paid,2023-10-24 02:26:09.170127+00:00,3046.91,happy_path,4776.33,EMP-164
CASE-01226,submit,2023-11-19 18:08:10.748887+00:00,245.88,exception,4386.66,EMP-045
CASE-01226,missing_receipt,2023-11-19 18:12:16.627643+00:00,1233.58,exception,4386.66,EMP-045
CASE-01226,hold,2023-11-19 18:32:50.208862+00:00,189643.69,exception,4386.66,EMP-045
CASE-01226,resolved,2023-11-21 23:13:33.896409+00:00,3994.38,exception,4386.66,EMP-045
CASE-01226,paid,2023-11-22 00:20:08.275197+00:00,4373.74,exception,4386.66,EMP-045
CASE-01227,submit,2024-03-01 03:37:16.224749+00:00,298.04,happy_path,2624.38,EMP-088
CASE-01227,manager_approval,2024-03-01 03:42:14.260946+00:00,113951.71,happy_path,2624.38,EMP-088
CASE-01227,finance_approval,2024-03-02 11:21:25.974515+00:00,52151.58,happy_path,2624.38,EMP-088
CASE-01227,paid,2024-03-03 01:50:37.555145+00:00,2141.78,happy_path,2624.38,EMP-088
CASE-01228,submit,2023-12-31 19:21:52.999400+00:00,256.72,happy_path,595.44,EMP-003
CASE-01228,manager_approval,2023-12-31 19:26:09.719820+00:00,76860.0,happy_path,595.44,EMP-003
CASE-01228,finance_approval,2024-01-01 16:47:09.715644+00:00,35784.21,happy_path,595.44,EMP-003
CASE-01228,paid,2024-01-02 02:43:33.930061+00:00,4977.03,happy_path,595.44,EMP-003
CASE-01229,submit,2023-12-29 15:04:59.254631+00:00,426.74,escalation,3338.39,EMP-078
CASE-01229,manager_approval,2023-12-29 15:12:05.990592+00:00,102983.08,escalation,3338.39,EMP-078
CASE-01229,finance_review,2023-12-30 19:48:29.067512+00:00,187057.49,escalation,3338.39,EMP-078
CASE-01229,paid,2024-01-01 23:46:06.557932+00:00,2996.24,escalation,3338.39,EMP-078
CASE-01230,submit,2023-11-27 01:08:55.979765+00:00,312.01,rejection_loop,661.01,EMP-126
CASE-01230,manager_rejects,2023-11-27 01:14:07.987376+00:00,2801.51,rejection_loop,661.01,EMP-126
CASE-01230,resubmit,2023-11-27 02:00:49.500750+00:00,8321.29,rejection_loop,661.01,EMP-126
CASE-01230,manager_approval,2023-11-27 04:19:30.789410+00:00,102838.45,rejection_loop,661.01,EMP-126
CASE-01230,paid,2023-11-28 08:53:29.240254+00:00,3602.76,rejection_loop,661.01,EMP-126
CASE-01231,submit,2024-01-30 18:12:29.935685+00:00,304.12,happy_path,1452.16,EMP-129
CASE-01231,manager_approval,2024-01-30 18:17:34.058594+00:00,73950.39,happy_path,1452.16,EMP-129
CASE-01231,finance_approval,2024-01-31 14:50:04.452219+00:00,48105.43,happy_path,1452.16,EMP-129
CASE-01231,paid,2024-02-01 04:11:49.879480+00:00,3967.87,happy_path,1452.16,EMP-129
CASE-01232,submit,2024-03-16 06:52:56.990230+00:00,296.11,exception,1023.8,EMP-150
CASE-01232,missing_receipt,2024-03-16 06:57:53.101592+00:00,1874.17,exception,1023.8,EMP-150
CASE-01232,hold,2024-03-16 07:29:07.274068+00:00,318827.57,exception,1023.8,EMP-150
CASE-01232,resolved,2024-03-20 00:02:54.840206+00:00,3414.4,exception,1023.8,EMP-150
CASE-01232,paid,2024-03-20 00:59:49.235846+00:00,3213.8,exception,1023.8,EMP-150
CASE-01233,submit,2024-03-16 15:14:19.092899+00:00,246.6,happy_path,4525.61,EMP-067
CASE-01233,manager_approval,2024-03-16 15:18:25.690556+00:00,75475.02,happy_path,4525.61,EMP-067
CASE-01233,finance_approval,2024-03-17 12:16:20.708671+00:00,40656.33,happy_path,4525.61,EMP-067
CASE-01233,paid,2024-03-17 23:33:57.040288+00:00,1908.8,happy_path,4525.61,EMP-067
CASE-01234,submit,2023-11-07 21:52:07.648618+00:00,348.1,rejection_loop,738.92,EMP-197
CASE-01234,manager_rejects,2023-11-07 21:57:55.753438+00:00,4101.94,rejection_loop,738.92,EMP-197
CASE-01234,resubmit,2023-11-07 23:06:17.691848+00:00,8923.03,rejection_loop,738.92,EMP-197
CASE-01234,manager_approval,2023-11-08 01:35:00.721777+00:00,83518.31,rejection_loop,738.92,EMP-197
CASE-01234,paid,2023-11-09 00:46:59.032072+00:00,3961.32,rejection_loop,738.92,EMP-197
CASE-01235,submit,2023-11-05 00:10:04.027252+00:00,322.99,escalation,3160.18,EMP-140
CASE-01235,manager_approval,2023-11-05 00:15:27.014159+00:00,46320.62,escalation,3160.18,EMP-140
CASE-01235,finance_review,2023-11-05 13:07:27.635733+00:00,216299.02,escalation,3160.18,EMP-140
CASE-01235,paid,2023-11-08 01:12:26.651428+00:00,4224.59,escalation,3160.18,EMP-140
CASE-01236,submit,2024-02-08 06:25:31.954425+00:00,237.86,escalation,2543.89,EMP-176
CASE-01236,manager_approval,2024-02-08 06:29:29.814684+00:00,90903.98,escalation,2543.89,EMP-176
CASE-01236,finance_review,2024-02-09 07:44:33.798784+00:00,133827.63,escalation,2543.89,EMP-176
CASE-01236,paid,2024-02-10 20:55:01.428407+00:00,4043.01,escalation,2543.89,EMP-176
CASE-01237,submit,2023-12-17 18:22:06.405949+00:00,303.05,happy_path,2816.6,EMP-197
CASE-01237,manager_approval,2023-12-17 18:27:09.456630+00:00,56567.57,happy_path,2816.6,EMP-197
CASE-01237,finance_approval,2023-12-18 10:09:57.030620+00:00,41464.73,happy_path,2816.6,EMP-197
CASE-01237,paid,2023-12-18 21:41:01.760673+00:00,4234.97,happy_path,2816.6,EMP-197
CASE-01238,submit,2024-03-12 23:37:17.857835+00:00,314.32,escalation,680.01,EMP-140
CASE-01238,manager_approval,2024-03-12 23:42:32.177812+00:00,81423.41,escalation,680.01,EMP-140
CASE-01238,finance_review,2024-03-13 22:19:35.585394+00:00,185411.16,escalation,680.01,EMP-140
CASE-01238,paid,2024-03-16 01:49:46.747970+00:00,3213.96,escalation,680.01,EMP-140
CASE-01239,submit,2024-03-08 11:36:53.890112+00:00,280.57,escalation,2340.9,EMP-196
CASE-01239,manager_approval,2024-03-08 11:41:34.455279+00:00,88186.07,escalation,2340.9,EMP-196
CASE-01239,finance_review,2024-03-09 12:11:20.520927+00:00,249356.95,escalation,2340.9,EMP-196
CASE-01239,paid,2024-03-12 09:27:17.474201+00:00,4170.74,escalation,2340.9,EMP-196
CASE-01240,submit,2024-02-27 22:46:52.958531+00:00,215.76,escalation,1700.74,EMP-025
CASE-01240,manager_approval,2024-02-27 22:50:28.715442+00:00,73175.68,escalation,1700.74,EMP-025
CASE-01240,finance_review,2024-02-28 19:10:04.394295+00:00,187266.53,escalation,1700.74,EMP-025
CASE-01240,paid,2024-03-01 23:11:10.925489+00:00,3255.16,escalation,1700.74,EMP-025
CASE-01241,submit,2023-10-12 13:02:51.183911+00:00,309.33,escalation,2578.56,EMP-184
CASE-01241,manager_approval,2023-10-12 13:08:00.510925+00:00,97974.86,escalation,2578.56,EMP-184
CASE-01241,finance_review,2023-10-13 16:20:55.369680+00:00,169762.19,escalation,2578.56,EMP-184
CASE-01241,paid,2023-10-15 15:30:17.564271+00:00,2549.4,escalation,2578.56,EMP-184
CASE-01242,submit,2023-11-26 03:51:15.630122+00:00,232.62,happy_path,3394.62,EMP-040
CASE-01242,manager_approval,2023-11-26 03:55:08.250162+00:00,146677.72,happy_path,3394.62,EMP-040
CASE-01242,finance_approval,2023-11-27 20:39:45.968404+00:00,51487.27,happy_path,3394.62,EMP-040
CASE-01242,paid,2023-11-28 10:57:53.239555+00:00,3642.01,happy_path,3394.62,EMP-040
CASE-01243,submit,2023-10-30 13:03:19.468384+00:00,352.95,escalation,617.81,EMP-001
CASE-01243,manager_approval,2023-10-30 13:09:12.415927+00:00,68477.66,escalation,617.81,EMP-001
CASE-01243,finance_review,2023-10-31 08:10:30.074641+00:00,173154.68,escalation,617.81,EMP-001
CASE-01243,paid,2023-11-02 08:16:24.750075+00:00,4020.87,escalation,617.81,EMP-001
CASE-01244,submit,2023-10-13 00:25:17.971529+00:00,344.06,happy_path,2553.73,EMP-101
CASE-01244,manager_approval,2023-10-13 00:31:02.030423+00:00,101638.06,happy_path,2553.73,EMP-101
CASE-01244,finance_approval,2023-10-14 04:45:00.091514+00:00,56460.89,happy_path,2553.73,EMP-101
CASE-01244,paid,2023-10-14 20:26:00.986330+00:00,3419.07,happy_path,2553.73,EMP-101
CASE-01245,submit,2024-02-02 15:18:15.592074+00:00,352.72,rejection_loop,2756.26,EMP-157
CASE-01245,manager_rejects,2024-02-02 15:24:08.313546+00:00,2957.08,rejection_loop,2756.26,EMP-157
CASE-01245,resubmit,2024-02-02 16:13:25.397298+00:00,4868.02,rejection_loop,2756.26,EMP-157
CASE-01245,manager_approval,2024-02-02 17:34:33.421977+00:00,99066.11,rejection_loop,2756.26,EMP-157
CASE-01245,paid,2024-02-03 21:05:39.529516+00:00,4262.23,rejection_loop,2756.26,EMP-157
CASE-01246,submit,2024-02-05 22:23:44.961778+00:00,401.68,escalation,895.34,EMP-190
CASE-01246,manager_approval,2024-02-05 22:30:26.646050+00:00,93986.72,escalation,895.34,EMP-190
CASE-01246,finance_review,2024-02-07 00:36:53.367593+00:00,219851.93,escalation,895.34,EMP-190
CASE-01246,paid,2024-02-09 13:41:05.294243+00:00,3498.63,escalation,895.34,EMP-190
CASE-01247,submit,2023-12-12 09:56:14.756314+00:00,326.7,escalation,1868.33,EMP-071
CASE-01247,manager_approval,2023-12-12 10:01:41.459952+00:00,83075.18,escalation,1868.33,EMP-071
CASE-01247,finance_review,2023-12-13 09:06:16.642483+00:00,153317.03,escalation,1868.33,EMP-071
CASE-01247,paid,2023-12-15 03:41:33.669625+00:00,2779.56,escalation,1868.33,EMP-071
CASE-01248,submit,2023-12-12 02:20:05.997123+00:00,331.47,happy_path,2312.56,EMP-145
CASE-01248,manager_approval,2023-12-12 02:25:37.470844+00:00,81424.45,happy_path,2312.56,EMP-145
CASE-01248,finance_approval,2023-12-13 01:02:41.921488+00:00,42280.91,happy_path,2312.56,EMP-145
CASE-01248,paid,2023-12-13 12:47:22.828938+00:00,2828.75,happy_path,2312.56,EMP-145
CASE-01249,submit,2024-03-24 07:16:51.559987+00:00,228.83,happy_path,4545.14,EMP-091
CASE-01249,manager_approval,2024-03-24 07:20:40.394563+00:00,52487.73,happy_path,4545.14,EMP-091
CASE-01249,finance_approval,2024-03-24 21:55:28.124482+00:00,45510.83,happy_path,4545.14,EMP-091
CASE-01249,paid,2024-03-25 10:33:58.949735+00:00,3171.53,happy_path,4545.14,EMP-091
CASE-01250,submit,2023-11-09 22:34:12.719959+00:00,467.37,happy_path,4286.41,EMP-129
CASE-01250,manager_approval,2023-11-09 22:42:00.085917+00:00,107969.87,happy_path,4286.41,EMP-129
CASE-01250,finance_approval,2023-11-11 04:41:29.957397+00:00,38150.22,happy_path,4286.41,EMP-129
CASE-01250,paid,2023-11-11 15:17:20.179968+00:00,3044.51,happy_path,4286.41,EMP-129
CASE-01251,submit,2023-12-03 01:44:14.826476+00:00,296.96,happy_path,3296.87,EMP-145
CASE-01251,manager_approval,2023-12-03 01:49:11.784257+00:00,78159.59,happy_path,3296.87,EMP-145
CASE-01251,finance_approval,2023-12-03 23:31:51.377950+00:00,30845.04,happy_path,3296.87,EMP-145
CASE-01251,paid,2023-12-04 08:05:56.422442+00:00,3329.65,happy_path,3296.87,EMP-145
CASE-01252,submit,2023-12-29 01:46:36.973083+00:00,400.15,happy_path,1999.95,EMP-166
CASE-01252,manager_approval,2023-12-29 01:53:17.118234+00:00,115062.35,happy_path,1999.95,EMP-166
CASE-01252,finance_approval,2023-12-30 09:50:59.468379+00:00,40909.75,happy_path,1999.95,EMP-166
CASE-01252,paid,2023-12-30 21:12:49.220184+00:00,4198.68,happy_path,1999.95,EMP-166
CASE-01253,submit,2023-10-26 07:06:10.469455+00:00,385.34,escalation,3311.58,EMP-067
CASE-01253,manager_approval,2023-10-26 07:12:35.807518+00:00,62240.09,escalation,3311.58,EMP-067
CASE-01253,finance_review,2023-10-27 00:29:55.902394+00:00,269008.83,escalation,3311.58,EMP-067
CASE-01253,paid,2023-10-30 03:13:24.729373+00:00,2878.75,escalation,3311.58,EMP-067
CASE-01254,submit,2023-10-31 15:39:22.295105+00:00,367.87,happy_path,272.4,EMP-188
CASE-01254,manager_approval,2023-10-31 15:45:30.169494+00:00,94810.32,happy_path,272.4,EMP-188
CASE-01254,finance_approval,2023-11-01 18:05:40.486487+00:00,45145.15,happy_path,272.4,EMP-188
CASE-01254,paid,2023-11-02 06:38:05.631745+00:00,4537.66,happy_path,272.4,EMP-188
CASE-01255,submit,2024-02-23 05:00:47.888326+00:00,272.59,rejection_loop,4907.58,EMP-188
CASE-01255,manager_rejects,2024-02-23 05:05:20.479700+00:00,4575.67,rejection_loop,4907.58,EMP-188
CASE-01255,resubmit,2024-02-23 06:21:36.149162+00:00,9483.17,rejection_loop,4907.58,EMP-188
CASE-01255,manager_approval,2024-02-23 08:59:39.315986+00:00,83491.38,rejection_loop,4907.58,EMP-188
CASE-01255,paid,2024-02-24 08:11:10.700668+00:00,2722.26,rejection_loop,4907.58,EMP-188
CASE-01256,submit,2024-01-21 03:25:25.169977+00:00,387.43,exception,4615.76,EMP-016
CASE-01256,missing_receipt,2024-01-21 03:31:52.602424+00:00,2182.85,exception,4615.76,EMP-016
CASE-01256,hold,2024-01-21 04:08:15.451401+00:00,390772.74,exception,4615.76,EMP-016
CASE-01256,resolved,2024-01-25 16:41:08.190700+00:00,4050.34,exception,4615.76,EMP-016
CASE-01256,paid,2024-01-25 17:48:38.527895+00:00,2247.22,exception,4615.76,EMP-016
CASE-01257,submit,2023-12-22 21:52:53.780233+00:00,228.64,exception,1639.74,EMP-179
CASE-01257,missing_receipt,2023-12-22 21:56:42.423184+00:00,2086.16,exception,1639.74,EMP-179
CASE-01257,hold,2023-12-22 22:31:28.586807+00:00,350596.42,exception,1639.74,EMP-179
CASE-01257,resolved,2023-12-26 23:54:45.004243+00:00,3228.66,exception,1639.74,EMP-179
CASE-01257,paid,2023-12-27 00:48:33.664268+00:00,3393.64,exception,1639.74,EMP-179
CASE-01258,submit,2023-11-08 05:09:09.525997+00:00,357.73,happy_path,3410.3,EMP-058
CASE-01258,manager_approval,2023-11-08 05:15:07.252485+00:00,120116.91,happy_path,3410.3,EMP-058
CASE-01258,finance_approval,2023-11-09 14:37:04.161854+00:00,44895.65,happy_path,3410.3,EMP-058
CASE-01258,paid,2023-11-10 03:05:19.816354+00:00,3051.33,happy_path,3410.3,EMP-058
CASE-01259,submit,2023-10-20 07:36:37.503786+00:00,332.31,escalation,3164.12,EMP-172
CASE-01259,manager_approval,2023-10-20 07:42:09.810956+00:00,88864.97,escalation,3164.12,EMP-172
CASE-01259,finance_review,2023-10-21 08:23:14.777807+00:00,247307.59,escalation,3164.12,EMP-172
CASE-01259,paid,2023-10-24 05:05:02.371348+00:00,3651.09,escalation,3164.12,EMP-172
CASE-01260,submit,2023-11-05 08:30:53.348166+00:00,283.44,escalation,4329.23,EMP-088
CASE-01260,manager_approval,2023-11-05 08:35:36.788807+00:00,39265.41,escalation,4329.23,EMP-088
CASE-01260,finance_review,2023-11-05 19:30:02.196937+00:00,141106.54,escalation,4329.23,EMP-088
CASE-01260,paid,2023-11-07 10:41:48.736285+00:00,2778.67,escalation,4329.23,EMP-088
CASE-01261,submit,2024-01-01 03:40:23.635941+00:00,220.18,rejection_loop,2873.33,EMP-122
CASE-01261,manager_rejects,2024-01-01 03:44:03.815644+00:00,4609.44,rejection_loop,2873.33,EMP-122
CASE-01261,resubmit,2024-01-01 05:00:53.259496+00:00,9158.79,rejection_loop,2873.33,EMP-122
CASE-01261,manager_approval,2024-01-01 07:33:32.047754+00:00,55468.34,rejection_loop,2873.33,EMP-122
CASE-01261,paid,2024-01-01 22:58:00.385246+00:00,2430.54,rejection_loop,2873.33,EMP-122
CASE-01262,submit,2024-02-20 19:54:48.181253+00:00,331.51,rejection_loop,2867.3,EMP-033
CASE-01262,manager_rejects,2024-02-20 20:00:19.686970+00:00,3510.31,rejection_loop,2867.3,EMP-033
CASE-01262,resubmit,2024-02-20 20:58:49.993964+00:00,8060.65,rejection_loop,2867.3,EMP-033
CASE-01262,manager_approval,2024-02-20 23:13:10.641105+00:00,89967.49,rejection_loop,2867.3,EMP-033
CASE-01262,paid,2024-02-22 00:12:38.134174+00:00,4811.75,rejection_loop,2867.3,EMP-033
CASE-01263,submit,2024-03-17 00:13:14.814320+00:00,299.19,happy_path,1158.91,EMP-075
CASE-01263,manager_approval,2024-03-17 00:18:14.002277+00:00,120069.02,happy_path,1158.91,EMP-075
CASE-01263,finance_approval,2024-03-18 09:39:23.022320+00:00,56475.36,happy_path,1158.91,EMP-075
CASE-01263,paid,2024-03-19 01:20:38.385130+00:00,4354.95,happy_path,1158.91,EMP-075
CASE-01264,submit,2023-11-15 10:50:27.924026+00:00,218.03,exception,420.15,EMP-148
CASE-01264,missing_receipt,2023-11-15 10:54:05.958838+00:00,1754.08,exception,420.15,EMP-148
CASE-01264,hold,2023-11-15 11:23:20.036486+00:00,213471.06,exception,420.15,EMP-148
CASE-01264,resolved,2023-11-17 22:41:11.097549+00:00,4370.23,exception,420.15,EMP-148
CASE-01264,paid,2023-11-17 23:54:01.326000+00:00,1780.47,exception,420.15,EMP-148
CASE-01265,submit,2024-01-28 13:57:44.079420+00:00,263.98,escalation,4687.79,EMP-068
CASE-01265,manager_approval,2024-01-28 14:02:08.058299+00:00,108532.57,escalation,4687.79,EMP-068
CASE-01265,finance_review,2024-01-29 20:11:00.626054+00:00,181901.55,escalation,4687.79,EMP-068
CASE-01265,paid,2024-01-31 22:42:42.172324+00:00,4176.23,escalation,4687.79,EMP-068
CASE-01266,submit,2023-12-01 07:54:41.811702+00:00,419.54,happy_path,1060.95,EMP-188
CASE-01266,manager_approval,2023-12-01 08:01:41.347100+00:00,88598.56,happy_path,1060.95,EMP-188
CASE-01266,finance_approval,2023-12-02 08:38:19.903736+00:00,27330.98,happy_path,1060.95,EMP-188
CASE-01266,paid,2023-12-02 16:13:50.881223+00:00,4570.35,happy_path,1060.95,EMP-188
CASE-01267,submit,2024-02-06 13:21:08.594506+00:00,326.71,rejection_loop,2841.09,EMP-157
CASE-01267,manager_rejects,2024-02-06 13:26:35.308409+00:00,3615.73,rejection_loop,2841.09,EMP-157
CASE-01267,resubmit,2024-02-06 14:26:51.038282+00:00,6719.3,rejection_loop,2841.09,EMP-157
CASE-01267,manager_approval,2024-02-06 16:18:50.341861+00:00,138881.09,rejection_loop,2841.09,EMP-157
CASE-01267,paid,2024-02-08 06:53:31.433499+00:00,3338.48,rejection_loop,2841.09,EMP-157
CASE-01268,submit,2024-03-10 18:04:49.788817+00:00,268.69,escalation,3081.54,EMP-021
CASE-01268,manager_approval,2024-03-10 18:09:18.474247+00:00,87912.64,escalation,3081.54,EMP-021
CASE-01268,finance_review,2024-03-11 18:34:31.111124+00:00,169422.18,escalation,3081.54,EMP-021
CASE-01268,paid,2024-03-13 17:38:13.291629+00:00,3184.0,escalation,3081.54,EMP-021
CASE-01269,submit,2023-12-19 16:08:50.037525+00:00,261.52,happy_path,1164.96,EMP-090
CASE-01269,manager_approval,2023-12-19 16:13:11.554245+00:00,126114.89,happy_path,1164.96,EMP-090
CASE-01269,finance_approval,2023-12-21 03:15:06.446162+00:00,44675.11,happy_path,1164.96,EMP-090
CASE-01269,paid,2023-12-21 15:39:41.556604+00:00,3566.58,happy_path,1164.96,EMP-090
CASE-01270,submit,2024-01-07 03:40:58.512010+00:00,358.02,happy_path,3879.39,EMP-051
CASE-01270,manager_approval,2024-01-07 03:46:56.530350+00:00,61247.33,happy_path,3879.39,EMP-051
CASE-01270,finance_approval,2024-01-07 20:47:43.864779+00:00,42507.86,happy_path,3879.39,EMP-051
CASE-01270,paid,2024-01-08 08:36:11.721582+00:00,2461.97,happy_path,3879.39,EMP-051
CASE-01271,submit,2023-10-25 13:01:31.945277+00:00,277.19,happy_path,3840.12,EMP-179
CASE-01271,manager_approval,2023-10-25 13:06:09.135840+00:00,60385.9,happy_path,3840.12,EMP-179
CASE-01271,finance_approval,2023-10-26 05:52:35.038012+00:00,45897.62,happy_path,3840.12,EMP-179
CASE-01271,paid,2023-10-26 18:37:32.662492+00:00,3899.49,happy_path,3840.12,EMP-179
CASE-01272,submit,2023-11-06 20:32:56.820078+00:00,280.9,escalation,4522.58,EMP-091
CASE-01272,manager_approval,2023-11-06 20:37:37.719803+00:00,89297.66,escalation,4522.58,EMP-091
CASE-01272,finance_review,2023-11-07 21:25:55.379010+00:00,179286.11,escalation,4522.58,EMP-091
CASE-01272,paid,2023-11-09 23:14:01.488351+00:00,4791.92,escalation,4522.58,EMP-091
CASE-01273,submit,2024-01-13 05:58:12.007982+00:00,310.38,happy_path,3750.0,EMP-138
CASE-01273,manager_approval,2024-01-13 06:03:22.387134+00:00,86187.04,happy_path,3750.0,EMP-138
CASE-01273,finance_approval,2024-01-14 05:59:49.424898+00:00,40716.85,happy_path,3750.0,EMP-138
CASE-01273,paid,2024-01-14 17:18:26.278352+00:00,1982.42,happy_path,3750.0,EMP-138
CASE-01274,submit,2023-11-22 20:48:52.642280+00:00,268.05,happy_path,677.24,EMP-047
CASE-01274,manager_approval,2023-11-22 20:53:20.689231+00:00,113387.8,happy_path,677.24,EMP-047
CASE-01274,finance_approval,2023-11-24 04:23:08.485029+00:00,62873.06,happy_path,677.24,EMP-047
CASE-01274,paid,2023-11-24 21:51:01.543845+00:00,1576.66,happy_path,677.24,EMP-047
CASE-01275,submit,2023-10-25 00:39:57.110916+00:00,340.33,happy_path,2019.2,EMP-169
CASE-01275,manager_approval,2023-10-25 00:45:37.443898+00:00,94006.75,happy_path,2019.2,EMP-169
CASE-01275,finance_approval,2023-10-26 02:52:24.191548+00:00,35099.05,happy_path,2019.2,EMP-169
CASE-01275,paid,2023-10-26 12:37:23.236559+00:00,3315.12,happy_path,2019.2,EMP-169
CASE-01276,submit,2023-12-21 20:06:02.658067+00:00,281.34,rejection_loop,1816.94,EMP-057
CASE-01276,manager_rejects,2023-12-21 20:10:43.999211+00:00,4142.54,rejection_loop,1816.94,EMP-057
CASE-01276,resubmit,2023-12-21 21:19:46.543515+00:00,3758.67,rejection_loop,1816.94,EMP-057
CASE-01276,manager_approval,2023-12-21 22:22:25.213053+00:00,72577.67,rejection_loop,1816.94,EMP-057
CASE-01276,paid,2023-12-22 18:32:02.884855+00:00,3669.25,rejection_loop,1816.94,EMP-057
CASE-01277,submit,2023-10-12 17:16:09.650570+00:00,426.76,happy_path,2730.02,EMP-027
CASE-01277,manager_approval,2023-10-12 17:23:16.412969+00:00,113777.17,happy_path,2730.02,EMP-027
CASE-01277,finance_approval,2023-10-14 00:59:33.585398+00:00,36606.97,happy_path,2730.02,EMP-027
CASE-01277,paid,2023-10-14 11:09:40.552035+00:00,3074.36,happy_path,2730.02,EMP-027
CASE-01278,submit,2023-11-13 11:54:54.732142+00:00,266.31,happy_path,728.8,EMP-134
CASE-01278,manager_approval,2023-11-13 11:59:21.040905+00:00,85644.77,happy_path,728.8,EMP-134
CASE-01278,finance_approval,2023-11-14 11:46:45.812284+00:00,38252.54,happy_path,728.8,EMP-134
CASE-01278,paid,2023-11-14 22:24:18.350998+00:00,2447.68,happy_path,728.8,EMP-134
CASE-01279,submit,2023-12-21 05:59:54.279159+00:00,379.38,happy_path,4890.65,EMP-179
CASE-01279,manager_approval,2023-12-21 06:06:13.662240+00:00,91157.46,happy_path,4890.65,EMP-179
CASE-01279,finance_approval,2023-12-22 07:25:31.118362+00:00,25463.11,happy_path,4890.65,EMP-179
CASE-01279,paid,2023-12-22 14:29:54.230666+00:00,5297.01,happy_path,4890.65,EMP-179
CASE-01280,submit,2024-02-28 21:24:45.483131+00:00,315.22,happy_path,2961.79,EMP-077
CASE-01280,manager_approval,2024-02-28 21:30:00.707624+00:00,101469.28,happy_path,2961.79,EMP-077
CASE-01280,finance_approval,2024-03-01 01:41:09.991891+00:00,46149.11,happy_path,2961.79,EMP-077
CASE-01280,paid,2024-03-01 14:30:19.096918+00:00,2787.91,happy_path,2961.79,EMP-077
CASE-01281,submit,2023-11-12 09:37:02.316834+00:00,255.36,rejection_loop,1954.08,EMP-012
CASE-01281,manager_rejects,2023-11-12 09:41:17.673247+00:00,2960.16,rejection_loop,1954.08,EMP-012
CASE-01281,resubmit,2023-11-12 10:30:37.832953+00:00,9017.89,rejection_loop,1954.08,EMP-012
CASE-01281,manager_approval,2023-11-12 13:00:55.719137+00:00,55313.95,rejection_loop,1954.08,EMP-012
CASE-01281,paid,2023-11-13 04:22:49.671427+00:00,3331.83,rejection_loop,1954.08,EMP-012
CASE-01282,submit,2024-03-14 19:25:59.851038+00:00,301.53,happy_path,3826.83,EMP-007
CASE-01282,manager_approval,2024-03-14 19:31:01.379192+00:00,66852.83,happy_path,3826.83,EMP-007
CASE-01282,finance_approval,2024-03-15 14:05:14.212108+00:00,45849.83,happy_path,3826.83,EMP-007
CASE-01282,paid,2024-03-16 02:49:24.041268+00:00,2980.62,happy_path,3826.83,EMP-007
CASE-01283,submit,2023-12-03 08:52:47.075141+00:00,330.57,rejection_loop,1121.89,EMP-008
CASE-01283,manager_rejects,2023-12-03 08:58:17.649942+00:00,3037.5,rejection_loop,1121.89,EMP-008
CASE-01283,resubmit,2023-12-03 09:48:55.145795+00:00,4586.68,rejection_loop,1121.89,EMP-008
CASE-01283,manager_approval,2023-12-03 11:05:21.824335+00:00,101751.02,rejection_loop,1121.89,EMP-008
CASE-01283,paid,2023-12-04 15:21:12.843492+00:00,3571.75,rejection_loop,1121.89,EMP-008
CASE-01284,submit,2024-03-18 20:16:55.368055+00:00,279.51,happy_path,1971.15,EMP-185
CASE-01284,manager_approval,2024-03-18 20:21:34.876111+00:00,70975.67,happy_path,1971.15,EMP-185
CASE-01284,finance_approval,2024-03-19 16:04:30.542365+00:00,64664.09,happy_path,1971.15,EMP-185
CASE-01284,paid,2024-03-20 10:02:14.629429+00:00,2677.36,happy_path,1971.15,EMP-185
CASE-01285,submit,2023-11-01 06:12:40.019280+00:00,286.35,rejection_loop,3856.61,EMP-067
CASE-01285,manager_rejects,2023-11-01 06:17:26.367075+00:00,2870.79,rejection_loop,3856.61,EMP-067
CASE-01285,resubmit,2023-11-01 07:05:17.152707+00:00,9221.19,rejection_loop,3856.61,EMP-067
CASE-01285,manager_approval,2023-11-01 09:38:58.343420+00:00,96624.17,rejection_loop,3856.61,EMP-067
CASE-01285,paid,2023-11-02 12:29:22.510883+00:00,3381.79,rejection_loop,3856.61,EMP-067
CASE-01286,submit,2023-10-18 09:31:09.361358+00:00,300.03,happy_path,4007.97,EMP-071
CASE-01286,manager_approval,2023-10-18 09:36:09.393141+00:00,113424.08,happy_path,4007.97,EMP-071
CASE-01286,finance_approval,2023-10-19 17:06:33.473703+00:00,39429.74,happy_path,4007.97,EMP-071
CASE-01286,paid,2023-10-20 04:03:43.213482+00:00,4368.71,happy_path,4007.97,EMP-071
CASE-01287,submit,2023-11-17 02:13:02.473435+00:00,241.0,escalation,1840.39,EMP-169
CASE-01287,manager_approval,2023-11-17 02:17:03.468928+00:00,55960.81,escalation,1840.39,EMP-169
CASE-01287,finance_review,2023-11-17 17:49:44.281844+00:00,209678.48,escalation,1840.39,EMP-169
CASE-01287,paid,2023-11-20 04:04:22.764983+00:00,3659.69,escalation,1840.39,EMP-169
CASE-01288,submit,2023-12-21 21:15:12.680169+00:00,307.96,escalation,4188.2,EMP-046
CASE-01288,manager_approval,2023-12-21 21:20:20.642699+00:00,86712.21,escalation,4188.2,EMP-046
CASE-01288,finance_review,2023-12-22 21:25:32.855742+00:00,212426.78,escalation,4188.2,EMP-046
CASE-01288,paid,2023-12-25 08:25:59.631181+00:00,3795.48,escalation,4188.2,EMP-046
CASE-01289,submit,2023-10-13 13:05:11.369055+00:00,344.75,escalation,2805.21,EMP-105
CASE-01289,manager_approval,2023-10-13 13:10:56.115903+00:00,79885.16,escalation,2805.21,EMP-105
CASE-01289,finance_review,2023-10-14 11:22:21.278940+00:00,143949.18,escalation,2805.21,EMP-105
CASE-01289,paid,2023-10-16 03:21:30.459196+00:00,3100.67,escalation,2805.21,EMP-105
CASE-01290,submit,2024-02-21 14:41:53.732196+00:00,295.8,happy_path,940.03,EMP-197
CASE-01290,manager_approval,2024-02-21 14:46:49.530747+00:00,111600.9,happy_path,940.03,EMP-197
CASE-01290,finance_approval,2024-02-22 21:46:50.435619+00:00,43830.51,happy_path,940.03,EMP-197
CASE-01290,paid,2024-02-23 09:57:20.947731+00:00,4151.76,happy_path,940.03,EMP-197
CASE-01291,submit,2023-10-23 14:24:32.946772+00:00,388.48,rejection_loop,3297.09,EMP-060
CASE-01291,manager_rejects,2023-10-23 14:31:01.422549+00:00,3818.31,rejection_loop,3297.09,EMP-060
CASE-01291,resubmit,2023-10-23 15:34:39.733055+00:00,8717.61,rejection_loop,3297.09,EMP-060
CASE-01291,manager_approval,2023-10-23 17:59:57.341987+00:00,64546.22,rejection_loop,3297.09,EMP-060
CASE-01291,paid,2023-10-24 11:55:43.563067+00:00,4981.3,rejection_loop,3297.09,EMP-060
CASE-01292,submit,2024-03-26 13:13:10.769081+00:00,324.85,happy_path,3587.02,EMP-067
CASE-01292,manager_approval,2024-03-26 13:18:35.622970+00:00,127890.37,happy_path,3587.02,EMP-067
CASE-01292,finance_approval,2024-03-28 00:50:05.991716+00:00,44605.43,happy_path,3587.02,EMP-067
CASE-01292,paid,2024-03-28 13:13:31.424443+00:00,4256.28,happy_path,3587.02,EMP-067
CASE-01293,submit,2023-10-16 22:42:35.628007+00:00,239.31,happy_path,1211.75,EMP-028
CASE-01293,manager_approval,2023-10-16 22:46:34.934622+00:00,62155.26,happy_path,1211.75,EMP-028
CASE-01293,finance_approval,2023-10-17 16:02:30.193137+00:00,46177.84,happy_path,1211.75,EMP-028
CASE-01293,paid,2023-10-18 04:52:08.029929+00:00,3665.31,happy_path,1211.75,EMP-028
CASE-01294,submit,2023-10-15 20:25:06.645860+00:00,353.1,happy_path,4122.33,EMP-107
CASE-01294,manager_approval,2023-10-15 20:30:59.743613+00:00,70625.08,happy_path,4122.33,EMP-107
CASE-01294,finance_approval,2023-10-16 16:08:04.820112+00:00,45818.13,happy_path,4122.33,EMP-107
CASE-01294,paid,2023-10-17 04:51:42.950785+00:00,4815.21,happy_path,4122.33,EMP-107
CASE-01295,submit,2023-12-09 10:46:17.126206+00:00,312.67,happy_path,4876.74,EMP-167
CASE-01295,manager_approval,2023-12-09 10:51:29.798209+00:00,103261.58,happy_path,4876.74,EMP-167
CASE-01295,finance_approval,2023-12-10 15:32:31.373352+00:00,41075.36,happy_path,4876.74,EMP-167
CASE-01295,paid,2023-12-11 02:57:06.728598+00:00,4446.16,happy_path,4876.74,EMP-167
CASE-01296,submit,2023-10-07 14:18:44.771983+00:00,311.19,happy_path,792.81,EMP-152
CASE-01296,manager_approval,2023-10-07 14:23:55.958598+00:00,56011.7,happy_path,792.81,EMP-152
CASE-01296,finance_approval,2023-10-08 05:57:27.653807+00:00,34922.8,happy_path,792.81,EMP-152
CASE-01296,paid,2023-10-08 15:39:30.457893+00:00,2035.38,happy_path,792.81,EMP-152
CASE-01297,submit,2024-03-20 04:32:24.326026+00:00,292.91,escalation,2928.36,EMP-089
CASE-01297,manager_approval,2024-03-20 04:37:17.239509+00:00,65726.33,escalation,2928.36,EMP-089
CASE-01297,finance_review,2024-03-20 22:52:43.568875+00:00,212198.92,escalation,2928.36,EMP-089
CASE-01297,paid,2024-03-23 09:49:22.488139+00:00,3317.03,escalation,2928.36,EMP-089
CASE-01298,submit,2024-03-23 13:15:38.599172+00:00,271.45,rejection_loop,3263.6,EMP-020
CASE-01298,manager_rejects,2024-03-23 13:20:10.052892+00:00,4373.7,rejection_loop,3263.6,EMP-020
CASE-01298,resubmit,2024-03-23 14:33:03.748398+00:00,7087.9,rejection_loop,3263.6,EMP-020
CASE-01298,manager_approval,2024-03-23 16:31:11.649216+00:00,116869.65,rejection_loop,3263.6,EMP-020
CASE-01298,paid,2024-03-25 00:59:01.302407+00:00,3582.55,rejection_loop,3263.6,EMP-020
CASE-01299,submit,2024-03-03 13:36:38.681484+00:00,280.8,rejection_loop,2717.89,EMP-032
CASE-01299,manager_rejects,2024-03-03 13:41:19.479319+00:00,3566.17,rejection_loop,2717.89,EMP-032
CASE-01299,resubmit,2024-03-03 14:40:45.647316+00:00,5038.44,rejection_loop,2717.89,EMP-032
CASE-01299,manager_approval,2024-03-03 16:04:44.092259+00:00,90955.72,rejection_loop,2717.89,EMP-032
CASE-01299,paid,2024-03-04 17:20:39.809873+00:00,2935.63,rejection_loop,2717.89,EMP-032
CASE-01300,submit,2023-12-01 03:55:01.393159+00:00,317.21,rejection_loop,1500.67,EMP-063
CASE-01300,manager_rejects,2023-12-01 04:00:18.602535+00:00,4100.85,rejection_loop,1500.67,EMP-063
CASE-01300,resubmit,2023-12-01 05:08:39.453755+00:00,2475.41,rejection_loop,1500.67,EMP-063
CASE-01300,manager_approval,2023-12-01 05:49:54.864647+00:00,88649.75,rejection_loop,1500.67,EMP-063
CASE-01300,paid,2023-12-02 06:27:24.616235+00:00,4376.97,rejection_loop,1500.67,EMP-063
CASE-01301,submit,2024-02-11 21:41:19.630804+00:00,341.51,exception,3480.71,EMP-114
CASE-01301,missing_receipt,2024-02-11 21:47:01.144376+00:00,1605.64,exception,3480.71,EMP-114
CASE-01301,hold,2024-02-11 22:13:46.781014+00:00,197888.13,exception,3480.71,EMP-114
CASE-01301,resolved,2024-02-14 05:11:54.910871+00:00,4170.92,exception,3480.71,EMP-114
CASE-01301,paid,2024-02-14 06:21:25.833624+00:00,4726.07,exception,3480.71,EMP-114
CASE-01302,submit,2023-11-13 08:34:38.895545+00:00,255.37,escalation,2272.39,EMP-108
CASE-01302,manager_approval,2023-11-13 08:38:54.265945+00:00,116234.03,escalation,2272.39,EMP-108
CASE-01302,finance_review,2023-11-14 16:56:08.297021+00:00,60654.36,escalation,2272.39,EMP-108
CASE-01302,paid,2023-11-15 09:47:02.654130+00:00,4202.5,escalation,2272.39,EMP-108
CASE-01303,submit,2023-10-27 20:45:55.673860+00:00,279.76,exception,3386.82,EMP-171
CASE-01303,missing_receipt,2023-10-27 20:50:35.435437+00:00,1784.08,exception,3386.82,EMP-171
CASE-01303,hold,2023-10-27 21:20:19.513573+00:00,330101.14,exception,3386.82,EMP-171
CASE-01303,resolved,2023-10-31 17:02:00.648809+00:00,3503.39,exception,3386.82,EMP-171
CASE-01303,paid,2023-10-31 18:00:24.039728+00:00,3941.66,exception,3386.82,EMP-171
CASE-01304,submit,2023-12-30 22:56:42.044739+00:00,329.31,happy_path,4917.08,EMP-148
CASE-01304,manager_approval,2023-12-30 23:02:11.354444+00:00,76669.79,happy_path,4917.08,EMP-148
CASE-01304,finance_approval,2023-12-31 20:20:01.140487+00:00,46576.7,happy_path,4917.08,EMP-148
CASE-01304,paid,2024-01-01 09:16:17.840859+00:00,4495.75,happy_path,4917.08,EMP-148
CASE-01305,submit,2024-01-10 19:46:49.170659+00:00,389.51,happy_path,2122.2,EMP-196
CASE-01305,manager_approval,2024-01-10 19:53:18.678287+00:00,71268.07,happy_path,2122.2,EMP-196
CASE-01305,finance_approval,2024-01-11 15:41:06.745926+00:00,44528.8,happy_path,2122.2,EMP-196
CASE-01305,paid,2024-01-12 04:03:15.546081+00:00,3769.04,happy_path,2122.2,EMP-196
CASE-01306,submit,2023-10-26 19:52:18.845882+00:00,390.06,happy_path,3465.73,EMP-019
CASE-01306,manager_approval,2023-10-26 19:58:48.908361+00:00,50488.09,happy_path,3465.73,EMP-019
CASE-01306,finance_approval,2023-10-27 10:00:16.998404+00:00,48752.88,happy_path,3465.73,EMP-019
CASE-01306,paid,2023-10-27 23:32:49.880232+00:00,3123.55,happy_path,3465.73,EMP-019
CASE-01307,submit,2023-11-24 19:27:10.699885+00:00,241.91,happy_path,2806.86,EMP-183
CASE-01307,manager_approval,2023-11-24 19:31:12.610256+00:00,120861.01,happy_path,2806.86,EMP-183
CASE-01307,finance_approval,2023-11-26 05:05:33.621947+00:00,38091.63,happy_path,2806.86,EMP-183
CASE-01307,paid,2023-11-26 15:40:25.252839+00:00,4654.76,happy_path,2806.86,EMP-183
CASE-01308,submit,2024-02-12 23:23:35.477055+00:00,259.87,happy_path,3624.79,EMP-019
CASE-01308,manager_approval,2024-02-12 23:27:55.346685+00:00,105035.12,happy_path,3624.79,EMP-019
CASE-01308,finance_approval,2024-02-14 04:38:30.461923+00:00,36585.1,happy_path,3624.79,EMP-019
CASE-01308,paid,2024-02-14 14:48:15.559563+00:00,4132.98,happy_path,3624.79,EMP-019
CASE-01309,submit,2024-02-06 00:29:28.144087+00:00,290.01,rejection_loop,1481.99,EMP-123
CASE-01309,manager_rejects,2024-02-06 00:34:18.150741+00:00,2642.84,rejection_loop,1481.99,EMP-123
CASE-01309,resubmit,2024-02-06 01:18:20.995710+00:00,4380.04,rejection_loop,1481.99,EMP-123
CASE-01309,manager_approval,2024-02-06 02:31:21.037518+00:00,65056.36,rejection_loop,1481.99,EMP-123
CASE-01309,paid,2024-02-06 20:35:37.395053+00:00,3083.61,rejection_loop,1481.99,EMP-123
CASE-01310,submit,2024-01-27 21:25:42.829135+00:00,297.97,happy_path,2985.59,EMP-173
CASE-01310,manager_approval,2024-01-27 21:30:40.799144+00:00,69543.44,happy_path,2985.59,EMP-173
CASE-01310,finance_approval,2024-01-28 16:49:44.242248+00:00,48518.16,happy_path,2985.59,EMP-173
CASE-01310,paid,2024-01-29 06:18:22.400824+00:00,2403.1,happy_path,2985.59,EMP-173
CASE-01311,submit,2023-12-30 19:01:39.994512+00:00,295.65,exception,529.65,EMP-077
CASE-01311,missing_receipt,2023-12-30 19:06:35.644865+00:00,2145.73,exception,529.65,EMP-077
CASE-01311,hold,2023-12-30 19:42:21.376441+00:00,290372.38,exception,529.65,EMP-077
CASE-01311,resolved,2024-01-03 04:21:53.760211+00:00,2894.09,exception,529.65,EMP-077
CASE-01311,paid,2024-01-03 05:10:07.846278+00:00,3430.97,exception,529.65,EMP-077
CASE-01312,submit,2023-11-29 08:15:29.737961+00:00,314.5,exception,1462.02,EMP-099
CASE-01312,missing_receipt,2023-11-29 08:20:44.240706+00:00,1950.2,exception,1462.02,EMP-099
CASE-01312,hold,2023-11-29 08:53:14.441151+00:00,314269.41,exception,1462.02,EMP-099
CASE-01312,resolved,2023-12-03 00:11:03.847754+00:00,2700.6,exception,1462.02,EMP-099
CASE-01312,paid,2023-12-03 00:56:04.452273+00:00,4217.66,exception,1462.02,EMP-099
CASE-01313,submit,2023-11-28 14:04:01.678987+00:00,297.2,escalation,2896.93,EMP-158
CASE-01313,manager_approval,2023-11-28 14:08:58.881850+00:00,78936.89,escalation,2896.93,EMP-158
CASE-01313,finance_review,2023-11-29 12:04:35.770605+00:00,194081.72,escalation,2896.93,EMP-158
CASE-01313,paid,2023-12-01 17:59:17.489153+00:00,3355.2,escalation,2896.93,EMP-158
CASE-01314,submit,2024-03-28 23:38:24.290342+00:00,367.34,happy_path,888.14,EMP-067
CASE-01314,manager_approval,2024-03-28 23:44:31.628275+00:00,87470.1,happy_path,888.14,EMP-067
CASE-01314,finance_approval,2024-03-30 00:02:21.733018+00:00,26836.49,happy_path,888.14,EMP-067
CASE-01314,paid,2024-03-30 07:29:38.220887+00:00,3351.27,happy_path,888.14,EMP-067
CASE-01315,submit,2023-11-02 09:26:32.818187+00:00,271.38,happy_path,4202.01,EMP-194
CASE-01315,manager_approval,2023-11-02 09:31:04.193774+00:00,81386.84,happy_path,4202.01,EMP-194
CASE-01315,finance_approval,2023-11-03 08:07:31.034761+00:00,42011.52,happy_path,4202.01,EMP-194
CASE-01315,paid,2023-11-03 19:47:42.559175+00:00,4464.56,happy_path,4202.01,EMP-194
CASE-01316,submit,2023-12-08 12:24:54.770128+00:00,252.71,happy_path,2467.41,EMP-007
CASE-01316,manager_approval,2023-12-08 12:29:07.479921+00:00,75967.04,happy_path,2467.41,EMP-007
CASE-01316,finance_approval,2023-12-09 09:35:14.517791+00:00,60352.19,happy_path,2467.41,EMP-007
CASE-01316,paid,2023-12-10 02:21:06.707267+00:00,2725.89,happy_path,2467.41,EMP-007
CASE-01317,submit,2024-02-08 22:12:14.139364+00:00,329.0,happy_path,2296.55,EMP-029
CASE-01317,manager_approval,2024-02-08 22:17:43.141745+00:00,95941.14,happy_path,2296.55,EMP-029
CASE-01317,finance_approval,2024-02-10 00:56:44.280687+00:00,41430.27,happy_path,2296.55,EMP-029
CASE-01317,paid,2024-02-10 12:27:14.549103+00:00,4403.83,happy_path,2296.55,EMP-029
CASE-01318,submit,2024-02-11 16:39:27.965936+00:00,255.03,happy_path,727.25,EMP-072
CASE-01318,manager_approval,2024-02-11 16:43:42.994417+00:00,101415.75,happy_path,727.25,EMP-072
CASE-01318,finance_approval,2024-02-12 20:53:58.744403+00:00,47695.14,happy_path,727.25,EMP-072
CASE-01318,paid,2024-02-13 10:08:53.886761+00:00,5004.95,happy_path,727.25,EMP-072
CASE-01319,submit,2023-12-02 08:39:23.575694+00:00,350.78,rejection_loop,1669.22,EMP-130
CASE-01319,manager_rejects,2023-12-02 08:45:14.355022+00:00,2662.96,rejection_loop,1669.22,EMP-130
CASE-01319,resubmit,2023-12-02 09:29:37.319837+00:00,8046.2,rejection_loop,1669.22,EMP-130
CASE-01319,manager_approval,2023-12-02 11:43:43.523840+00:00,82414.53,rejection_loop,1669.22,EMP-130
CASE-01319,paid,2023-12-03 10:37:18.058662+00:00,3288.35,rejection_loop,1669.22,EMP-130
CASE-01320,submit,2023-12-20 00:11:28.813213+00:00,397.2,escalation,4466.75,EMP-010
CASE-01320,manager_approval,2023-12-20 00:18:06.011291+00:00,70565.87,escalation,4466.75,EMP-010
CASE-01320,finance_review,2023-12-20 19:54:11.879320+00:00,138669.58,escalation,4466.75,EMP-010
CASE-01320,paid,2023-12-22 10:25:21.455137+00:00,5174.09,escalation,4466.75,EMP-010
CASE-01321,submit,2024-03-21 20:28:06.938373+00:00,268.58,escalation,4393.99,EMP-010
CASE-01321,manager_approval,2024-03-21 20:32:35.523063+00:00,74760.99,escalation,4393.99,EMP-010
CASE-01321,finance_review,2024-03-22 17:18:36.508084+00:00,97765.64,escalation,4393.99,EMP-010
CASE-01321,paid,2024-03-23 20:28:02.148420+00:00,2657.62,escalation,4393.99,EMP-010
CASE-01322,submit,2023-10-30 06:11:27.670677+00:00,338.12,happy_path,1018.61,EMP-121
CASE-01322,manager_approval,2023-10-30 06:17:05.788767+00:00,54060.47,happy_path,1018.61,EMP-121
CASE-01322,finance_approval,2023-10-30 21:18:06.256396+00:00,42225.57,happy_path,1018.61,EMP-121
CASE-01322,paid,2023-10-31 09:01:51.826874+00:00,4186.32,happy_path,1018.61,EMP-121
CASE-01323,submit,2024-02-14 21:36:23.825325+00:00,322.39,rejection_loop,4756.62,EMP-186
CASE-01323,manager_rejects,2024-02-14 21:41:46.211363+00:00,3604.5,rejection_loop,4756.62,EMP-186
CASE-01323,resubmit,2024-02-14 22:41:50.709728+00:00,6049.04,rejection_loop,4756.62,EMP-186
CASE-01323,manager_approval,2024-02-15 00:22:39.747239+00:00,81157.52,rejection_loop,4756.62,EMP-186
CASE-01323,paid,2024-02-15 22:55:17.264545+00:00,4008.82,rejection_loop,4756.62,EMP-186
CASE-01324,submit,2023-11-14 05:58:19.917204+00:00,356.18,happy_path,1932.44,EMP-150
CASE-01324,manager_approval,2023-11-14 06:04:16.099156+00:00,70963.84,happy_path,1932.44,EMP-150
CASE-01324,finance_approval,2023-11-15 01:46:59.942833+00:00,50404.69,happy_path,1932.44,EMP-150
CASE-01324,paid,2023-11-15 15:47:04.630549+00:00,5370.24,happy_path,1932.44,EMP-150
CASE-01325,submit,2023-12-29 07:27:32.349054+00:00,265.18,rejection_loop,4381.44,EMP-172
CASE-01325,manager_rejects,2023-12-29 07:31:57.527001+00:00,3773.35,rejection_loop,4381.44,EMP-172
CASE-01325,resubmit,2023-12-29 08:34:50.872359+00:00,5480.66,rejection_loop,4381.44,EMP-172
CASE-01325,manager_approval,2023-12-29 10:06:11.534523+00:00,70978.61,rejection_loop,4381.44,EMP-172
CASE-01325,paid,2023-12-30 05:49:10.147988+00:00,4405.9,rejection_loop,4381.44,EMP-172
CASE-01326,submit,2024-02-17 12:12:22.292789+00:00,242.83,happy_path,606.22,EMP-194
CASE-01326,manager_approval,2024-02-17 12:16:25.127469+00:00,97782.14,happy_path,606.22,EMP-194
CASE-01326,finance_approval,2024-02-18 15:26:07.267558+00:00,43323.89,happy_path,606.22,EMP-194
CASE-01326,paid,2024-02-19 03:28:11.155142+00:00,4546.5,happy_path,606.22,EMP-194
CASE-01327,submit,2023-10-23 10:28:36.435176+00:00,269.34,happy_path,4783.76,EMP-170
CASE-01327,manager_approval,2023-10-23 10:33:05.778681+00:00,54513.32,happy_path,4783.76,EMP-170
CASE-01327,finance_approval,2023-10-24 01:41:39.097658+00:00,44427.4,happy_path,4783.76,EMP-170
CASE-01327,paid,2023-10-24 14:02:06.495722+00:00,2576.52,happy_path,4783.76,EMP-170
CASE-01328,submit,2024-02-03 16:47:55.473724+00:00,346.6,rejection_loop,2471.41,EMP-106
CASE-01328,manager_rejects,2024-02-03 16:53:42.077656+00:00,3685.76,rejection_loop,2471.41,EMP-106
CASE-01328,resubmit,2024-02-03 17:55:07.834850+00:00,7963.9,rejection_loop,2471.41,EMP-106
CASE-01328,manager_approval,2024-02-03 20:07:51.730185+00:00,127538.55,rejection_loop,2471.41,EMP-106
CASE-01328,paid,2024-02-05 07:33:30.277463+00:00,2627.12,rejection_loop,2471.41,EMP-106
CASE-01329,submit,2023-12-12 10:45:16.780946+00:00,341.73,happy_path,3391.2,EMP-106
CASE-01329,manager_approval,2023-12-12 10:50:58.511944+00:00,66047.49,happy_path,3391.2,EMP-106
CASE-01329,finance_approval,2023-12-13 05:11:46.005809+00:00,45790.28,happy_path,3391.2,EMP-106
CASE-01329,paid,2023-12-13 17:54:56.281066+00:00,4206.27,happy_path,3391.2,EMP-106
CASE-01330,submit,2023-11-27 12:45:57.621944+00:00,275.19,rejection_loop,1732.22,EMP-012
CASE-01330,manager_rejects,2023-11-27 12:50:32.807955+00:00,2940.05,rejection_loop,1732.22,EMP-012
CASE-01330,resubmit,2023-11-27 13:39:32.855511+00:00,8459.75,rejection_loop,1732.22,EMP-012
CASE-01330,manager_approval,2023-11-27 16:00:32.602198+00:00,93750.13,rejection_loop,1732.22,EMP-012
CASE-01330,paid,2023-11-28 18:03:02.732681+00:00,4129.44,rejection_loop,1732.22,EMP-012
CASE-01331,submit,2024-01-20 22:26:45.778462+00:00,351.44,escalation,4742.0,EMP-158
CASE-01331,manager_approval,2024-01-20 22:32:37.215480+00:00,105925.14,escalation,4742.0,EMP-158
CASE-01331,finance_review,2024-01-22 03:58:02.360047+00:00,181293.52,escalation,4742.0,EMP-158
CASE-01331,paid,2024-01-24 06:19:35.881985+00:00,3542.85,escalation,4742.0,EMP-158
CASE-01332,submit,2024-03-15 04:49:38.636125+00:00,308.04,happy_path,3913.15,EMP-086
CASE-01332,manager_approval,2024-03-15 04:54:46.677260+00:00,59146.66,happy_path,3913.15,EMP-086
CASE-01332,finance_approval,2024-03-15 21:20:33.340597+00:00,38303.02,happy_path,3913.15,EMP-086
CASE-01332,paid,2024-03-16 07:58:56.357558+00:00,2700.12,happy_path,3913.15,EMP-086
CASE-01333,submit,2024-03-01 20:48:14.062602+00:00,224.39,happy_path,1032.28,EMP-041
CASE-01333,manager_approval,2024-03-01 20:51:58.454150+00:00,107369.46,happy_path,1032.28,EMP-041
CASE-01333,finance_approval,2024-03-03 02:41:27.913783+00:00,42132.71,happy_path,1032.28,EMP-041
CASE-01333,paid,2024-03-03 14:23:40.624281+00:00,4117.07,happy_path,1032.28,EMP-041
CASE-01334,submit,2024-02-12 00:00:15.802782+00:00,315.12,happy_path,2096.31,EMP-142
CASE-01334,manager_approval,2024-02-12 00:05:30.925842+00:00,84244.99,happy_path,2096.31,EMP-142
CASE-01334,finance_approval,2024-02-12 23:29:35.920190+00:00,60161.88,happy_path,2096.31,EMP-142
CASE-01334,paid,2024-02-13 16:12:17.798732+00:00,3868.23,happy_path,2096.31,EMP-142
CASE-01335,submit,2023-10-10 14:40:18.930405+00:00,297.26,happy_path,2019.79,EMP-125
CASE-01335,manager_approval,2023-10-10 14:45:16.186491+00:00,91082.51,happy_path,2019.79,EMP-125
CASE-01335,finance_approval,2023-10-11 16:03:18.694999+00:00,35755.34,happy_path,2019.79,EMP-125
CASE-01335,paid,2023-10-12 01:59:14.035617+00:00,2589.42,happy_path,2019.79,EMP-125
CASE-01336,submit,2024-01-28 22:47:31.710979+00:00,366.93,happy_path,3762.08,EMP-097
CASE-01336,manager_approval,2024-01-28 22:53:38.637448+00:00,112445.57,happy_path,3762.08,EMP-097
CASE-01336,finance_approval,2024-01-30 06:07:44.212362+00:00,42819.86,happy_path,3762.08,EMP-097
CASE-01336,paid,2024-01-30 18:01:24.071302+00:00,3976.17,happy_path,3762.08,EMP-097
CASE-01337,submit,2024-02-11 20:59:59.108285+00:00,398.07,happy_path,3624.46,EMP-196
CASE-01337,manager_approval,2024-02-11 21:06:37.173922+00:00,90894.64,happy_path,3624.46,EMP-196
CASE-01337,finance_approval,2024-02-12 22:21:31.809249+00:00,27609.36,happy_path,3624.46,EMP-196
CASE-01337,paid,2024-02-13 06:01:41.168875+00:00,3077.4,happy_path,3624.46,EMP-196
CASE-01338,submit,2023-11-06 23:18:26.015323+00:00,259.12,happy_path,2961.57,EMP-101
CASE-01338,manager_approval,2023-11-06 23:22:45.137804+00:00,74882.41,happy_path,2961.57,EMP-101
CASE-01338,finance_approval,2023-11-07 20:10:47.543331+00:00,39344.15,happy_path,2961.57,EMP-101
CASE-01338,paid,2023-11-08 07:06:31.690529+00:00,4564.95,happy_path,2961.57,EMP-101
CASE-01339,submit,2023-10-20 22:36:51.209401+00:00,377.16,happy_path,1406.55,EMP-052
CASE-01339,manager_approval,2023-10-20 22:43:08.368156+00:00,80967.69,happy_path,1406.55,EMP-052
CASE-01339,finance_approval,2023-10-21 21:12:36.054950+00:00,37752.44,happy_path,1406.55,EMP-052
CASE-01339,paid,2023-10-22 07:41:48.496330+00:00,4267.55,happy_path,1406.55,EMP-052
CASE-01340,submit,2023-12-29 00:04:11.721151+00:00,361.95,happy_path,2061.34,EMP-072
CASE-01340,manager_approval,2023-12-29 00:10:13.666340+00:00,71784.69,happy_path,2061.34,EMP-072
CASE-01340,finance_approval,2023-12-29 20:06:38.352270+00:00,43245.4,happy_path,2061.34,EMP-072
CASE-01340,paid,2023-12-30 08:07:23.747741+00:00,3767.62,happy_path,2061.34,EMP-072
CASE-01341,submit,2024-02-17 06:51:56.355905+00:00,285.47,happy_path,1998.54,EMP-096
CASE-01341,manager_approval,2024-02-17 06:56:41.824498+00:00,63284.06,happy_path,1998.54,EMP-096
CASE-01341,finance_approval,2024-02-18 00:31:25.879669+00:00,41773.1,happy_path,1998.54,EMP-096
CASE-01341,paid,2024-02-18 12:07:38.976296+00:00,3505.02,happy_path,1998.54,EMP-096
CASE-01342,submit,2024-01-12 08:49:19.619558+00:00,266.36,rejection_loop,2263.07,EMP-123
CASE-01342,manager_rejects,2024-01-12 08:53:45.977517+00:00,3178.35,rejection_loop,2263.07,EMP-123
CASE-01342,resubmit,2024-01-12 09:46:44.329377+00:00,8998.75,rejection_loop,2263.07,EMP-123
CASE-01342,manager_approval,2024-01-12 12:16:43.080811+00:00,31561.38,rejection_loop,2263.07,EMP-123
CASE-01342,paid,2024-01-12 21:02:44.458485+00:00,4052.56,rejection_loop,2263.07,EMP-123
CASE-01343,submit,2023-10-18 02:23:58.270065+00:00,320.61,rejection_loop,2474.57,EMP-064
CASE-01343,manager_rejects,2023-10-18 02:29:18.882000+00:00,2660.42,rejection_loop,2474.57,EMP-064
CASE-01343,resubmit,2023-10-18 03:13:39.305011+00:00,9162.7,rejection_loop,2474.57,EMP-064
CASE-01343,manager_approval,2023-10-18 05:46:22.007775+00:00,45518.39,rejection_loop,2474.57,EMP-064
CASE-01343,paid,2023-10-18 18:25:00.397219+00:00,3347.67,rejection_loop,2474.57,EMP-064
CASE-01344,submit,2023-11-17 08:44:34.899331+00:00,279.48,rejection_loop,341.72,EMP-127
CASE-01344,manager_rejects,2023-11-17 08:49:14.380211+00:00,4104.72,rejection_loop,341.72,EMP-127
CASE-01344,resubmit,2023-11-17 09:57:39.104039+00:00,8126.82,rejection_loop,341.72,EMP-127
CASE-01344,manager_approval,2023-11-17 12:13:05.922973+00:00,101832.32,rejection_loop,341.72,EMP-127
CASE-01344,paid,2023-11-18 16:30:18.244506+00:00,2756.94,rejection_loop,341.72,EMP-127
CASE-01345,submit,2024-01-12 05:36:32.485958+00:00,275.55,happy_path,3467.47,EMP-194
CASE-01345,manager_approval,2024-01-12 05:41:08.033368+00:00,61038.47,happy_path,3467.47,EMP-194
CASE-01345,finance_approval,2024-01-12 22:38:26.500352+00:00,43799.8,happy_path,3467.47,EMP-194
CASE-01345,paid,2024-01-13 10:48:26.298433+00:00,4238.67,happy_path,3467.47,EMP-194
CASE-01346,submit,2024-03-05 13:22:50.058510+00:00,288.92,happy_path,2440.83,EMP-143
CASE-01346,manager_approval,2024-03-05 13:27:38.976585+00:00,95293.64,happy_path,2440.83,EMP-143
CASE-01346,finance_approval,2024-03-06 15:55:52.616381+00:00,43064.96,happy_path,2440.83,EMP-143
CASE-01346,paid,2024-03-07 03:53:37.578652+00:00,4702.14,happy_path,2440.83,EMP-143
CASE-01347,submit,2024-01-04 14:08:11.614151+00:00,357.03,happy_path,3796.59,EMP-042
CASE-01347,manager_approval,2024-01-04 14:14:08.640564+00:00,96749.69,happy_path,3796.59,EMP-042
CASE-01347,finance_approval,2024-01-05 17:06:38.327787+00:00,46500.48,happy_path,3796.59,EMP-042
CASE-01347,paid,2024-01-06 06:01:38.804317+00:00,3902.14,happy_path,3796.59,EMP-042
CASE-01348,submit,2024-02-24 13:37:25.261991+00:00,278.48,rejection_loop,2501.16,EMP-161
CASE-01348,manager_rejects,2024-02-24 13:42:03.744176+00:00,2605.61,rejection_loop,2501.16,EMP-161
CASE-01348,resubmit,2024-02-24 14:25:29.355554+00:00,7440.56,rejection_loop,2501.16,EMP-161
CASE-01348,manager_approval,2024-02-24 16:29:29.919560+00:00,65536.15,rejection_loop,2501.16,EMP-161
CASE-01348,paid,2024-02-25 10:41:46.072945+00:00,3335.04,rejection_loop,2501.16,EMP-161
CASE-01349,submit,2024-02-09 14:09:13.440112+00:00,334.83,happy_path,2205.62,EMP-076
CASE-01349,manager_approval,2024-02-09 14:14:48.270223+00:00,74658.74,happy_path,2205.62,EMP-076
CASE-01349,finance_approval,2024-02-10 10:59:07.006009+00:00,36560.63,happy_path,2205.62,EMP-076
CASE-01349,paid,2024-02-10 21:08:27.631211+00:00,5297.15,happy_path,2205.62,EMP-076
CASE-01350,submit,2024-01-05 04:26:43.293639+00:00,323.37,escalation,871.43,EMP-075
CASE-01350,manager_approval,2024-01-05 04:32:06.659362+00:00,114991.91,escalation,871.43,EMP-075
CASE-01350,finance_review,2024-01-06 12:28:38.566976+00:00,161223.98,escalation,871.43,EMP-075
CASE-01350,paid,2024-01-08 09:15:42.544891+00:00,2537.56,escalation,871.43,EMP-075
CASE-01351,submit,2024-03-17 20:59:01.841823+00:00,278.1,happy_path,2341.26,EMP-085
CASE-01351,manager_approval,2024-03-17 21:03:39.943647+00:00,44889.52,happy_path,2341.26,EMP-085
CASE-01351,finance_approval,2024-03-18 09:31:49.463478+00:00,48990.75,happy_path,2341.26,EMP-085
CASE-01351,paid,2024-03-18 23:08:20.212542+00:00,4424.58,happy_path,2341.26,EMP-085
CASE-01352,submit,2023-11-04 06:15:19.349067+00:00,113.38,rejection_loop,98.61,EMP-107
CASE-01352,manager_rejects,2023-11-04 06:17:12.729821+00:00,3950.0,rejection_loop,98.61,EMP-107
CASE-01352,resubmit,2023-11-04 07:23:02.732199+00:00,9997.1,rejection_loop,98.61,EMP-107
CASE-01352,manager_approval,2023-11-04 10:09:39.829755+00:00,87582.02,rejection_loop,98.61,EMP-107
CASE-01352,paid,2023-11-05 10:29:21.848962+00:00,3725.22,rejection_loop,98.61,EMP-107
CASE-01353,submit,2023-12-26 08:45:30.685545+00:00,325.3,happy_path,518.84,EMP-160
CASE-01353,manager_approval,2023-12-26 08:50:55.980981+00:00,97526.48,happy_path,518.84,EMP-160
CASE-01353,finance_approval,2023-12-27 11:56:22.457992+00:00,48766.01,happy_path,518.84,EMP-160
CASE-01353,paid,2023-12-28 01:29:08.464999+00:00,2999.73,happy_path,518.84,EMP-160
CASE-01354,submit,2023-11-23 03:41:25.187074+00:00,284.4,escalation,4643.0,EMP-071
CASE-01354,manager_approval,2023-11-23 03:46:09.587702+00:00,105736.48,escalation,4643.0,EMP-071
CASE-01354,finance_review,2023-11-24 09:08:26.063454+00:00,148769.26,escalation,4643.0,EMP-071
CASE-01354,paid,2023-11-26 02:27:55.324846+00:00,3488.44,escalation,4643.0,EMP-071
CASE-01355,submit,2024-01-08 09:11:36.278815+00:00,243.08,rejection_loop,4674.82,EMP-144
CASE-01355,manager_rejects,2024-01-08 09:15:39.355483+00:00,3470.08,rejection_loop,4674.82,EMP-144
CASE-01355,resubmit,2024-01-08 10:13:29.434640+00:00,6591.19,rejection_loop,4674.82,EMP-144
CASE-01355,manager_approval,2024-01-08 12:03:20.628033+00:00,106531.38,rejection_loop,4674.82,EMP-144
CASE-01355,paid,2024-01-09 17:38:52.003927+00:00,4792.26,rejection_loop,4674.82,EMP-144
CASE-01356,submit,2023-10-25 19:21:41.973936+00:00,214.52,happy_path,1351.54,EMP-027
CASE-01356,manager_approval,2023-10-25 19:25:16.489738+00:00,82056.1,happy_path,1351.54,EMP-027
CASE-01356,finance_approval,2023-10-26 18:12:52.594492+00:00,36209.44,happy_path,1351.54,EMP-027
CASE-01356,paid,2023-10-27 04:16:22.035946+00:00,4390.64,happy_path,1351.54,EMP-027
CASE-01357,submit,2024-03-07 20:10:26.552992+00:00,266.7,rejection_loop,3043.64,EMP-189
CASE-01357,manager_rejects,2024-03-07 20:14:53.255675+00:00,3007.65,rejection_loop,3043.64,EMP-189
CASE-01357,resubmit,2024-03-07 21:05:00.900779+00:00,8749.51,rejection_loop,3043.64,EMP-189
CASE-01357,manager_approval,2024-03-07 23:30:50.414438+00:00,119286.2,rejection_loop,3043.64,EMP-189
CASE-01357,paid,2024-03-09 08:38:56.617467+00:00,3992.99,rejection_loop,3043.64,EMP-189
CASE-01358,submit,2023-12-27 14:00:16.133657+00:00,298.2,rejection_loop,775.13,EMP-043
CASE-01358,manager_rejects,2023-12-27 14:05:14.334439+00:00,3841.46,rejection_loop,775.13,EMP-043
CASE-01358,resubmit,2023-12-27 15:09:15.798969+00:00,7201.12,rejection_loop,775.13,EMP-043
CASE-01358,manager_approval,2023-12-27 17:09:16.922598+00:00,97914.45,rejection_loop,775.13,EMP-043
CASE-01358,paid,2023-12-28 20:21:11.372737+00:00,3507.99,rejection_loop,775.13,EMP-043
CASE-01359,submit,2023-11-30 21:01:33.790494+00:00,270.03,rejection_loop,2155.76,EMP-121
CASE-01359,manager_rejects,2023-11-30 21:06:03.818680+00:00,3599.29,rejection_loop,2155.76,EMP-121
CASE-01359,resubmit,2023-11-30 22:06:03.112286+00:00,5571.59,rejection_loop,2155.76,EMP-121
CASE-01359,manager_approval,2023-11-30 23:38:54.703709+00:00,78642.59,rejection_loop,2155.76,EMP-121
CASE-01359,paid,2023-12-01 21:29:37.292528+00:00,2831.96,rejection_loop,2155.76,EMP-121
CASE-01360,submit,2023-10-17 01:49:21.134071+00:00,344.84,happy_path,2633.83,EMP-136
CASE-01360,manager_approval,2023-10-17 01:55:05.972993+00:00,74580.91,happy_path,2633.83,EMP-136
CASE-01360,finance_approval,2023-10-17 22:38:06.883573+00:00,40128.92,happy_path,2633.83,EMP-136
CASE-01360,paid,2023-10-18 09:46:55.807997+00:00,4241.64,happy_path,2633.83,EMP-136
CASE-01361,submit,2024-01-11 21:17:56.180039+00:00,373.5,happy_path,757.28,EMP-112
CASE-01361,manager_approval,2024-01-11 21:24:09.682166+00:00,48372.81,happy_path,757.28,EMP-112
CASE-01361,finance_approval,2024-01-12 10:50:22.492746+00:00,43990.01,happy_path,757.28,EMP-112
CASE-01361,paid,2024-01-12 23:03:32.505790+00:00,3145.75,happy_path,757.28,EMP-112
CASE-01362,submit,2024-03-06 21:43:04.997493+00:00,229.57,happy_path,1773.49,EMP-007
CASE-01362,manager_approval,2024-03-06 21:46:54.571663+00:00,109190.79,happy_path,1773.49,EMP-007
CASE-01362,finance_approval,2024-03-08 04:06:45.365890+00:00,33453.26,happy_path,1773.49,EMP-007
CASE-01362,paid,2024-03-08 13:24:18.627060+00:00,3063.71,happy_path,1773.49,EMP-007
CASE-01363,submit,2023-12-10 20:12:57.726904+00:00,351.91,escalation,4387.66,EMP-049
CASE-01363,manager_approval,2023-12-10 20:18:49.636427+00:00,101863.83,escalation,4387.66,EMP-049
CASE-01363,finance_review,2023-12-12 00:36:33.469422+00:00,237472.68,escalation,4387.66,EMP-049
CASE-01363,paid,2023-12-14 18:34:26.152626+00:00,4570.1,escalation,4387.66,EMP-049
CASE-01364,submit,2023-12-01 02:54:38.423914+00:00,304.34,escalation,77.79,EMP-080
CASE-01364,manager_approval,2023-12-01 02:59:42.767207+00:00,127140.43,escalation,77.79,EMP-080
CASE-01364,finance_review,2023-12-02 14:18:43.199707+00:00,121835.01,escalation,77.79,EMP-080
CASE-01364,paid,2023-12-04 00:09:18.207488+00:00,3454.46,escalation,77.79,EMP-080
CASE-01365,submit,2023-12-28 04:08:04.678834+00:00,299.83,happy_path,3253.73,EMP-165
CASE-01365,manager_approval,2023-12-28 04:13:04.508521+00:00,118449.85,happy_path,3253.73,EMP-165
CASE-01365,finance_approval,2023-12-29 13:07:14.355324+00:00,46225.13,happy_path,3253.73,EMP-165
CASE-01365,paid,2023-12-30 01:57:39.485755+00:00,3575.93,happy_path,3253.73,EMP-165
CASE-01366,submit,2024-03-17 23:07:23.899635+00:00,384.05,exception,4125.46,EMP-184
CASE-01366,missing_receipt,2024-03-17 23:13:47.950749+00:00,2224.27,exception,4125.46,EMP-184
CASE-01366,hold,2024-03-17 23:50:52.219552+00:00,257074.36,exception,4125.46,EMP-184
CASE-01366,resolved,2024-03-20 23:15:26.579885+00:00,2921.69,exception,4125.46,EMP-184
CASE-01366,paid,2024-03-21 00:04:08.273771+00:00,3662.08,exception,4125.46,EMP-184
CASE-01367,submit,2023-10-09 20:59:46.769102+00:00,425.11,rejection_loop,3765.4,EMP-027
CASE-01367,manager_rejects,2023-10-09 21:06:51.876314+00:00,3829.19,rejection_loop,3765.4,EMP-027
CASE-01367,resubmit,2023-10-09 22:10:41.069176+00:00,8879.2,rejection_loop,3765.4,EMP-027
CASE-01367,manager_approval,2023-10-10 00:38:40.270345+00:00,115337.68,rejection_loop,3765.4,EMP-027
CASE-01367,paid,2023-10-11 08:40:57.952001+00:00,3929.35,rejection_loop,3765.4,EMP-027
CASE-01368,submit,2023-12-21 19:23:34.752439+00:00,276.89,happy_path,4236.73,EMP-015
CASE-01368,manager_approval,2023-12-21 19:28:11.638457+00:00,81801.7,happy_path,4236.73,EMP-015
CASE-01368,finance_approval,2023-12-22 18:11:33.339662+00:00,37136.91,happy_path,4236.73,EMP-015
CASE-01368,paid,2023-12-23 04:30:30.249655+00:00,4055.07,happy_path,4236.73,EMP-015
CASE-01369,submit,2023-10-06 00:02:01.108741+00:00,262.32,rejection_loop,3292.77,EMP-189
CASE-01369,manager_rejects,2023-10-06 00:06:23.430397+00:00,4207.35,rejection_loop,3292.77,EMP-189
CASE-01369,resubmit,2023-10-06 01:16:30.784245+00:00,4217.15,rejection_loop,3292.77,EMP-189
CASE-01369,manager_approval,2023-10-06 02:26:47.930921+00:00,72626.06,rejection_loop,3292.77,EMP-189
CASE-01369,paid,2023-10-06 22:37:13.987109+00:00,4893.11,rejection_loop,3292.77,EMP-189
CASE-01370,submit,2024-01-03 22:35:26.671526+00:00,356.76,exception,2954.9,EMP-094
CASE-01370,missing_receipt,2024-01-03 22:41:23.427243+00:00,1688.77,exception,2954.9,EMP-094
CASE-01370,hold,2024-01-03 23:09:32.194252+00:00,326538.58,exception,2954.9,EMP-094
CASE-01370,resolved,2024-01-07 17:51:50.772584+00:00,2839.23,exception,2954.9,EMP-094
CASE-01370,paid,2024-01-07 18:39:09.998158+00:00,5142.47,exception,2954.9,EMP-094
CASE-01371,submit,2023-11-03 01:34:05.495389+00:00,344.46,escalation,3658.34,EMP-022
CASE-01371,manager_approval,2023-11-03 01:39:49.959819+00:00,114833.19,escalation,3658.34,EMP-022
CASE-01371,finance_review,2023-11-04 09:33:43.148215+00:00,189130.92,escalation,3658.34,EMP-022
CASE-01371,paid,2023-11-06 14:05:54.063960+00:00,3253.15,escalation,3658.34,EMP-022
CASE-01372,submit,2023-11-28 00:13:50.657351+00:00,242.95,escalation,4218.51,EMP-001
CASE-01372,manager_approval,2023-11-28 00:17:53.603436+00:00,76362.84,escalation,4218.51,EMP-001
CASE-01372,finance_review,2023-11-28 21:30:36.444848+00:00,164770.29,escalation,4218.51,EMP-001
CASE-01372,paid,2023-11-30 19:16:46.730217+00:00,1926.66,escalation,4218.51,EMP-001
CASE-01373,submit,2023-10-23 22:15:01.806677+00:00,324.02,happy_path,4654.85,EMP-023
CASE-01373,manager_approval,2023-10-23 22:20:25.822332+00:00,115827.43,happy_path,4654.85,EMP-023
CASE-01373,finance_approval,2023-10-25 06:30:53.253274+00:00,49473.74,happy_path,4654.85,EMP-023
CASE-01373,paid,2023-10-25 20:15:26.997607+00:00,4073.48,happy_path,4654.85,EMP-023
CASE-01374,submit,2023-11-11 03:42:42.050448+00:00,373.78,exception,3845.28,EMP-003
CASE-01374,missing_receipt,2023-11-11 03:48:55.829516+00:00,1712.91,exception,3845.28,EMP-003
CASE-01374,hold,2023-11-11 04:17:28.743055+00:00,284429.61,exception,3845.28,EMP-003
CASE-01374,resolved,2023-11-14 11:17:58.355619+00:00,3527.32,exception,3845.28,EMP-003
CASE-01374,paid,2023-11-14 12:16:45.673284+00:00,2931.33,exception,3845.28,EMP-003
CASE-01375,submit,2024-02-14 12:48:15.948919+00:00,296.14,rejection_loop,3229.47,EMP-049
CASE-01375,manager_rejects,2024-02-14 12:53:12.087527+00:00,3084.07,rejection_loop,3229.47,EMP-049
CASE-01375,resubmit,2024-02-14 13:44:36.158042+00:00,6124.96,rejection_loop,3229.47,EMP-049
CASE-01375,manager_approval,2024-02-14 15:26:41.117475+00:00,98619.97,rejection_loop,3229.47,EMP-049
CASE-01375,paid,2024-02-15 18:50:21.090465+00:00,3389.83,rejection_loop,3229.47,EMP-049
CASE-01376,submit,2024-03-10 01:00:58.539873+00:00,376.14,happy_path,4184.61,EMP-070
CASE-01376,manager_approval,2024-03-10 01:07:14.682388+00:00,94383.9,happy_path,4184.61,EMP-070
CASE-01376,finance_approval,2024-03-11 03:20:18.582933+00:00,48599.04,happy_path,4184.61,EMP-070
CASE-01376,paid,2024-03-11 16:50:17.624639+00:00,3371.71,happy_path,4184.61,EMP-070
CASE-01377,submit,2024-02-19 00:38:26.706316+00:00,255.5,happy_path,2914.55,EMP-090
CASE-01377,manager_approval,2024-02-19 00:42:42.201377+00:00,46196.17,happy_path,2914.55,EMP-090
CASE-01377,finance_approval,2024-02-19 13:32:38.374607+00:00,41246.07,happy_path,2914.55,EMP-090
CASE-01377,paid,2024-02-20 01:00:04.442473+00:00,3387.96,happy_path,2914.55,EMP-090
CASE-01378,submit,2024-01-07 19:56:19.488753+00:00,266.15,exception,2946.85,EMP-040
CASE-01378,missing_receipt,2024-01-07 20:00:45.638190+00:00,1914.24,exception,2946.85,EMP-040
CASE-01378,hold,2024-01-07 20:32:39.876826+00:00,389591.8,exception,2946.85,EMP-040
CASE-01378,resolved,2024-01-12 08:45:51.674796+00:00,2973.59,exception,2946.85,EMP-040
CASE-01378,paid,2024-01-12 09:35:25.264721+00:00,4947.32,exception,2946.85,EMP-040
CASE-01379,submit,2024-03-25 07:52:43.561256+00:00,206.23,rejection_loop,1076.86,EMP-180
CASE-01379,manager_rejects,2024-03-25 07:56:09.792144+00:00,3284.8,rejection_loop,1076.86,EMP-180
CASE-01379,resubmit,2024-03-25 08:50:54.587940+00:00,6943.41,rejection_loop,1076.86,EMP-180
CASE-01379,manager_approval,2024-03-25 10:46:38.001275+00:00,112137.39,rejection_loop,1076.86,EMP-180
CASE-01379,paid,2024-03-26 17:55:35.392090+00:00,3754.29,rejection_loop,1076.86,EMP-180
CASE-01380,submit,2024-01-29 11:59:42.082157+00:00,340.83,happy_path,4613.5,EMP-133
CASE-01380,manager_approval,2024-01-29 12:05:22.911436+00:00,91010.46,happy_path,4613.5,EMP-133
CASE-01380,finance_approval,2024-01-30 13:22:13.371489+00:00,46840.5,happy_path,4613.5,EMP-133
CASE-01380,paid,2024-01-31 02:22:53.870707+00:00,2857.51,happy_path,4613.5,EMP-133
CASE-01381,submit,2023-11-30 00:38:50.072886+00:00,269.96,happy_path,2962.53,EMP-009
CASE-01381,manager_approval,2023-11-30 00:43:20.029477+00:00,102523.38,happy_path,2962.53,EMP-009
CASE-01381,finance_approval,2023-12-01 05:12:03.410565+00:00,47347.96,happy_path,2962.53,EMP-009
CASE-01381,paid,2023-12-01 18:21:11.375353+00:00,4030.12,happy_path,2962.53,EMP-009
CASE-01382,submit,2023-11-05 16:19:18.337734+00:00,279.45,happy_path,1716.53,EMP-026
CASE-01382,manager_approval,2023-11-05 16:23:57.785046+00:00,78318.63,happy_path,1716.53,EMP-026
CASE-01382,finance_approval,2023-11-06 14:09:16.411483+00:00,46540.64,happy_path,1716.53,EMP-026
CASE-01382,paid,2023-11-07 03:04:57.054249+00:00,2161.42,happy_path,1716.53,EMP-026
CASE-01383,submit,2024-01-14 16:10:10.807020+00:00,270.97,happy_path,3102.23,EMP-152
CASE-01383,manager_approval,2024-01-14 16:14:41.778265+00:00,66386.55,happy_path,3102.23,EMP-152
CASE-01383,finance_approval,2024-01-15 10:41:08.328098+00:00,46088.43,happy_path,3102.23,EMP-152
CASE-01383,paid,2024-01-15 23:29:16.761405+00:00,3946.22,happy_path,3102.23,EMP-152
CASE-01384,submit,2023-12-14 04:58:53.085128+00:00,260.46,happy_path,1722.5,EMP-174
CASE-01384,manager_approval,2023-12-14 05:03:13.546209+00:00,134508.53,happy_path,1722.5,EMP-174
CASE-01384,finance_approval,2023-12-15 18:25:02.075783+00:00,47331.24,happy_path,1722.5,EMP-174
CASE-01384,paid,2023-12-16 07:33:53.320280+00:00,3807.06,happy_path,1722.5,EMP-174
CASE-01385,submit,2024-02-19 07:59:34.710300+00:00,439.51,exception,583.88,EMP-110
CASE-01385,missing_receipt,2024-02-19 08:06:54.218541+00:00,2091.0,exception,583.88,EMP-110
CASE-01385,hold,2024-02-19 08:41:45.217247+00:00,234269.21,exception,583.88,EMP-110
CASE-01385,resolved,2024-02-22 01:46:14.422593+00:00,4307.39,exception,583.88,EMP-110
CASE-01385,paid,2024-02-22 02:58:01.810783+00:00,3792.45,exception,583.88,EMP-110
CASE-01386,submit,2024-03-20 17:05:46.154095+00:00,351.16,exception,4438.65,EMP-179
CASE-01386,missing_receipt,2024-03-20 17:11:37.317579+00:00,2562.19,exception,4438.65,EMP-179
CASE-01386,hold,2024-03-20 17:54:19.503675+00:00,259729.8,exception,4438.65,EMP-179
CASE-01386,resolved,2024-03-23 18:03:09.304731+00:00,3283.51,exception,4438.65,EMP-179
CASE-01386,paid,2024-03-23 18:57:52.816489+00:00,2460.93,exception,4438.65,EMP-179
CASE-01387,submit,2023-10-28 11:06:40.635510+00:00,431.89,exception,1580.9,EMP-197
CASE-01387,missing_receipt,2023-10-28 11:13:52.520648+00:00,1628.95,exception,1580.9,EMP-197
CASE-01387,hold,2023-10-28 11:41:01.471965+00:00,330617.68,exception,1580.9,EMP-197
CASE-01387,resolved,2023-11-01 07:31:19.151276+00:00,2747.17,exception,1580.9,EMP-197
CASE-01387,paid,2023-11-01 08:17:06.324960+00:00,3923.42,exception,1580.9,EMP-197
CASE-01388,submit,2023-10-17 11:13:16.205738+00:00,303.51,happy_path,901.74,EMP-079
CASE-01388,manager_approval,2023-10-17 11:18:19.713258+00:00,100908.9,happy_path,901.74,EMP-079
CASE-01388,finance_approval,2023-10-18 15:20:08.610808+00:00,47751.74,happy_path,901.74,EMP-079
CASE-01388,paid,2023-10-19 04:36:00.352403+00:00,3961.92,happy_path,901.74,EMP-079
CASE-01389,submit,2023-10-03 21:21:41.257989+00:00,314.85,escalation,4236.06,EMP-096
CASE-01389,manager_approval,2023-10-03 21:26:56.107077+00:00,94745.54,escalation,4236.06,EMP-096
CASE-01389,finance_review,2023-10-04 23:46:01.650474+00:00,131660.88,escalation,4236.06,EMP-096
CASE-01389,paid,2023-10-06 12:20:22.531934+00:00,3322.54,escalation,4236.06,EMP-096
CASE-01390,submit,2024-02-29 15:25:08.421624+00:00,272.35,happy_path,2387.91,EMP-097
CASE-01390,manager_approval,2024-02-29 15:29:40.767345+00:00,51122.29,happy_path,2387.91,EMP-097
CASE-01390,finance_approval,2024-03-01 05:41:43.058625+00:00,46312.25,happy_path,2387.91,EMP-097
CASE-01390,paid,2024-03-01 18:33:35.312492+00:00,3867.34,happy_path,2387.91,EMP-097
CASE-01391,submit,2023-11-30 21:07:23.327722+00:00,281.38,rejection_loop,710.96,EMP-198
CASE-01391,manager_rejects,2023-11-30 21:12:04.707660+00:00,4479.78,rejection_loop,710.96,EMP-198
CASE-01391,resubmit,2023-11-30 22:26:44.482918+00:00,8890.68,rejection_loop,710.96,EMP-198
CASE-01391,manager_approval,2023-12-01 00:54:55.163879+00:00,65512.55,rejection_loop,710.96,EMP-198
CASE-01391,paid,2023-12-01 19:06:47.715640+00:00,2788.3,rejection_loop,710.96,EMP-198
CASE-01392,submit,2023-11-11 21:43:05.770987+00:00,288.22,escalation,4852.62,EMP-007
CASE-01392,manager_approval,2023-11-11 21:47:53.990729+00:00,57739.68,escalation,4852.62,EMP-007
CASE-01392,finance_review,2023-11-12 13:50:13.673453+00:00,126269.85,escalation,4852.62,EMP-007
CASE-01392,paid,2023-11-14 00:54:43.523450+00:00,3041.78,escalation,4852.62,EMP-007
CASE-01393,submit,2023-12-13 16:08:27.176516+00:00,340.06,rejection_loop,3072.3,EMP-193
CASE-01393,manager_rejects,2023-12-13 16:14:07.241162+00:00,3983.74,rejection_loop,3072.3,EMP-193
CASE-01393,resubmit,2023-12-13 17:20:30.982331+00:00,7807.41,rejection_loop,3072.3,EMP-193
CASE-01393,manager_approval,2023-12-13 19:30:38.391973+00:00,79901.54,rejection_loop,3072.3,EMP-193
CASE-01393,paid,2023-12-14 17:42:19.934064+00:00,3600.09,rejection_loop,3072.3,EMP-193
CASE-01394,submit,2024-01-28 17:28:26.828456+00:00,256.11,happy_path,509.61,EMP-099
CASE-01394,manager_approval,2024-01-28 17:32:42.942374+00:00,94361.25,happy_path,509.61,EMP-099
CASE-01394,finance_approval,2024-01-29 19:45:24.187967+00:00,33077.32,happy_path,509.61,EMP-099
CASE-01394,paid,2024-01-30 04:56:41.504516+00:00,4690.14,happy_path,509.61,EMP-099
CASE-01395,submit,2023-11-04 07:31:03.248702+00:00,241.89,happy_path,4794.64,EMP-108
CASE-01395,manager_approval,2023-11-04 07:35:05.139032+00:00,101960.09,happy_path,4794.64,EMP-108
CASE-01395,finance_approval,2023-11-05 11:54:25.229909+00:00,53434.54,happy_path,4794.64,EMP-108
CASE-01395,paid,2023-11-06 02:44:59.766704+00:00,4610.89,happy_path,4794.64,EMP-108
CASE-01396,submit,2024-03-06 05:51:18.694957+00:00,303.11,happy_path,3676.72,EMP-168
CASE-01396,manager_approval,2024-03-06 05:56:21.801888+00:00,83202.16,happy_path,3676.72,EMP-168
CASE-01396,finance_approval,2024-03-07 05:03:03.962086+00:00,39243.6,happy_path,3676.72,EMP-168
CASE-01396,paid,2024-03-07 15:57:07.566207+00:00,4667.89,happy_path,3676.72,EMP-168
CASE-01397,submit,2024-01-28 16:29:25.656214+00:00,269.78,happy_path,2300.73,EMP-125
CASE-01397,manager_approval,2024-01-28 16:33:55.435993+00:00,66553.12,happy_path,2300.73,EMP-125
CASE-01397,finance_approval,2024-01-29 11:03:08.559846+00:00,50334.46,happy_path,2300.73,EMP-125
CASE-01397,paid,2024-01-30 01:02:03.015561+00:00,3917.98,happy_path,2300.73,EMP-125
CASE-01398,submit,2024-01-01 08:54:21.783598+00:00,318.33,rejection_loop,623.99,EMP-116
CASE-01398,manager_rejects,2024-01-01 08:59:40.109703+00:00,2671.17,rejection_loop,623.99,EMP-116
CASE-01398,resubmit,2024-01-01 09:44:11.279074+00:00,9881.67,rejection_loop,623.99,EMP-116
CASE-01398,manager_approval,2024-01-01 12:28:52.946674+00:00,38512.22,rejection_loop,623.99,EMP-116
CASE-01398,paid,2024-01-01 23:10:45.168570+00:00,4031.52,rejection_loop,623.99,EMP-116
CASE-01399,submit,2023-10-17 09:38:21.700375+00:00,324.31,happy_path,3810.07,EMP-173
CASE-01399,manager_approval,2023-10-17 09:43:46.012635+00:00,138908.32,happy_path,3810.07,EMP-173
CASE-01399,finance_approval,2023-10-19 00:18:54.329515+00:00,43965.54,happy_path,3810.07,EMP-173
CASE-01399,paid,2023-10-19 12:31:39.870589+00:00,3416.87,happy_path,3810.07,EMP-173
CASE-01400,submit,2023-12-20 06:42:58.842733+00:00,255.3,escalation,3091.87,EMP-117
CASE-01400,manager_approval,2023-12-20 06:47:14.144941+00:00,80390.75,escalation,3091.87,EMP-117
CASE-01400,finance_review,2023-12-21 05:07:04.897143+00:00,175505.24,escalation,3091.87,EMP-117
CASE-01400,paid,2023-12-23 05:52:10.132778+00:00,4274.51,escalation,3091.87,EMP-117
CASE-01401,submit,2023-11-17 10:03:06.464999+00:00,250.83,happy_path,3016.67,EMP-095
CASE-01401,manager_approval,2023-11-17 10:07:17.293499+00:00,76945.26,happy_path,3016.67,EMP-095
CASE-01401,finance_approval,2023-11-18 07:29:42.551891+00:00,48345.69,happy_path,3016.67,EMP-095
CASE-01401,paid,2023-11-18 20:55:28.239774+00:00,4074.07,happy_path,3016.67,EMP-095
CASE-01402,submit,2023-12-22 10:02:49.355815+00:00,231.92,happy_path,1816.58,EMP-005
CASE-01402,manager_approval,2023-12-22 10:06:41.272700+00:00,84683.12,happy_path,1816.58,EMP-005
CASE-01402,finance_approval,2023-12-23 09:38:04.388347+00:00,45052.68,happy_path,1816.58,EMP-005
CASE-01402,paid,2023-12-23 22:08:57.064670+00:00,4715.3,happy_path,1816.58,EMP-005
CASE-01403,submit,2023-10-18 03:04:56.759797+00:00,362.85,escalation,2011.26,EMP-045
CASE-01403,manager_approval,2023-10-18 03:10:59.606641+00:00,115231.12,escalation,2011.26,EMP-045
CASE-01403,finance_review,2023-10-19 11:11:30.722622+00:00,211761.25,escalation,2011.26,EMP-045
CASE-01403,paid,2023-10-21 22:00:51.968070+00:00,2958.53,escalation,2011.26,EMP-045
CASE-01404,submit,2024-01-22 02:28:54.070833+00:00,252.75,happy_path,4860.67,EMP-177
CASE-01404,manager_approval,2024-01-22 02:33:06.823102+00:00,127165.24,happy_path,4860.67,EMP-177
CASE-01404,finance_approval,2024-01-23 13:52:32.065855+00:00,35592.94,happy_path,4860.67,EMP-177
CASE-01404,paid,2024-01-23 23:45:45.006736+00:00,5119.25,happy_path,4860.67,EMP-177
CASE-01405,submit,2023-12-09 02:28:32.953236+00:00,254.09,escalation,251.17,EMP-084
CASE-01405,manager_approval,2023-12-09 02:32:47.043040+00:00,122213.32,escalation,251.17,EMP-084
CASE-01405,finance_review,2023-12-10 12:29:40.367918+00:00,267267.85,escalation,251.17,EMP-084
CASE-01405,paid,2023-12-13 14:44:08.214144+00:00,2394.31,escalation,251.17,EMP-084
CASE-01406,submit,2023-12-02 19:10:41.673836+00:00,205.51,happy_path,4902.32,EMP-021
CASE-01406,manager_approval,2023-12-02 19:14:07.184144+00:00,74438.51,happy_path,4902.32,EMP-021
CASE-01406,finance_approval,2023-12-03 15:54:45.690511+00:00,38576.46,happy_path,4902.32,EMP-021
CASE-01406,paid,2023-12-04 02:37:42.147889+00:00,3134.2,happy_path,4902.32,EMP-021
CASE-01407,submit,2024-03-09 22:14:15.229600+00:00,322.34,rejection_loop,3621.89,EMP-191
CASE-01407,manager_rejects,2024-03-09 22:19:37.571226+00:00,3931.97,rejection_loop,3621.89,EMP-191
CASE-01407,resubmit,2024-03-09 23:25:09.538580+00:00,5559.91,rejection_loop,3621.89,EMP-191
CASE-01407,manager_approval,2024-03-10 00:57:49.452734+00:00,96885.06,rejection_loop,3621.89,EMP-191
CASE-01407,paid,2024-03-11 03:52:34.517622+00:00,3992.17,rejection_loop,3621.89,EMP-191
CASE-01408,submit,2024-01-08 01:09:39.429522+00:00,325.06,happy_path,1550.85,EMP-132
CASE-01408,manager_approval,2024-01-08 01:15:04.487451+00:00,54394.04,happy_path,1550.85,EMP-132
CASE-01408,finance_approval,2024-01-08 16:21:38.526838+00:00,52158.5,happy_path,1550.85,EMP-132
CASE-01408,paid,2024-01-09 06:50:57.028971+00:00,3954.78,happy_path,1550.85,EMP-132
CASE-01409,submit,2024-02-14 10:28:39.016168+00:00,308.55,happy_path,4680.62,EMP-071
CASE-01409,manager_approval,2024-02-14 10:33:47.563818+00:00,69282.87,happy_path,4680.62,EMP-071
CASE-01409,finance_approval,2024-02-15 05:48:30.430269+00:00,38552.67,happy_path,4680.62,EMP-071
CASE-01409,paid,2024-02-15 16:31:03.102360+00:00,2520.3,happy_path,4680.62,EMP-071
CASE-01410,submit,2023-10-03 21:49:13.924058+00:00,327.87,exception,3407.13,EMP-070
CASE-01410,missing_receipt,2023-10-03 21:54:41.791210+00:00,2304.79,exception,3407.13,EMP-070
CASE-01410,hold,2023-10-03 22:33:06.582404+00:00,221072.24,exception,3407.13,EMP-070
CASE-01410,resolved,2023-10-06 11:57:38.818271+00:00,3198.5,exception,3407.13,EMP-070
CASE-01410,paid,2023-10-06 12:50:57.315971+00:00,2053.41,exception,3407.13,EMP-070
CASE-01411,submit,2023-10-06 06:04:30.103783+00:00,324.79,escalation,530.88,EMP-058
CASE-01411,manager_approval,2023-10-06 06:09:54.897553+00:00,82858.64,escalation,530.88,EMP-058
CASE-01411,finance_review,2023-10-07 05:10:53.537080+00:00,186785.49,escalation,530.88,EMP-058
CASE-01411,paid,2023-10-09 09:03:59.028429+00:00,3265.6,escalation,530.88,EMP-058
CASE-01412,submit,2024-01-18 03:23:48.789466+00:00,392.01,rejection_loop,2960.18,EMP-163
CASE-01412,manager_rejects,2024-01-18 03:30:20.802417+00:00,2941.26,rejection_loop,2960.18,EMP-163
CASE-01412,resubmit,2024-01-18 04:19:22.064891+00:00,6673.25,rejection_loop,2960.18,EMP-163
CASE-01412,manager_approval,2024-01-18 06:10:35.317382+00:00,67888.27,rejection_loop,2960.18,EMP-163
CASE-01412,paid,2024-01-19 01:02:03.587139+00:00,3307.67,rejection_loop,2960.18,EMP-163
CASE-01413,submit,2023-12-25 03:36:48.325199+00:00,298.07,happy_path,4122.01,EMP-039
CASE-01413,manager_approval,2023-12-25 03:41:46.399660+00:00,71559.86,happy_path,4122.01,EMP-039
CASE-01413,finance_approval,2023-12-25 23:34:26.255531+00:00,39727.4,happy_path,4122.01,EMP-039
CASE-01413,paid,2023-12-26 10:36:33.659775+00:00,2326.29,happy_path,4122.01,EMP-039
CASE-01414,submit,2024-03-25 04:33:57.560988+00:00,247.76,happy_path,209.72,EMP-147
CASE-01414,manager_approval,2024-03-25 04:38:05.324305+00:00,66022.23,happy_path,209.72,EMP-147
CASE-01414,finance_approval,2024-03-25 22:58:27.557627+00:00,40431.93,happy_path,209.72,EMP-147
CASE-01414,paid,2024-03-26 10:12:19.484504+00:00,4107.08,happy_path,209.72,EMP-147
CASE-01415,submit,2024-02-15 03:42:16.142839+00:00,235.76,exception,1877.5,EMP-075
CASE-01415,missing_receipt,2024-02-15 03:46:11.898832+00:00,1901.04,exception,1877.5,EMP-075
CASE-01415,hold,2024-02-15 04:17:52.934437+00:00,323065.49,exception,1877.5,EMP-075
CASE-01415,resolved,2024-02-18 22:02:18.428825+00:00,4260.62,exception,1877.5,EMP-075
CASE-01415,paid,2024-02-18 23:13:19.043936+00:00,2775.21,exception,1877.5,EMP-075
CASE-01416,submit,2024-03-26 04:54:09.131291+00:00,245.52,happy_path,3836.45,EMP-193
CASE-01416,manager_approval,2024-03-26 04:58:14.650846+00:00,62867.6,happy_path,3836.45,EMP-193
CASE-01416,finance_approval,2024-03-26 22:26:02.253916+00:00,40295.53,happy_path,3836.45,EMP-193
CASE-01416,paid,2024-03-27 09:37:37.785900+00:00,3794.49,happy_path,3836.45,EMP-193
CASE-01417,submit,2023-10-20 10:57:10.194648+00:00,434.62,happy_path,3055.25,EMP-032
CASE-01417,manager_approval,2023-10-20 11:04:24.819239+00:00,99701.43,happy_path,3055.25,EMP-032
CASE-01417,finance_approval,2023-10-21 14:46:06.247967+00:00,65169.33,happy_path,3055.25,EMP-032
CASE-01417,paid,2023-10-22 08:52:15.578391+00:00,3090.27,happy_path,3055.25,EMP-032
CASE-01418,submit,2024-03-27 04:49:58.393951+00:00,283.81,happy_path,3898.75,EMP-189
CASE-01418,manager_approval,2024-03-27 04:54:42.208416+00:00,67265.87,happy_path,3898.75,EMP-189
CASE-01418,finance_approval,2024-03-27 23:35:48.076516+00:00,41124.53,happy_path,3898.75,EMP-189
CASE-01418,paid,2024-03-28 11:01:12.606828+00:00,3989.04,happy_path,3898.75,EMP-189
CASE-01419,submit,2023-10-22 00:21:34.262986+00:00,426.25,happy_path,3863.97,EMP-162
CASE-01419,manager_approval,2023-10-22 00:28:40.512911+00:00,127492.98,happy_path,3863.97,EMP-162
CASE-01419,finance_approval,2023-10-23 11:53:33.491703+00:00,31086.8,happy_path,3863.97,EMP-162
CASE-01419,paid,2023-10-23 20:31:40.294074+00:00,3658.07,happy_path,3863.97,EMP-162
CASE-01420,submit,2023-12-31 01:40:46.148162+00:00,247.67,escalation,1991.26,EMP-104
CASE-01420,manager_approval,2023-12-31 01:44:53.819745+00:00,47030.04,escalation,1991.26,EMP-104
CASE-01420,finance_review,2023-12-31 14:48:43.864186+00:00,190965.49,escalation,1991.26,EMP-104
CASE-01420,paid,2024-01-02 19:51:29.350144+00:00,1659.39,escalation,1991.26,EMP-104
CASE-01421,submit,2024-02-29 09:01:20.698097+00:00,342.53,happy_path,1477.62,EMP-137
CASE-01421,manager_approval,2024-02-29 09:07:03.223792+00:00,88962.43,happy_path,1477.62,EMP-137
CASE-01421,finance_approval,2024-03-01 09:49:45.652078+00:00,32713.52,happy_path,1477.62,EMP-137
CASE-01421,paid,2024-03-01 18:54:59.172872+00:00,3433.5,happy_path,1477.62,EMP-137
CASE-01422,submit,2023-12-15 20:28:09.240216+00:00,275.06,escalation,2119.59,EMP-108
CASE-01422,manager_approval,2023-12-15 20:32:44.300763+00:00,66760.5,escalation,2119.59,EMP-108
CASE-01422,finance_review,2023-12-16 15:05:24.799219+00:00,127438.96,escalation,2119.59,EMP-108
CASE-01422,paid,2023-12-18 02:29:23.762702+00:00,4406.59,escalation,2119.59,EMP-108
CASE-01423,submit,2023-12-15 13:54:32.992494+00:00,363.82,exception,3017.86,EMP-188
CASE-01423,missing_receipt,2023-12-15 14:00:36.817452+00:00,2207.36,exception,3017.86,EMP-188
CASE-01423,hold,2023-12-15 14:37:24.174855+00:00,276147.94,exception,3017.86,EMP-188
CASE-01423,resolved,2023-12-18 19:19:52.109943+00:00,4021.41,exception,3017.86,EMP-188
CASE-01423,paid,2023-12-18 20:26:53.520969+00:00,4691.56,exception,3017.86,EMP-188
CASE-01424,submit,2024-02-13 17:36:37.510398+00:00,365.04,escalation,4761.64,EMP-006
CASE-01424,manager_approval,2024-02-13 17:42:42.548888+00:00,65365.74,escalation,4761.64,EMP-006
CASE-01424,finance_review,2024-02-14 11:52:08.291252+00:00,91165.45,escalation,4761.64,EMP-006
CASE-01424,paid,2024-02-15 13:11:33.737473+00:00,3022.99,escalation,4761.64,EMP-006
CASE-01425,submit,2024-02-10 03:37:10.796309+00:00,304.55,rejection_loop,848.83,EMP-095
CASE-01425,manager_rejects,2024-02-10 03:42:15.346446+00:00,4276.75,rejection_loop,848.83,EMP-095
CASE-01425,resubmit,2024-02-10 04:53:32.099316+00:00,6921.6,rejection_loop,848.83,EMP-095
CASE-01425,manager_approval,2024-02-10 06:48:53.701848+00:00,72371.15,rejection_loop,848.83,EMP-095
CASE-01425,paid,2024-02-11 02:55:04.853754+00:00,3821.51,rejection_loop,848.83,EMP-095
CASE-01426,submit,2023-11-16 02:36:10.490995+00:00,316.26,happy_path,2909.13,EMP-118
CASE-01426,manager_approval,2023-11-16 02:41:26.750932+00:00,34324.74,happy_path,2909.13,EMP-118
CASE-01426,finance_approval,2023-11-16 12:13:31.490258+00:00,30038.74,happy_path,2909.13,EMP-118
CASE-01426,paid,2023-11-16 20:34:10.225830+00:00,4299.72,happy_path,2909.13,EMP-118
CASE-01427,submit,2024-03-01 19:37:19.008282+00:00,145.8,escalation,600.23,EMP-155
CASE-01427,manager_approval,2024-03-01 19:39:44.806984+00:00,119213.84,escalation,600.23,EMP-155
CASE-01427,finance_review,2024-03-03 04:46:38.644558+00:00,104723.58,escalation,600.23,EMP-155
CASE-01427,paid,2024-03-04 09:52:02.225872+00:00,3646.47,escalation,600.23,EMP-155
CASE-01428,submit,2024-02-01 20:05:19.186183+00:00,395.96,happy_path,3755.61,EMP-175
CASE-01428,manager_approval,2024-02-01 20:11:55.147456+00:00,134079.44,happy_path,3755.61,EMP-175
CASE-01428,finance_approval,2024-02-03 09:26:34.585973+00:00,25636.96,happy_path,3755.61,EMP-175
CASE-01428,paid,2024-02-03 16:33:51.547076+00:00,3822.74,happy_path,3755.61,EMP-175
CASE-01429,submit,2024-01-07 17:18:54.177303+00:00,282.54,happy_path,1337.14,EMP-184
CASE-01429,manager_approval,2024-01-07 17:23:36.717648+00:00,80104.38,happy_path,1337.14,EMP-184
CASE-01429,finance_approval,2024-01-08 15:38:41.093797+00:00,33586.39,happy_path,1337.14,EMP-184
CASE-01429,paid,2024-01-09 00:58:27.482533+00:00,5022.27,happy_path,1337.14,EMP-184
CASE-01430,submit,2023-11-24 17:36:01.684148+00:00,293.56,happy_path,4147.38,EMP-016
CASE-01430,manager_approval,2023-11-24 17:40:55.245313+00:00,54155.61,happy_path,4147.38,EMP-016
CASE-01430,finance_approval,2023-11-25 08:43:30.859808+00:00,51175.62,happy_path,4147.38,EMP-016
CASE-01430,paid,2023-11-25 22:56:26.483042+00:00,3700.59,happy_path,4147.38,EMP-016
CASE-01431,submit,2023-12-21 04:59:52.390131+00:00,243.38,rejection_loop,2582.22,EMP-167
CASE-01431,manager_rejects,2023-12-21 05:03:55.765536+00:00,3665.39,rejection_loop,2582.22,EMP-167
CASE-01431,resubmit,2023-12-21 06:05:01.150604+00:00,6381.22,rejection_loop,2582.22,EMP-167
CASE-01431,manager_approval,2023-12-21 07:51:22.372487+00:00,107239.79,rejection_loop,2582.22,EMP-167
CASE-01431,paid,2023-12-22 13:38:42.161746+00:00,2357.38,rejection_loop,2582.22,EMP-167
CASE-01432,submit,2023-11-02 09:52:44.305807+00:00,253.31,escalation,3968.51,EMP-185
CASE-01432,manager_approval,2023-11-02 09:56:57.612989+00:00,96643.81,escalation,3968.51,EMP-185
CASE-01432,finance_review,2023-11-03 12:47:41.419396+00:00,238551.41,escalation,3968.51,EMP-185
CASE-01432,paid,2023-11-06 07:03:32.833257+00:00,2766.18,escalation,3968.51,EMP-185
CASE-01433,submit,2024-02-04 20:51:12.121524+00:00,208.94,happy_path,530.77,EMP-165
CASE-01433,manager_approval,2024-02-04 20:54:41.061685+00:00,95203.95,happy_path,530.77,EMP-165
CASE-01433,finance_approval,2024-02-05 23:21:25.010696+00:00,43390.41,happy_path,530.77,EMP-165
CASE-01433,paid,2024-02-06 11:24:35.424240+00:00,2086.36,happy_path,530.77,EMP-165
CASE-01434,submit,2024-02-21 17:27:19.646645+00:00,275.77,happy_path,3461.51,EMP-085
CASE-01434,manager_approval,2024-02-21 17:31:55.413076+00:00,59799.53,happy_path,3461.51,EMP-085
CASE-01434,finance_approval,2024-02-22 10:08:34.939999+00:00,33095.36,happy_path,3461.51,EMP-085
CASE-01434,paid,2024-02-22 19:20:10.302805+00:00,2748.23,happy_path,3461.51,EMP-085
CASE-01435,submit,2024-03-09 10:20:13.076933+00:00,212.55,happy_path,1477.73,EMP-057
CASE-01435,manager_approval,2024-03-09 10:23:45.631406+00:00,73118.87,happy_path,1477.73,EMP-057
CASE-01435,finance_approval,2024-03-10 06:42:24.498477+00:00,39219.05,happy_path,1477.73,EMP-057
CASE-01435,paid,2024-03-10 17:36:03.545297+00:00,4938.16,happy_path,1477.73,EMP-057
CASE-01436,submit,2023-12-21 04:12:19.316276+00:00,272.45,escalation,1558.47,EMP-183
CASE-01436,manager_approval,2023-12-21 04:16:51.765180+00:00,120635.97,escalation,1558.47,EMP-183
CASE-01436,finance_review,2023-12-22 13:47:27.740003+00:00,164574.36,escalation,1558.47,EMP-183
CASE-01436,paid,2023-12-24 11:30:22.102951+00:00,3123.23,escalation,1558.47,EMP-183
CASE-01437,submit,2023-11-13 00:36:21.187632+00:00,347.03,happy_path,1951.92,EMP-164
CASE-01437,manager_approval,2023-11-13 00:42:08.217663+00:00,63377.52,happy_path,1951.92,EMP-164
CASE-01437,finance_approval,2023-11-13 18:18:25.740177+00:00,43868.74,happy_path,1951.92,EMP-164
CASE-01437,paid,2023-11-14 06:29:34.482084+00:00,3712.6,happy_path,1951.92,EMP-164
CASE-01438,submit,2023-12-15 01:14:55.722535+00:00,273.02,happy_path,2567.53,EMP-133
CASE-01438,manager_approval,2023-12-15 01:19:28.745177+00:00,77455.22,happy_path,2567.53,EMP-133
CASE-01438,finance_approval,2023-12-15 22:50:23.967802+00:00,40861.15,happy_path,2567.53,EMP-133
CASE-01438,paid,2023-12-16 10:11:25.113460+00:00,4034.8,happy_path,2567.53,EMP-133
CASE-01439,submit,2023-12-10 00:52:05.381896+00:00,377.56,rejection_loop,1605.77,EMP-096
CASE-01439,manager_rejects,2023-12-10 00:58:22.941900+00:00,3211.43,rejection_loop,1605.77,EMP-096
CASE-01439,resubmit,2023-12-10 01:51:54.374713+00:00,8620.78,rejection_loop,1605.77,EMP-096
CASE-01439,manager_approval,2023-12-10 04:15:35.153909+00:00,68422.18,rejection_loop,1605.77,EMP-096
CASE-01439,paid,2023-12-10 23:15:57.336767+00:00,2724.62,rejection_loop,1605.77,EMP-096
CASE-01440,submit,2023-11-27 16:12:42.441617+00:00,305.89,escalation,370.53,EMP-058
CASE-01440,manager_approval,2023-11-27 16:17:48.328883+00:00,89203.79,escalation,370.53,EMP-058
CASE-01440,finance_review,2023-11-28 17:04:32.119294+00:00,207237.88,escalation,370.53,EMP-058
CASE-01440,paid,2023-12-01 02:38:30.003958+00:00,3878.13,escalation,370.53,EMP-058
CASE-01441,submit,2024-01-13 11:50:33.082479+00:00,195.75,escalation,1814.68,EMP-118
CASE-01441,manager_approval,2024-01-13 11:53:48.832671+00:00,84220.38,escalation,1814.68,EMP-118
CASE-01441,finance_review,2024-01-14 11:17:29.212526+00:00,167621.55,escalation,1814.68,EMP-118
CASE-01441,paid,2024-01-16 09:51:10.766515+00:00,3560.87,escalation,1814.68,EMP-118
CASE-01442,submit,2023-11-08 10:55:46.318028+00:00,189.11,rejection_loop,4495.77,EMP-190
CASE-01442,manager_rejects,2023-11-08 10:58:55.431879+00:00,3289.58,rejection_loop,4495.77,EMP-190
CASE-01442,resubmit,2023-11-08 11:53:45.008442+00:00,5642.24,rejection_loop,4495.77,EMP-190
CASE-01442,manager_approval,2023-11-08 13:27:47.250016+00:00,102107.43,rejection_loop,4495.77,EMP-190
CASE-01442,paid,2023-11-09 17:49:34.675259+00:00,4068.25,rejection_loop,4495.77,EMP-190
CASE-01443,submit,2024-03-03 09:20:10.592139+00:00,276.27,happy_path,2788.76,EMP-137
CASE-01443,manager_approval,2024-03-03 09:24:46.861327+00:00,84335.97,happy_path,2788.76,EMP-137
CASE-01443,finance_approval,2024-03-04 08:50:22.835966+00:00,45522.77,happy_path,2788.76,EMP-137
CASE-01443,paid,2024-03-04 21:29:05.605939+00:00,2664.96,happy_path,2788.76,EMP-137
CASE-01444,submit,2023-11-04 21:11:51.795710+00:00,409.1,escalation,1261.23,EMP-190
CASE-01444,manager_approval,2023-11-04 21:18:40.891395+00:00,69793.7,escalation,1261.23,EMP-190
CASE-01444,finance_review,2023-11-05 16:41:54.588023+00:00,182117.75,escalation,1261.23,EMP-190
CASE-01444,paid,2023-11-07 19:17:12.335531+00:00,5017.55,escalation,1261.23,EMP-190
CASE-01445,submit,2024-01-10 08:32:05.381006+00:00,332.71,happy_path,4897.92,EMP-069
CASE-01445,manager_approval,2024-01-10 08:37:38.090462+00:00,94014.73,happy_path,4897.92,EMP-069
CASE-01445,finance_approval,2024-01-11 10:44:32.825154+00:00,44468.12,happy_path,4897.92,EMP-069
CASE-01445,paid,2024-01-11 23:05:40.940863+00:00,3314.61,happy_path,4897.92,EMP-069
CASE-01446,submit,2023-11-09 09:24:08.777153+00:00,303.87,exception,2636.66,EMP-016
CASE-01446,missing_receipt,2023-11-09 09:29:12.644983+00:00,2307.71,exception,2636.66,EMP-016
CASE-01446,hold,2023-11-09 10:07:40.357250+00:00,220301.36,exception,2636.66,EMP-016
CASE-01446,resolved,2023-11-11 23:19:21.714719+00:00,3638.82,exception,2636.66,EMP-016
CASE-01446,paid,2023-11-12 00:20:00.536882+00:00,3814.5,exception,2636.66,EMP-016
CASE-01447,submit,2023-10-23 22:52:32.206412+00:00,286.85,rejection_loop,411.62,EMP-123
CASE-01447,manager_rejects,2023-10-23 22:57:19.052415+00:00,3944.52,rejection_loop,411.62,EMP-123
CASE-01447,resubmit,2023-10-24 00:03:03.577122+00:00,7797.19,rejection_loop,411.62,EMP-123
CASE-01447,manager_approval,2023-10-24 02:13:00.769347+00:00,71900.28,rejection_loop,411.62,EMP-123
CASE-01447,paid,2023-10-24 22:11:21.051332+00:00,3435.26,rejection_loop,411.62,EMP-123
CASE-01448,submit,2023-12-19 08:32:39.859875+00:00,379.18,happy_path,2868.18,EMP-149
CASE-01448,manager_approval,2023-12-19 08:38:59.035303+00:00,67026.35,happy_path,2868.18,EMP-149
CASE-01448,finance_approval,2023-12-20 03:16:05.390123+00:00,33534.73,happy_path,2868.18,EMP-149
CASE-01448,paid,2023-12-20 12:35:00.119920+00:00,4055.3,happy_path,2868.18,EMP-149
CASE-01449,submit,2023-12-24 03:01:09.012124+00:00,400.57,escalation,3192.92,EMP-194
CASE-01449,manager_approval,2023-12-24 03:07:49.579362+00:00,86512.63,escalation,3192.92,EMP-194
CASE-01449,finance_review,2023-12-25 03:09:42.209128+00:00,132341.33,escalation,3192.92,EMP-194
CASE-01449,paid,2023-12-26 15:55:23.542124+00:00,2976.58,escalation,3192.92,EMP-194
CASE-01450,submit,2023-11-23 01:49:28.714809+00:00,271.26,happy_path,2561.1,EMP-132
CASE-01450,manager_approval,2023-11-23 01:53:59.973883+00:00,73012.57,happy_path,2561.1,EMP-132
CASE-01450,finance_approval,2023-11-23 22:10:52.541490+00:00,36756.82,happy_path,2561.1,EMP-132
CASE-01450,paid,2023-11-24 08:23:29.361169+00:00,3434.85,happy_path,2561.1,EMP-132
CASE-01451,submit,2023-12-21 04:59:21.183971+00:00,443.35,escalation,2540.16,EMP-161
CASE-01451,manager_approval,2023-12-21 05:06:44.531201+00:00,78965.85,escalation,2540.16,EMP-161
CASE-01451,finance_review,2023-12-22 03:02:50.379098+00:00,135032.17,escalation,2540.16,EMP-161
CASE-01451,paid,2023-12-23 16:33:22.548895+00:00,3661.52,escalation,2540.16,EMP-161
CASE-01452,submit,2023-11-04 04:23:42.434106+00:00,305.88,exception,2379.01,EMP-042
CASE-01452,missing_receipt,2023-11-04 04:28:48.313211+00:00,1352.42,exception,2379.01,EMP-042
CASE-01452,hold,2023-11-04 04:51:20.735377+00:00,401690.77,exception,2379.01,EMP-042
CASE-01452,resolved,2023-11-08 20:26:11.508505+00:00,4268.56,exception,2379.01,EMP-042
CASE-01452,paid,2023-11-08 21:37:20.065725+00:00,2847.41,exception,2379.01,EMP-042
CASE-01453,submit,2024-02-17 07:31:24.383835+00:00,376.45,rejection_loop,1008.3,EMP-028
CASE-01453,manager_rejects,2024-02-17 07:37:40.835964+00:00,3762.24,rejection_loop,1008.3,EMP-028
CASE-01453,resubmit,2024-02-17 08:40:23.074285+00:00,9268.29,rejection_loop,1008.3,EMP-028
CASE-01453,manager_approval,2024-02-17 11:14:51.360520+00:00,75089.82,rejection_loop,1008.3,EMP-028
CASE-01453,paid,2024-02-18 08:06:21.176783+00:00,4601.21,rejection_loop,1008.3,EMP-028
CASE-01454,submit,2023-11-09 20:27:40.038545+00:00,274.99,happy_path,1535.3,EMP-157
CASE-01454,manager_approval,2023-11-09 20:32:15.023675+00:00,69549.05,happy_path,1535.3,EMP-157
CASE-01454,finance_approval,2023-11-10 15:51:24.077087+00:00,45781.96,happy_path,1535.3,EMP-157
CASE-01454,paid,2023-11-11 04:34:26.037988+00:00,4444.54,happy_path,1535.3,EMP-157
CASE-01455,submit,2023-10-31 06:48:47.094240+00:00,462.88,happy_path,831.82,EMP-170
CASE-01455,manager_approval,2023-10-31 06:56:29.976028+00:00,70044.14,happy_path,831.82,EMP-170
CASE-01455,finance_approval,2023-11-01 02:23:54.117786+00:00,35964.45,happy_path,831.82,EMP-170
CASE-01455,paid,2023-11-01 12:23:18.565581+00:00,2295.93,happy_path,831.82,EMP-170
CASE-01456,submit,2023-12-26 22:57:38.993169+00:00,331.6,rejection_loop,1383.45,EMP-068
CASE-01456,manager_rejects,2023-12-26 23:03:10.590341+00:00,3199.13,rejection_loop,1383.45,EMP-068
CASE-01456,resubmit,2023-12-26 23:56:29.717567+00:00,8194.3,rejection_loop,1383.45,EMP-068
CASE-01456,manager_approval,2023-12-27 02:13:04.019954+00:00,101779.47,rejection_loop,1383.45,EMP-068
CASE-01456,paid,2023-12-28 06:29:23.494519+00:00,2695.7,rejection_loop,1383.45,EMP-068
CASE-01457,submit,2024-02-17 06:50:36.505490+00:00,378.81,happy_path,2155.22,EMP-101
CASE-01457,manager_approval,2024-02-17 06:56:55.311088+00:00,137602.73,happy_path,2155.22,EMP-101
CASE-01457,finance_approval,2024-02-18 21:10:18.037092+00:00,43808.57,happy_path,2155.22,EMP-101
CASE-01457,paid,2024-02-19 09:20:26.609509+00:00,4467.58,happy_path,2155.22,EMP-101
CASE-01458,submit,2024-02-18 01:38:59.817539+00:00,320.95,escalation,742.65,EMP-117
CASE-01458,manager_approval,2024-02-18 01:44:20.766990+00:00,119867.85,escalation,742.65,EMP-117
CASE-01458,finance_review,2024-02-19 11:02:08.616999+00:00,181033.69,escalation,742.65,EMP-117
CASE-01458,paid,2024-02-21 13:19:22.306263+00:00,3967.55,escalation,742.65,EMP-117
CASE-01459,submit,2023-12-18 22:47:34.284760+00:00,392.09,happy_path,1898.7,EMP-083
CASE-01459,manager_approval,2023-12-18 22:54:06.370996+00:00,65994.1,happy_path,1898.7,EMP-083
CASE-01459,finance_approval,2023-12-19 17:14:00.469162+00:00,49396.64,happy_path,1898.7,EMP-083
CASE-01459,paid,2023-12-20 06:57:17.104643+00:00,3489.09,happy_path,1898.7,EMP-083
CASE-01460,submit,2023-10-22 05:31:31.327327+00:00,193.03,escalation,2228.51,EMP-071
CASE-01460,manager_approval,2023-10-22 05:34:44.355641+00:00,87226.21,escalation,2228.51,EMP-071
CASE-01460,finance_review,2023-10-23 05:48:30.567449+00:00,211100.98,escalation,2228.51,EMP-071
CASE-01460,paid,2023-10-25 16:26:51.547238+00:00,2173.12,escalation,2228.51,EMP-071
CASE-01461,submit,2024-02-20 14:54:16.981105+00:00,312.21,happy_path,4857.11,EMP-012
CASE-01461,manager_approval,2024-02-20 14:59:29.190966+00:00,44202.01,happy_path,4857.11,EMP-012
CASE-01461,finance_approval,2024-02-21 03:16:11.205270+00:00,54827.03,happy_path,4857.11,EMP-012
CASE-01461,paid,2024-02-21 18:29:58.230873+00:00,3415.75,happy_path,4857.11,EMP-012
CASE-01462,submit,2023-10-21 06:13:13.573873+00:00,256.19,exception,2951.27,EMP-016
CASE-01462,missing_receipt,2023-10-21 06:17:29.768092+00:00,1645.86,exception,2951.27,EMP-016
CASE-01462,hold,2023-10-21 06:44:55.631235+00:00,205794.19,exception,2951.27,EMP-016
CASE-01462,resolved,2023-10-23 15:54:49.822061+00:00,2671.92,exception,2951.27,EMP-016
CASE-01462,paid,2023-10-23 16:39:21.742042+00:00,5092.78,exception,2951.27,EMP-016
CASE-01463,submit,2023-10-16 07:37:53.202450+00:00,396.43,happy_path,714.71,EMP-192
CASE-01463,manager_approval,2023-10-16 07:44:29.633566+00:00,81387.79,happy_path,714.71,EMP-192
CASE-01463,finance_approval,2023-10-17 06:20:57.418839+00:00,49796.01,happy_path,714.71,EMP-192
CASE-01463,paid,2023-10-17 20:10:53.430918+00:00,1964.35,happy_path,714.71,EMP-192
CASE-01464,submit,2023-10-18 20:10:56.226395+00:00,302.35,escalation,2891.74,EMP-144
CASE-01464,manager_approval,2023-10-18 20:15:58.572787+00:00,114556.03,escalation,2891.74,EMP-144
CASE-01464,finance_review,2023-10-20 04:05:14.599911+00:00,175494.91,escalation,2891.74,EMP-144
CASE-01464,paid,2023-10-22 04:50:09.511288+00:00,2902.71,escalation,2891.74,EMP-144
CASE-01465,submit,2023-10-28 06:49:11.610289+00:00,315.14,escalation,1492.53,EMP-006
CASE-01465,manager_approval,2023-10-28 06:54:26.750360+00:00,43049.28,escalation,1492.53,EMP-006
CASE-01465,finance_review,2023-10-28 18:51:56.034469+00:00,150601.13,escalation,1492.53,EMP-006
CASE-01465,paid,2023-10-30 12:41:57.159593+00:00,2199.1,escalation,1492.53,EMP-006
CASE-01466,submit,2023-12-22 06:01:49.461492+00:00,328.65,exception,1838.09,EMP-198
CASE-01466,missing_receipt,2023-12-22 06:07:18.109006+00:00,1673.05,exception,1838.09,EMP-198
CASE-01466,hold,2023-12-22 06:35:11.163126+00:00,165064.95,exception,1838.09,EMP-198
CASE-01466,resolved,2023-12-24 04:26:16.111164+00:00,3731.84,exception,1838.09,EMP-198
CASE-01466,paid,2023-12-24 05:28:27.952999+00:00,2925.22,exception,1838.09,EMP-198
CASE-01467,submit,2024-03-18 21:10:58.765231+00:00,378.28,rejection_loop,1314.02,EMP-192
CASE-01467,manager_rejects,2024-03-18 21:17:17.046653+00:00,4147.24,rejection_loop,1314.02,EMP-192
CASE-01467,resubmit,2024-03-18 22:26:24.285356+00:00,9191.36,rejection_loop,1314.02,EMP-192
CASE-01467,manager_approval,2024-03-19 00:59:35.646336+00:00,51285.65,rejection_loop,1314.02,EMP-192
CASE-01467,paid,2024-03-19 15:14:21.295470+00:00,4318.69,rejection_loop,1314.02,EMP-192
CASE-01468,submit,2024-03-15 08:04:59.220888+00:00,289.19,rejection_loop,4166.79,EMP-016
CASE-01468,manager_rejects,2024-03-15 08:09:48.408500+00:00,3591.65,rejection_loop,4166.79,EMP-016
CASE-01468,resubmit,2024-03-15 09:09:40.061863+00:00,6775.63,rejection_loop,4166.79,EMP-016
CASE-01468,manager_approval,2024-03-15 11:02:35.690515+00:00,88520.36,rejection_loop,4166.79,EMP-016
CASE-01468,paid,2024-03-16 11:37:56.050044+00:00,1990.16,rejection_loop,4166.79,EMP-016
CASE-01469,submit,2023-12-02 01:48:39.965722+00:00,297.16,rejection_loop,2485.45,EMP-148
CASE-01469,manager_rejects,2023-12-02 01:53:37.125085+00:00,3817.0,rejection_loop,2485.45,EMP-148
CASE-01469,resubmit,2023-12-02 02:57:14.122545+00:00,7492.01,rejection_loop,2485.45,EMP-148
CASE-01469,manager_approval,2023-12-02 05:02:06.135999+00:00,109512.71,rejection_loop,2485.45,EMP-148
CASE-01469,paid,2023-12-03 11:27:18.842610+00:00,4229.51,rejection_loop,2485.45,EMP-148
CASE-01470,submit,2024-03-03 08:00:47.362190+00:00,415.6,happy_path,833.21,EMP-132
CASE-01470,manager_approval,2024-03-03 08:07:42.959801+00:00,111984.68,happy_path,833.21,EMP-132
CASE-01470,finance_approval,2024-03-04 15:14:07.639156+00:00,25739.18,happy_path,833.21,EMP-132
CASE-01470,paid,2024-03-04 22:23:06.816333+00:00,1793.67,happy_path,833.21,EMP-132
CASE-01471,submit,2024-02-27 04:42:17.708224+00:00,177.01,rejection_loop,3847.22,EMP-111
CASE-01471,manager_rejects,2024-02-27 04:45:14.719974+00:00,3869.11,rejection_loop,3847.22,EMP-111
CASE-01471,resubmit,2024-02-27 05:49:43.834440+00:00,8233.74,rejection_loop,3847.22,EMP-111
CASE-01471,manager_approval,2024-02-27 08:06:57.569802+00:00,85959.42,rejection_loop,3847.22,EMP-111
CASE-01471,paid,2024-02-28 07:59:36.988430+00:00,3324.1,rejection_loop,3847.22,EMP-111
CASE-01472,submit,2024-02-04 15:58:20.064606+00:00,333.25,escalation,2297.53,EMP-200
CASE-01472,manager_approval,2024-02-04 16:03:53.309662+00:00,96215.14,escalation,2297.53,EMP-200
CASE-01472,finance_review,2024-02-05 18:47:28.450251+00:00,131225.01,escalation,2297.53,EMP-200
CASE-01472,paid,2024-02-07 07:14:33.458228+00:00,4766.23,escalation,2297.53,EMP-200
CASE-01473,submit,2023-10-04 12:53:01.500211+00:00,310.56,happy_path,4149.7,EMP-005
CASE-01473,manager_approval,2023-10-04 12:58:12.059330+00:00,80980.68,happy_path,4149.7,EMP-005
CASE-01473,finance_approval,2023-10-05 11:27:52.734732+00:00,46894.2,happy_path,4149.7,EMP-005
CASE-01473,paid,2023-10-06 00:29:26.935294+00:00,4334.36,happy_path,4149.7,EMP-005
CASE-01474,submit,2024-01-30 18:32:09.882469+00:00,237.35,rejection_loop,2685.2,EMP-168
CASE-01474,manager_rejects,2024-01-30 18:36:07.235668+00:00,3697.95,rejection_loop,2685.2,EMP-168
CASE-01474,resubmit,2024-01-30 19:37:45.181849+00:00,4865.52,rejection_loop,2685.2,EMP-168
CASE-01474,manager_approval,2024-01-30 20:58:50.697230+00:00,59199.69,rejection_loop,2685.2,EMP-168
CASE-01474,paid,2024-01-31 13:25:30.384362+00:00,5067.84,rejection_loop,2685.2,EMP-168
CASE-01475,submit,2023-10-29 16:35:09.712168+00:00,290.06,rejection_loop,805.39,EMP-198
CASE-01475,manager_rejects,2023-10-29 16:39:59.771132+00:00,3858.25,rejection_loop,805.39,EMP-198
CASE-01475,resubmit,2023-10-29 17:44:18.024308+00:00,2966.64,rejection_loop,805.39,EMP-198
CASE-01475,manager_approval,2023-10-29 18:33:44.663897+00:00,75572.46,rejection_loop,805.39,EMP-198
CASE-01475,paid,2023-10-30 15:33:17.121356+00:00,4055.35,rejection_loop,805.39,EMP-198
CASE-01476,submit,2024-03-18 02:58:15.490034+00:00,307.68,happy_path,392.87,EMP-081
CASE-01476,manager_approval,2024-03-18 03:03:23.173160+00:00,78490.85,happy_path,392.87,EMP-081
CASE-01476,finance_approval,2024-03-19 00:51:34.026355+00:00,39149.6,happy_path,392.87,EMP-081
CASE-01476,paid,2024-03-19 11:44:03.624927+00:00,5031.74,happy_path,392.87,EMP-081
CASE-01477,submit,2023-12-05 23:05:21.786706+00:00,457.51,happy_path,4603.4,EMP-198
CASE-01477,manager_approval,2023-12-05 23:12:59.292818+00:00,116472.34,happy_path,4603.4,EMP-198
CASE-01477,finance_approval,2023-12-07 07:34:11.629058+00:00,54908.72,happy_path,4603.4,EMP-198
CASE-01477,paid,2023-12-07 22:49:20.346354+00:00,2015.16,happy_path,4603.4,EMP-198
CASE-01478,submit,2024-03-04 18:05:33.525085+00:00,342.11,happy_path,2247.56,EMP-191
CASE-01478,manager_approval,2024-03-04 18:11:15.633334+00:00,88165.64,happy_path,2247.56,EMP-191
CASE-01478,finance_approval,2024-03-05 18:40:41.274716+00:00,45410.43,happy_path,2247.56,EMP-191
CASE-01478,paid,2024-03-06 07:17:31.701549+00:00,3045.15,happy_path,2247.56,EMP-191
CASE-01479,submit,2023-10-19 17:07:11.463874+00:00,315.04,rejection_loop,2971.58,EMP-032
CASE-01479,manager_rejects,2023-10-19 17:12:26.501344+00:00,4201.65,rejection_loop,2971.58,EMP-032
CASE-01479,resubmit,2023-10-19 18:22:28.150486+00:00,10747.74,rejection_loop,2971.58,EMP-032
CASE-01479,manager_approval,2023-10-19 21:21:35.891051+00:00,84645.68,rejection_loop,2971.58,EMP-032
CASE-01479,paid,2023-10-20 20:52:21.571611+00:00,3147.36,rejection_loop,2971.58,EMP-032
CASE-01480,submit,2024-02-13 07:34:24.395989+00:00,176.17,rejection_loop,645.77,EMP-126
CASE-01480,manager_rejects,2024-02-13 07:37:20.567963+00:00,5128.03,rejection_loop,645.77,EMP-126
CASE-01480,resubmit,2024-02-13 09:02:48.597092+00:00,6134.76,rejection_loop,645.77,EMP-126
CASE-01480,manager_approval,2024-02-13 10:45:03.354246+00:00,93945.94,rejection_loop,645.77,EMP-126
CASE-01480,paid,2024-02-14 12:50:49.293255+00:00,4500.78,rejection_loop,645.77,EMP-126
CASE-01481,submit,2023-10-05 21:44:54.199544+00:00,338.53,happy_path,2568.24,EMP-117
CASE-01481,manager_approval,2023-10-05 21:50:32.729854+00:00,69961.91,happy_path,2568.24,EMP-117
CASE-01481,finance_approval,2023-10-06 17:16:34.640533+00:00,48343.58,happy_path,2568.24,EMP-117
CASE-01481,paid,2023-10-07 06:42:18.217849+00:00,4001.29,happy_path,2568.24,EMP-117
CASE-01482,submit,2023-12-20 03:31:23.458072+00:00,293.41,happy_path,1584.41,EMP-017
CASE-01482,manager_approval,2023-12-20 03:36:16.869490+00:00,96933.54,happy_path,1584.41,EMP-017
CASE-01482,finance_approval,2023-12-21 06:31:50.408179+00:00,38224.6,happy_path,1584.41,EMP-017
CASE-01482,paid,2023-12-21 17:08:55.010362+00:00,3978.07,happy_path,1584.41,EMP-017
CASE-01483,submit,2023-10-05 20:28:19.659142+00:00,299.95,escalation,1978.95,EMP-121
CASE-01483,manager_approval,2023-10-05 20:33:19.612672+00:00,120457.02,escalation,1978.95,EMP-121
CASE-01483,finance_review,2023-10-07 06:00:56.632520+00:00,157230.34,escalation,1978.95,EMP-121
CASE-01483,paid,2023-10-09 01:41:26.970226+00:00,3819.15,escalation,1978.95,EMP-121
CASE-01484,submit,2023-10-26 00:44:12.006924+00:00,289.01,rejection_loop,927.92,EMP-003
CASE-01484,manager_rejects,2023-10-26 00:49:01.013373+00:00,4116.13,rejection_loop,927.92,EMP-003
CASE-01484,resubmit,2023-10-26 01:57:37.138585+00:00,9501.88,rejection_loop,927.92,EMP-003
CASE-01484,manager_approval,2023-10-26 04:35:59.020129+00:00,86992.0,rejection_loop,927.92,EMP-003
CASE-01484,paid,2023-10-27 04:45:51.019273+00:00,3281.15,rejection_loop,927.92,EMP-003
CASE-01485,submit,2023-11-24 18:07:31.380312+00:00,217.41,rejection_loop,4338.41,EMP-170
CASE-01485,manager_rejects,2023-11-24 18:11:08.786621+00:00,2847.93,rejection_loop,4338.41,EMP-170
CASE-01485,resubmit,2023-11-24 18:58:36.719636+00:00,6225.3,rejection_loop,4338.41,EMP-170
CASE-01485,manager_approval,2023-11-24 20:42:22.021562+00:00,92903.14,rejection_loop,4338.41,EMP-170
CASE-01485,paid,2023-11-25 22:30:45.166147+00:00,3087.85,rejection_loop,4338.41,EMP-170
CASE-01486,submit,2024-03-09 05:36:51.905653+00:00,295.99,rejection_loop,3359.91,EMP-094
CASE-01486,manager_rejects,2024-03-09 05:41:47.897211+00:00,3876.07,rejection_loop,3359.91,EMP-094
CASE-01486,resubmit,2024-03-09 06:46:23.971401+00:00,7879.85,rejection_loop,3359.91,EMP-094
CASE-01486,manager_approval,2024-03-09 08:57:43.820468+00:00,67937.61,rejection_loop,3359.91,EMP-094
CASE-01486,paid,2024-03-10 03:50:01.429135+00:00,3611.82,rejection_loop,3359.91,EMP-094
CASE-01487,submit,2024-01-22 22:39:59.834071+00:00,313.51,escalation,4549.46,EMP-068
CASE-01487,manager_approval,2024-01-22 22:45:13.341540+00:00,87279.51,escalation,4549.46,EMP-068
CASE-01487,finance_review,2024-01-23 22:59:52.846921+00:00,220736.79,escalation,4549.46,EMP-068
CASE-01487,paid,2024-01-26 12:18:49.636037+00:00,3780.75,escalation,4549.46,EMP-068
CASE-01488,submit,2023-10-11 08:52:39.447237+00:00,241.95,rejection_loop,764.49,EMP-105
CASE-01488,manager_rejects,2023-10-11 08:56:41.401438+00:00,4165.79,rejection_loop,764.49,EMP-105
CASE-01488,resubmit,2023-10-11 10:06:07.189650+00:00,6156.94,rejection_loop,764.49,EMP-105
CASE-01488,manager_approval,2023-10-11 11:48:44.127226+00:00,84401.04,rejection_loop,764.49,EMP-105
CASE-01488,paid,2023-10-12 11:15:25.171120+00:00,5511.26,rejection_loop,764.49,EMP-105
CASE-01489,submit,2024-03-25 08:54:55.197388+00:00,311.99,happy_path,4941.55,EMP-029
CASE-01489,manager_approval,2024-03-25 09:00:07.192145+00:00,64586.43,happy_path,4941.55,EMP-029
CASE-01489,finance_approval,2024-03-26 02:56:33.625457+00:00,44852.51,happy_path,4941.55,EMP-029
CASE-01489,paid,2024-03-26 15:24:06.133532+00:00,4377.88,happy_path,4941.55,EMP-029
CASE-01490,submit,2023-11-28 01:22:53.084415+00:00,261.39,rejection_loop,4056.65,EMP-001
CASE-01490,manager_rejects,2023-11-28 01:27:14.474630+00:00,2328.01,rejection_loop,4056.65,EMP-001
CASE-01490,resubmit,2023-11-28 02:06:02.482017+00:00,7940.69,rejection_loop,4056.65,EMP-001
CASE-01490,manager_approval,2023-11-28 04:18:23.174614+00:00,108271.29,rejection_loop,4056.65,EMP-001
CASE-01490,paid,2023-11-29 10:22:54.467466+00:00,4548.69,rejection_loop,4056.65,EMP-001
CASE-01491,submit,2023-10-20 08:26:26.207344+00:00,186.96,happy_path,3087.37,EMP-184
CASE-01491,manager_approval,2023-10-20 08:29:33.166642+00:00,88241.8,happy_path,3087.37,EMP-184
CASE-01491,finance_approval,2023-10-21 09:00:14.968394+00:00,39833.8,happy_path,3087.37,EMP-184
CASE-01491,paid,2023-10-21 20:04:08.765148+00:00,3397.98,happy_path,3087.37,EMP-184
CASE-01492,submit,2023-11-12 14:23:02.232851+00:00,323.29,escalation,4036.97,EMP-037
CASE-01492,manager_approval,2023-11-12 14:28:25.518431+00:00,91159.78,escalation,4036.97,EMP-037
CASE-01492,finance_review,2023-11-13 15:47:45.301271+00:00,98571.92,escalation,4036.97,EMP-037
CASE-01492,paid,2023-11-14 19:10:37.220403+00:00,4667.52,escalation,4036.97,EMP-037
CASE-01493,submit,2024-02-11 09:43:50.811036+00:00,270.18,happy_path,1169.81,EMP-048
CASE-01493,manager_approval,2024-02-11 09:48:20.994083+00:00,118669.91,happy_path,1169.81,EMP-048
CASE-01493,finance_approval,2024-02-12 18:46:10.905121+00:00,33845.97,happy_path,1169.81,EMP-048
CASE-01493,paid,2024-02-13 04:10:16.876904+00:00,3883.44,happy_path,1169.81,EMP-048
CASE-01494,submit,2024-02-16 18:44:25.543645+00:00,342.51,escalation,4938.83,EMP-069
CASE-01494,manager_approval,2024-02-16 18:50:08.057633+00:00,103052.59,escalation,4938.83,EMP-069
CASE-01494,finance_review,2024-02-17 23:27:40.647339+00:00,142699.72,escalation,4938.83,EMP-069
CASE-01494,paid,2024-02-19 15:06:00.365780+00:00,2595.17,escalation,4938.83,EMP-069
CASE-01495,submit,2024-01-24 17:43:21.245341+00:00,345.87,exception,219.42,EMP-099
CASE-01495,missing_receipt,2024-01-24 17:49:07.115614+00:00,995.4,exception,219.42,EMP-099
CASE-01495,hold,2024-01-24 18:05:42.512312+00:00,381309.56,exception,219.42,EMP-099
CASE-01495,resolved,2024-01-29 04:00:52.067734+00:00,3676.51,exception,219.42,EMP-099
CASE-01495,paid,2024-01-29 05:02:08.581042+00:00,3939.01,exception,219.42,EMP-099
CASE-01496,submit,2023-12-29 02:12:35.267819+00:00,261.99,happy_path,107.98,EMP-124
CASE-01496,manager_approval,2023-12-29 02:16:57.259512+00:00,69483.31,happy_path,107.98,EMP-124
CASE-01496,finance_approval,2023-12-29 21:35:00.567608+00:00,51621.81,happy_path,107.98,EMP-124
CASE-01496,paid,2023-12-30 11:55:22.377298+00:00,4082.51,happy_path,107.98,EMP-124
CASE-01497,submit,2023-11-19 07:18:57.744736+00:00,228.14,happy_path,1113.44,EMP-160
CASE-01497,manager_approval,2023-11-19 07:22:45.887703+00:00,53212.24,happy_path,1113.44,EMP-160
CASE-01497,finance_approval,2023-11-19 22:09:38.126940+00:00,47591.01,happy_path,1113.44,EMP-160
CASE-01497,paid,2023-11-20 11:22:49.134327+00:00,2994.46,happy_path,1113.44,EMP-160
CASE-01498,submit,2023-11-17 22:49:43.357171+00:00,240.23,happy_path,4983.59,EMP-048
CASE-01498,manager_approval,2023-11-17 22:53:43.584655+00:00,95151.04,happy_path,4983.59,EMP-048
CASE-01498,finance_approval,2023-11-19 01:19:34.622525+00:00,35404.67,happy_path,4983.59,EMP-048
CASE-01498,paid,2023-11-19 11:09:39.296534+00:00,2334.32,happy_path,4983.59,EMP-048
CASE-01499,submit,2023-11-19 07:34:10.755662+00:00,273.23,escalation,1744.76,EMP-133
CASE-01499,manager_approval,2023-11-19 07:38:43.982286+00:00,90942.57,escalation,1744.76,EMP-133
CASE-01499,finance_review,2023-11-20 08:54:26.556694+00:00,128159.17,escalation,1744.76,EMP-133
CASE-01499,paid,2023-11-21 20:30:25.728708+00:00,4712.48,escalation,1744.76,EMP-133
CASE-01500,submit,2023-10-24 15:35:59.477216+00:00,311.94,happy_path,4876.69,EMP-029
CASE-01500,manager_approval,2023-10-24 15:41:11.421662+00:00,83793.11,happy_path,4876.69,EMP-029
CASE-01500,finance_approval,2023-10-25 14:57:44.533728+00:00,39560.84,happy_path,4876.69,EMP-029
CASE-01500,paid,2023-10-26 01:57:05.371250+00:00,3031.29,happy_path,4876.69,EMP-029
CASE-01501,submit,2023-11-04 20:53:07.693122+00:00,353.86,escalation,4700.77,EMP-130
CASE-01501,manager_approval,2023-11-04 20:59:01.550242+00:00,105558.61,escalation,4700.77,EMP-130
CASE-01501,finance_review,2023-11-06 02:18:20.157863+00:00,91407.11,escalation,4700.77,EMP-130
CASE-01501,paid,2023-11-07 03:41:47.270964+00:00,3103.62,escalation,4700.77,EMP-130
CASE-01502,submit,2024-02-12 00:20:28.454750+00:00,297.73,escalation,3890.76,EMP-051
CASE-01502,manager_approval,2024-02-12 00:25:26.183868+00:00,68610.35,escalation,3890.76,EMP-051
CASE-01502,finance_review,2024-02-12 19:28:56.532512+00:00,219306.96,escalation,3890.76,EMP-051
CASE-01502,paid,2024-02-15 08:24:03.489925+00:00,4632.74,escalation,3890.76,EMP-051
CASE-01503,submit,2024-01-08 02:27:18.431546+00:00,397.02,escalation,4011.29,EMP-093
CASE-01503,manager_approval,2024-01-08 02:33:55.446909+00:00,60761.69,escalation,4011.29,EMP-093
CASE-01503,finance_review,2024-01-08 19:26:37.135734+00:00,33957.09,escalation,4011.29,EMP-093
CASE-01503,paid,2024-01-09 04:52:34.224374+00:00,3864.35,escalation,4011.29,EMP-093
CASE-01504,submit,2023-11-12 17:25:56.553129+00:00,330.56,escalation,3192.79,EMP-159
CASE-01504,manager_approval,2023-11-12 17:31:27.115605+00:00,117473.52,escalation,3192.79,EMP-159
CASE-01504,finance_review,2023-11-14 02:09:20.633878+00:00,143864.71,escalation,3192.79,EMP-159
CASE-01504,paid,2023-11-15 18:07:05.346342+00:00,1430.93,escalation,3192.79,EMP-159
CASE-01505,submit,2024-03-23 15:07:30.803233+00:00,262.08,happy_path,1050.87,EMP-013
CASE-01505,manager_approval,2024-03-23 15:11:52.878366+00:00,103589.48,happy_path,1050.87,EMP-013
CASE-01505,finance_approval,2024-03-24 19:58:22.359427+00:00,41294.35,happy_path,1050.87,EMP-013
CASE-01505,paid,2024-03-25 07:26:36.708284+00:00,5555.65,happy_path,1050.87,EMP-013
CASE-01506,submit,2024-02-09 21:05:09.019360+00:00,206.47,rejection_loop,2366.62,EMP-035
CASE-01506,manager_rejects,2024-02-09 21:08:35.487423+00:00,3526.86,rejection_loop,2366.62,EMP-035
CASE-01506,resubmit,2024-02-09 22:07:22.349694+00:00,7875.38,rejection_loop,2366.62,EMP-035
CASE-01506,manager_approval,2024-02-10 00:18:37.732099+00:00,78098.23,rejection_loop,2366.62,EMP-035
CASE-01506,paid,2024-02-10 22:00:15.964417+00:00,2308.81,rejection_loop,2366.62,EMP-035
CASE-01507,submit,2024-03-23 16:04:16.507605+00:00,357.45,happy_path,3680.63,EMP-153
CASE-01507,manager_approval,2024-03-23 16:10:13.959830+00:00,94472.21,happy_path,3680.63,EMP-153
CASE-01507,finance_approval,2024-03-24 18:24:46.165989+00:00,51484.93,happy_path,3680.63,EMP-153
CASE-01507,paid,2024-03-25 08:42:51.099254+00:00,4914.38,happy_path,3680.63,EMP-153
CASE-01508,submit,2023-12-12 10:08:57.584340+00:00,333.69,rejection_loop,4044.59,EMP-063
CASE-01508,manager_rejects,2023-12-12 10:14:31.273060+00:00,4126.77,rejection_loop,4044.59,EMP-063
CASE-01508,resubmit,2023-12-12 11:23:18.038442+00:00,6057.55,rejection_loop,4044.59,EMP-063
CASE-01508,manager_approval,2023-12-12 13:04:15.584324+00:00,77527.6,rejection_loop,4044.59,EMP-063
CASE-01508,paid,2023-12-13 10:36:23.181176+00:00,3219.71,rejection_loop,4044.59,EMP-063
CASE-01509,submit,2023-10-25 05:23:47.554041+00:00,334.71,exception,745.18,EMP-103
CASE-01509,missing_receipt,2023-10-25 05:29:22.261558+00:00,1753.16,exception,745.18,EMP-103
CASE-01509,hold,2023-10-25 05:58:35.425689+00:00,51972.28,exception,745.18,EMP-103
CASE-01509,resolved,2023-10-25 20:24:47.705589+00:00,3975.64,exception,745.18,EMP-103
CASE-01509,paid,2023-10-25 21:31:03.342214+00:00,4394.76,exception,745.18,EMP-103
CASE-01510,submit,2024-01-25 14:47:18.756324+00:00,227.48,escalation,3814.89,EMP-003
CASE-01510,manager_approval,2024-01-25 14:51:06.236006+00:00,82998.45,escalation,3814.89,EMP-003
CASE-01510,finance_review,2024-01-26 13:54:24.690792+00:00,180716.85,escalation,3814.89,EMP-003
CASE-01510,paid,2024-01-28 16:06:21.541297+00:00,2395.46,escalation,3814.89,EMP-003
CASE-01511,submit,2024-01-08 10:14:27.442096+00:00,273.3,happy_path,2219.45,EMP-032
CASE-01511,manager_approval,2024-01-08 10:19:00.740716+00:00,78444.22,happy_path,2219.45,EMP-032
CASE-01511,finance_approval,2024-01-09 08:06:24.959352+00:00,52005.09,happy_path,2219.45,EMP-032
CASE-01511,paid,2024-01-09 22:33:10.054308+00:00,2569.38,happy_path,2219.45,EMP-032
CASE-01512,submit,2023-12-10 16:05:14.604773+00:00,322.75,rejection_loop,4382.42,EMP-011
CASE-01512,manager_rejects,2023-12-10 16:10:37.358146+00:00,3414.44,rejection_loop,4382.42,EMP-011
CASE-01512,resubmit,2023-12-10 17:07:31.799582+00:00,4865.42,rejection_loop,4382.42,EMP-011
CASE-01512,manager_approval,2023-12-10 18:28:37.216234+00:00,92380.71,rejection_loop,4382.42,EMP-011
CASE-01512,paid,2023-12-11 20:08:17.930606+00:00,4583.51,rejection_loop,4382.42,EMP-011
CASE-01513,submit,2024-01-05 02:39:56.926613+00:00,235.45,rejection_loop,3804.37,EMP-058
CASE-01513,manager_rejects,2024-01-05 02:43:52.375053+00:00,4426.48,rejection_loop,3804.37,EMP-058
CASE-01513,resubmit,2024-01-05 03:57:38.852171+00:00,8742.49,rejection_loop,3804.37,EMP-058
CASE-01513,manager_approval,2024-01-05 06:23:21.337698+00:00,128257.32,rejection_loop,3804.37,EMP-058
CASE-01513,paid,2024-01-06 18:00:58.660625+00:00,3149.1,rejection_loop,3804.37,EMP-058
CASE-01514,submit,2024-03-01 14:35:00.190014+00:00,361.13,happy_path,4257.33,EMP-127
CASE-01514,manager_approval,2024-03-01 14:41:01.315058+00:00,81225.8,happy_path,4257.33,EMP-127
CASE-01514,finance_approval,2024-03-02 13:14:47.113749+00:00,33877.87,happy_path,4257.33,EMP-127
CASE-01514,paid,2024-03-02 22:39:24.983467+00:00,2225.89,happy_path,4257.33,EMP-127
CASE-01515,submit,2024-03-13 20:26:22.071569+00:00,265.92,happy_path,3634.06,EMP-071
CASE-01515,manager_approval,2024-03-13 20:30:47.986954+00:00,71517.09,happy_path,3634.06,EMP-071
CASE-01515,finance_approval,2024-03-14 16:22:45.080933+00:00,40470.7,happy_path,3634.06,EMP-071
CASE-01515,paid,2024-03-15 03:37:15.780743+00:00,3006.41,happy_path,3634.06,EMP-071
CASE-01516,submit,2024-02-25 01:52:59.642100+00:00,303.2,happy_path,113.98,EMP-183
CASE-01516,manager_approval,2024-02-25 01:58:02.838328+00:00,111621.75,happy_path,113.98,EMP-183
CASE-01516,finance_approval,2024-02-26 08:58:24.584400+00:00,34240.72,happy_path,113.98,EMP-183
CASE-01516,paid,2024-02-26 18:29:05.301997+00:00,2878.53,happy_path,113.98,EMP-183
CASE-01517,submit,2023-12-29 19:33:49.284402+00:00,239.27,happy_path,3915.56,EMP-182
CASE-01517,manager_approval,2023-12-29 19:37:48.553596+00:00,69077.35,happy_path,3915.56,EMP-182
CASE-01517,finance_approval,2023-12-30 14:49:05.906674+00:00,31791.23,happy_path,3915.56,EMP-182
CASE-01517,paid,2023-12-30 23:38:57.141162+00:00,2470.26,happy_path,3915.56,EMP-182
CASE-01518,submit,2024-01-17 06:16:54.873354+00:00,340.29,escalation,258.4,EMP-028
CASE-01518,manager_approval,2024-01-17 06:22:35.164450+00:00,34783.68,escalation,258.4,EMP-028
CASE-01518,finance_review,2024-01-17 16:02:18.841932+00:00,153595.54,escalation,258.4,EMP-028
CASE-01518,paid,2024-01-19 10:42:14.379406+00:00,3394.16,escalation,258.4,EMP-028
CASE-01519,submit,2024-02-07 16:11:55.918932+00:00,212.36,rejection_loop,1835.47,EMP-173
CASE-01519,manager_rejects,2024-02-07 16:15:28.280817+00:00,2930.68,rejection_loop,1835.47,EMP-173
CASE-01519,resubmit,2024-02-07 17:04:18.961727+00:00,7098.38,rejection_loop,1835.47,EMP-173
CASE-01519,manager_approval,2024-02-07 19:02:37.337471+00:00,80360.68,rejection_loop,1835.47,EMP-173
CASE-01519,paid,2024-02-08 17:21:58.018378+00:00,3015.86,rejection_loop,1835.47,EMP-173
CASE-01520,submit,2024-03-20 05:39:03.765584+00:00,248.41,happy_path,4323.89,EMP-010
CASE-01520,manager_approval,2024-03-20 05:43:12.177486+00:00,98142.84,happy_path,4323.89,EMP-010
CASE-01520,finance_approval,2024-03-21 08:58:55.012873+00:00,33859.95,happy_path,4323.89,EMP-010
CASE-01520,paid,2024-03-21 18:23:14.961109+00:00,3831.2,happy_path,4323.89,EMP-010
CASE-01521,submit,2024-01-24 11:51:06.864140+00:00,212.11,happy_path,2856.3,EMP-007
CASE-01521,manager_approval,2024-01-24 11:54:38.975028+00:00,77850.24,happy_path,2856.3,EMP-007
CASE-01521,finance_approval,2024-01-25 09:32:09.216902+00:00,48465.01,happy_path,2856.3,EMP-007
CASE-01521,paid,2024-01-25 22:59:54.230897+00:00,3416.13,happy_path,2856.3,EMP-007
CASE-01522,submit,2024-02-27 07:21:05.862928+00:00,307.55,happy_path,4460.18,EMP-092
CASE-01522,manager_approval,2024-02-27 07:26:13.412381+00:00,53958.65,happy_path,4460.18,EMP-092
CASE-01522,finance_approval,2024-02-27 22:25:32.066523+00:00,59318.18,happy_path,4460.18,EMP-092
CASE-01522,paid,2024-02-28 14:54:10.241847+00:00,3607.98,happy_path,4460.18,EMP-092
CASE-01523,submit,2023-11-19 08:54:37.345930+00:00,365.21,happy_path,2318.11,EMP-163
CASE-01523,manager_approval,2023-11-19 09:00:42.553751+00:00,90409.27,happy_path,2318.11,EMP-163
CASE-01523,finance_approval,2023-11-20 10:07:31.822929+00:00,38448.95,happy_path,2318.11,EMP-163
CASE-01523,paid,2023-11-20 20:48:20.774489+00:00,3747.72,happy_path,2318.11,EMP-163
CASE-01524,submit,2024-02-20 13:46:57.837028+00:00,225.11,happy_path,2036.54,EMP-090
CASE-01524,manager_approval,2024-02-20 13:50:42.944799+00:00,98359.97,happy_path,2036.54,EMP-090
CASE-01524,finance_approval,2024-02-21 17:10:02.910481+00:00,50679.18,happy_path,2036.54,EMP-090
CASE-01524,paid,2024-02-22 07:14:42.092427+00:00,4310.78,happy_path,2036.54,EMP-090
CASE-01525,submit,2023-11-28 23:25:39.029107+00:00,329.6,escalation,4035.52,EMP-059
CASE-01525,manager_approval,2023-11-28 23:31:08.630851+00:00,69949.76,escalation,4035.52,EMP-059
CASE-01525,finance_review,2023-11-29 18:56:58.387969+00:00,262701.6,escalation,4035.52,EMP-059
CASE-01525,paid,2023-12-02 19:55:19.983346+00:00,4374.34,escalation,4035.52,EMP-059
CASE-01526,submit,2023-12-10 21:14:54.167195+00:00,332.96,escalation,3215.4,EMP-194
CASE-01526,manager_approval,2023-12-10 21:20:27.124954+00:00,83280.86,escalation,3215.4,EMP-194
CASE-01526,finance_review,2023-12-11 20:28:27.985562+00:00,240239.31,escalation,3215.4,EMP-194
CASE-01526,paid,2023-12-14 15:12:27.297049+00:00,2637.2,escalation,3215.4,EMP-194
CASE-01527,submit,2023-11-30 02:19:20.058532+00:00,387.66,rejection_loop,3786.12,EMP-044
CASE-01527,manager_rejects,2023-11-30 02:25:47.714232+00:00,4205.77,rejection_loop,3786.12,EMP-044
CASE-01527,resubmit,2023-11-30 03:35:53.483727+00:00,8732.11,rejection_loop,3786.12,EMP-044
CASE-01527,manager_approval,2023-11-30 06:01:25.590256+00:00,114576.27,rejection_loop,3786.12,EMP-044
CASE-01527,paid,2023-12-01 13:51:01.857210+00:00,2842.79,rejection_loop,3786.12,EMP-044
CASE-01528,submit,2023-11-04 00:33:46.820234+00:00,282.46,escalation,3796.01,EMP-138
CASE-01528,manager_approval,2023-11-04 00:38:29.281605+00:00,80583.98,escalation,3796.01,EMP-138
CASE-01528,finance_review,2023-11-04 23:01:33.260947+00:00,229540.61,escalation,3796.01,EMP-138
CASE-01528,paid,2023-11-07 14:47:13.871165+00:00,4385.71,escalation,3796.01,EMP-138
CASE-01529,submit,2023-10-29 05:42:24.185238+00:00,269.91,exception,3332.79,EMP-068
CASE-01529,missing_receipt,2023-10-29 05:46:54.092658+00:00,2036.55,exception,3332.79,EMP-068
CASE-01529,hold,2023-10-29 06:20:50.645273+00:00,316348.15,exception,3332.79,EMP-068
CASE-01529,resolved,2023-11-01 22:13:18.799889+00:00,4039.09,exception,3332.79,EMP-068
CASE-01529,paid,2023-11-01 23:20:37.886888+00:00,4426.02,exception,3332.79,EMP-068
CASE-01530,submit,2024-01-13 14:51:40.670572+00:00,218.98,rejection_loop,4002.51,EMP-158
CASE-01530,manager_rejects,2024-01-13 14:55:19.650731+00:00,5618.66,rejection_loop,4002.51,EMP-158
CASE-01530,resubmit,2024-01-13 16:28:58.309622+00:00,10639.74,rejection_loop,4002.51,EMP-158
CASE-01530,manager_approval,2024-01-13 19:26:18.048647+00:00,80569.4,rejection_loop,4002.51,EMP-158
CASE-01530,paid,2024-01-14 17:49:07.449708+00:00,3691.74,rejection_loop,4002.51,EMP-158
CASE-01531,submit,2023-10-07 17:52:18.111382+00:00,314.77,escalation,3354.23,EMP-071
CASE-01531,manager_approval,2023-10-07 17:57:32.882396+00:00,119263.24,escalation,3354.23,EMP-071
CASE-01531,finance_review,2023-10-09 03:05:16.126640+00:00,189869.51,escalation,3354.23,EMP-071
CASE-01531,paid,2023-10-11 07:49:45.640691+00:00,5401.11,escalation,3354.23,EMP-071
CASE-01532,submit,2023-10-05 05:38:50.245743+00:00,300.49,happy_path,4067.05,EMP-038
CASE-01532,manager_approval,2023-10-05 05:43:50.733799+00:00,90822.43,happy_path,4067.05,EMP-038
CASE-01532,finance_approval,2023-10-06 06:57:33.165371+00:00,32739.63,happy_path,4067.05,EMP-038
CASE-01532,paid,2023-10-06 16:03:12.799938+00:00,2487.22,happy_path,4067.05,EMP-038
CASE-01533,submit,2023-11-06 14:28:22.619645+00:00,328.37,happy_path,2778.57,EMP-146
CASE-01533,manager_approval,2023-11-06 14:33:50.988587+00:00,110437.61,happy_path,2778.57,EMP-146
CASE-01533,finance_approval,2023-11-07 21:14:28.595468+00:00,35588.53,happy_path,2778.57,EMP-146
CASE-01533,paid,2023-11-08 07:07:37.125977+00:00,4294.76,happy_path,2778.57,EMP-146
CASE-01534,submit,2024-02-07 05:08:32.680064+00:00,407.53,exception,1966.16,EMP-067
CASE-01534,missing_receipt,2024-02-07 05:15:20.205871+00:00,1738.65,exception,1966.16,EMP-067
CASE-01534,hold,2024-02-07 05:44:18.854101+00:00,252130.87,exception,1966.16,EMP-067
CASE-01534,resolved,2024-02-10 03:46:29.726147+00:00,4174.91,exception,1966.16,EMP-067
CASE-01534,paid,2024-02-10 04:56:04.632036+00:00,5312.15,exception,1966.16,EMP-067
CASE-01535,submit,2023-10-27 05:00:32.057268+00:00,217.13,happy_path,1817.52,EMP-178
CASE-01535,manager_approval,2023-10-27 05:04:09.185404+00:00,126699.38,happy_path,1817.52,EMP-178
CASE-01535,finance_approval,2023-10-28 16:15:48.569078+00:00,26950.65,happy_path,1817.52,EMP-178
CASE-01535,paid,2023-10-28 23:44:59.214500+00:00,3621.82,happy_path,1817.52,EMP-178
CASE-01536,submit,2024-02-07 12:05:20.130636+00:00,374.58,happy_path,4906.0,EMP-130
CASE-01536,manager_approval,2024-02-07 12:11:34.709101+00:00,76485.58,happy_path,4906.0,EMP-130
CASE-01536,finance_approval,2024-02-08 09:26:20.290056+00:00,42453.44,happy_path,4906.0,EMP-130
CASE-01536,paid,2024-02-08 21:13:53.727418+00:00,3898.49,happy_path,4906.0,EMP-130
CASE-01537,submit,2024-02-27 19:03:17.792518+00:00,261.72,happy_path,3525.62,EMP-142
CASE-01537,manager_approval,2024-02-27 19:07:39.510319+00:00,89185.63,happy_path,3525.62,EMP-142
CASE-01537,finance_approval,2024-02-28 19:54:05.137884+00:00,48825.3,happy_path,3525.62,EMP-142
CASE-01537,paid,2024-02-29 09:27:50.439321+00:00,4117.47,happy_path,3525.62,EMP-142
CASE-01538,submit,2024-03-22 13:40:06.702317+00:00,242.99,happy_path,2975.76,EMP-017
CASE-01538,manager_approval,2024-03-22 13:44:09.696765+00:00,99528.38,happy_path,2975.76,EMP-017
CASE-01538,finance_approval,2024-03-23 17:22:58.079163+00:00,51321.52,happy_path,2975.76,EMP-017
CASE-01538,paid,2024-03-24 07:38:19.596735+00:00,3311.18,happy_path,2975.76,EMP-017
CASE-01539,submit,2023-10-14 11:30:57.313503+00:00,292.52,happy_path,4344.51,EMP-038
CASE-01539,manager_approval,2023-10-14 11:35:49.830307+00:00,53618.22,happy_path,4344.51,EMP-038
CASE-01539,finance_approval,2023-10-15 02:29:28.046396+00:00,57395.27,happy_path,4344.51,EMP-038
CASE-01539,paid,2023-10-15 18:26:03.319233+00:00,3488.07,happy_path,4344.51,EMP-038
CASE-01540,submit,2023-12-30 08:17:54.263903+00:00,345.11,rejection_loop,186.51,EMP-154
CASE-01540,manager_rejects,2023-12-30 08:23:39.374562+00:00,3192.86,rejection_loop,186.51,EMP-154
CASE-01540,resubmit,2023-12-30 09:16:52.236233+00:00,3071.7,rejection_loop,186.51,EMP-154
CASE-01540,manager_approval,2023-12-30 10:08:03.936410+00:00,101381.0,rejection_loop,186.51,EMP-154
CASE-01540,paid,2023-12-31 14:17:44.934784+00:00,3545.77,rejection_loop,186.51,EMP-154
CASE-01541,submit,2023-11-26 20:08:08.926468+00:00,311.74,happy_path,2715.06,EMP-173
CASE-01541,manager_approval,2023-11-26 20:13:20.666941+00:00,124826.23,happy_path,2715.06,EMP-173
CASE-01541,finance_approval,2023-11-28 06:53:46.897681+00:00,35846.86,happy_path,2715.06,EMP-173
CASE-01541,paid,2023-11-28 16:51:13.759515+00:00,3554.02,happy_path,2715.06,EMP-173
CASE-01542,submit,2023-11-28 14:27:40.033724+00:00,382.22,rejection_loop,4901.88,EMP-151
CASE-01542,manager_rejects,2023-11-28 14:34:02.251925+00:00,3635.02,rejection_loop,4901.88,EMP-151
CASE-01542,resubmit,2023-11-28 15:34:37.273970+00:00,6800.16,rejection_loop,4901.88,EMP-151
CASE-01542,manager_approval,2023-11-28 17:27:57.430178+00:00,66625.92,rejection_loop,4901.88,EMP-151
CASE-01542,paid,2023-11-29 11:58:23.353671+00:00,5409.12,rejection_loop,4901.88,EMP-151
CASE-01543,submit,2023-11-01 00:24:54.676977+00:00,412.81,escalation,2672.37,EMP-187
CASE-01543,manager_approval,2023-11-01 00:31:47.484809+00:00,106973.48,escalation,2672.37,EMP-187
CASE-01543,finance_review,2023-11-02 06:14:40.964935+00:00,286237.22,escalation,2672.37,EMP-187
CASE-01543,paid,2023-11-05 13:45:18.183784+00:00,4004.04,escalation,2672.37,EMP-187
CASE-01544,submit,2024-02-11 03:50:31.027622+00:00,120.72,rejection_loop,195.96,EMP-127
CASE-01544,manager_rejects,2024-02-11 03:52:31.744315+00:00,3468.83,rejection_loop,195.96,EMP-127
CASE-01544,resubmit,2024-02-11 04:50:20.571085+00:00,7897.12,rejection_loop,195.96,EMP-127
CASE-01544,manager_approval,2024-02-11 07:01:57.691194+00:00,58814.69,rejection_loop,195.96,EMP-127
CASE-01544,paid,2024-02-11 23:22:12.379082+00:00,4396.47,rejection_loop,195.96,EMP-127
CASE-01545,submit,2024-02-05 08:30:46.940842+00:00,335.47,escalation,4034.32,EMP-098
CASE-01545,manager_approval,2024-02-05 08:36:22.410607+00:00,101544.18,escalation,4034.32,EMP-098
CASE-01545,finance_review,2024-02-06 12:48:46.589035+00:00,206146.02,escalation,4034.32,EMP-098
CASE-01545,paid,2024-02-08 22:04:32.607465+00:00,4077.65,escalation,4034.32,EMP-098
CASE-01546,submit,2023-10-19 07:58:22.798390+00:00,297.35,rejection_loop,4401.37,EMP-128
CASE-01546,manager_rejects,2023-10-19 08:03:20.150011+00:00,4000.64,rejection_loop,4401.37,EMP-128
CASE-01546,resubmit,2023-10-19 09:10:00.785429+00:00,5656.88,rejection_loop,4401.37,EMP-128
CASE-01546,manager_approval,2023-10-19 10:44:17.669501+00:00,111486.81,rejection_loop,4401.37,EMP-128
CASE-01546,paid,2023-10-20 17:42:24.475482+00:00,4459.93,rejection_loop,4401.37,EMP-128
CASE-01547,submit,2023-10-13 23:05:30.628885+00:00,332.26,happy_path,1325.95,EMP-156
CASE-01547,manager_approval,2023-10-13 23:11:02.885398+00:00,55757.24,happy_path,1325.95,EMP-156
CASE-01547,finance_approval,2023-10-14 14:40:20.127178+00:00,39367.59,happy_path,1325.95,EMP-156
CASE-01547,paid,2023-10-15 01:36:27.713577+00:00,3643.7,happy_path,1325.95,EMP-156
CASE-01548,submit,2023-12-11 06:08:06.744414+00:00,301.99,exception,112.26,EMP-084
CASE-01548,missing_receipt,2023-12-11 06:13:08.737390+00:00,2441.33,exception,112.26,EMP-084
CASE-01548,hold,2023-12-11 06:53:50.065483+00:00,291619.41,exception,112.26,EMP-084
CASE-01548,resolved,2023-12-14 15:54:09.477488+00:00,2504.54,exception,112.26,EMP-084
CASE-01548,paid,2023-12-14 16:35:54.020009+00:00,2908.89,exception,112.26,EMP-084
CASE-01549,submit,2023-12-31 16:13:47.499282+00:00,140.32,exception,982.99,EMP-159
CASE-01549,missing_receipt,2023-12-31 16:16:07.823280+00:00,1620.41,exception,982.99,EMP-159
CASE-01549,hold,2023-12-31 16:43:08.236758+00:00,366629.29,exception,982.99,EMP-159
CASE-01549,resolved,2024-01-04 22:33:37.526050+00:00,4120.59,exception,982.99,EMP-159
CASE-01549,paid,2024-01-04 23:42:18.117187+00:00,4091.26,exception,982.99,EMP-159
CASE-01550,submit,2023-11-03 22:45:55.761185+00:00,347.98,happy_path,2231.45,EMP-198
CASE-01550,manager_approval,2023-11-03 22:51:43.738754+00:00,110106.94,happy_path,2231.45,EMP-198
CASE-01550,finance_approval,2023-11-05 05:26:50.682504+00:00,53912.92,happy_path,2231.45,EMP-198
CASE-01550,paid,2023-11-05 20:25:23.605198+00:00,3848.52,happy_path,2231.45,EMP-198
CASE-01551,submit,2024-02-25 07:07:29.588119+00:00,303.2,escalation,4792.26,EMP-031
CASE-01551,manager_approval,2024-02-25 07:12:32.785564+00:00,79625.64,escalation,4792.26,EMP-031
CASE-01551,finance_review,2024-02-26 05:19:38.425567+00:00,206000.91,escalation,4792.26,EMP-031
CASE-01551,paid,2024-02-28 14:32:59.336635+00:00,3269.03,escalation,4792.26,EMP-031
CASE-01552,submit,2023-11-06 18:26:59.599748+00:00,330.75,escalation,4506.14,EMP-128
CASE-01552,manager_approval,2023-11-06 18:32:30.351495+00:00,103094.58,escalation,4506.14,EMP-128
CASE-01552,finance_review,2023-11-07 23:10:44.928244+00:00,222098.79,escalation,4506.14,EMP-128
CASE-01552,paid,2023-11-10 12:52:23.714614+00:00,3082.69,escalation,4506.14,EMP-128
CASE-01553,submit,2024-03-20 22:07:40.635033+00:00,356.36,escalation,4167.26,EMP-115
CASE-01553,manager_approval,2024-03-20 22:13:36.994841+00:00,82514.3,escalation,4167.26,EMP-115
CASE-01553,finance_review,2024-03-21 21:08:51.295015+00:00,158932.35,escalation,4167.26,EMP-115
CASE-01553,paid,2024-03-23 17:17:43.644789+00:00,3611.79,escalation,4167.26,EMP-115
CASE-01554,submit,2023-10-10 11:40:13.711201+00:00,333.12,exception,2479.3,EMP-104
CASE-01554,missing_receipt,2023-10-10 11:45:46.830393+00:00,2595.24,exception,2479.3,EMP-104
CASE-01554,hold,2023-10-10 12:29:02.072952+00:00,347596.88,exception,2479.3,EMP-104
CASE-01554,resolved,2023-10-14 13:02:18.955455+00:00,2452.94,exception,2479.3,EMP-104
CASE-01554,paid,2023-10-14 13:43:11.898130+00:00,3812.71,exception,2479.3,EMP-104
CASE-01555,submit,2023-10-20 18:43:52.316021+00:00,212.13,escalation,3785.33,EMP-152
CASE-01555,manager_approval,2023-10-20 18:47:24.447260+00:00,82435.39,escalation,3785.33,EMP-152
CASE-01555,finance_review,2023-10-21 17:41:19.837628+00:00,150115.71,escalation,3785.33,EMP-152
CASE-01555,paid,2023-10-23 11:23:15.544343+00:00,4595.31,escalation,3785.33,EMP-152
CASE-01556,submit,2024-02-16 05:54:33.820863+00:00,269.6,escalation,2683.03,EMP-101
CASE-01556,manager_approval,2024-02-16 05:59:03.416314+00:00,72614.05,escalation,2683.03,EMP-101
CASE-01556,finance_review,2024-02-17 02:09:17.465858+00:00,221149.98,escalation,2683.03,EMP-101
CASE-01556,paid,2024-02-19 15:35:07.447976+00:00,4749.45,escalation,2683.03,EMP-101
CASE-01557,submit,2023-12-20 07:47:58.997244+00:00,311.45,happy_path,3150.38,EMP-104
CASE-01557,manager_approval,2023-12-20 07:53:10.449427+00:00,88747.78,happy_path,3150.38,EMP-104
CASE-01557,finance_approval,2023-12-21 08:32:18.231924+00:00,50526.82,happy_path,3150.38,EMP-104
CASE-01557,paid,2023-12-21 22:34:25.048668+00:00,4304.15,happy_path,3150.38,EMP-104
CASE-01558,submit,2023-11-23 16:40:40.114171+00:00,291.87,escalation,1564.19,EMP-198
CASE-01558,manager_approval,2023-11-23 16:45:31.980084+00:00,79742.2,escalation,1564.19,EMP-198
CASE-01558,finance_review,2023-11-24 14:54:34.184000+00:00,186427.15,escalation,1564.19,EMP-198
CASE-01558,paid,2023-11-26 18:41:41.337040+00:00,3093.12,escalation,1564.19,EMP-198
CASE-01559,submit,2024-03-13 01:11:37.714338+00:00,217.21,happy_path,4465.86,EMP-192
CASE-01559,manager_approval,2024-03-13 01:15:14.923712+00:00,78188.57,happy_path,4465.86,EMP-192
CASE-01559,finance_approval,2024-03-13 22:58:23.497708+00:00,42599.62,happy_path,4465.86,EMP-192
CASE-01559,paid,2024-03-14 10:48:23.121399+00:00,2489.88,happy_path,4465.86,EMP-192
CASE-01560,submit,2023-12-05 07:37:38.766888+00:00,191.34,happy_path,1549.58,EMP-049
CASE-01560,manager_approval,2023-12-05 07:40:50.104817+00:00,76939.95,happy_path,1549.58,EMP-049
CASE-01560,finance_approval,2023-12-06 05:03:10.051304+00:00,40113.18,happy_path,1549.58,EMP-049
CASE-01560,paid,2023-12-06 16:11:43.235455+00:00,2721.02,happy_path,1549.58,EMP-049
CASE-01561,submit,2023-12-08 17:57:33.679235+00:00,258.61,escalation,4253.64,EMP-131
CASE-01561,manager_approval,2023-12-08 18:01:52.285185+00:00,41325.32,escalation,4253.64,EMP-131
CASE-01561,finance_review,2023-12-09 05:30:37.604105+00:00,258861.2,escalation,4253.64,EMP-131
CASE-01561,paid,2023-12-12 05:24:58.803206+00:00,4879.57,escalation,4253.64,EMP-131
CASE-01562,submit,2024-02-08 12:37:45.691126+00:00,221.96,rejection_loop,3576.43,EMP-019
CASE-01562,manager_rejects,2024-02-08 12:41:27.650002+00:00,3623.17,rejection_loop,3576.43,EMP-019
CASE-01562,resubmit,2024-02-08 13:41:50.824677+00:00,6784.7,rejection_loop,3576.43,EMP-019
CASE-01562,manager_approval,2024-02-08 15:34:55.524294+00:00,82115.52,rejection_loop,3576.43,EMP-019
CASE-01562,paid,2024-02-09 14:23:31.045678+00:00,2178.8,rejection_loop,3576.43,EMP-019
CASE-01563,submit,2024-01-29 17:26:48.869512+00:00,387.32,happy_path,1487.69,EMP-062
CASE-01563,manager_approval,2024-01-29 17:33:16.189435+00:00,103077.56,happy_path,1487.69,EMP-062
CASE-01563,finance_approval,2024-01-30 22:11:13.750326+00:00,39923.85,happy_path,1487.69,EMP-062
CASE-01563,paid,2024-01-31 09:16:37.596029+00:00,3995.86,happy_path,1487.69,EMP-062
CASE-01564,submit,2023-10-11 01:20:57.538934+00:00,353.49,happy_path,4592.04,EMP-103
CASE-01564,manager_approval,2023-10-11 01:26:51.031775+00:00,96619.08,happy_path,4592.04,EMP-103
CASE-01564,finance_approval,2023-10-12 04:17:10.108657+00:00,47406.65,happy_path,4592.04,EMP-103
CASE-01564,paid,2023-10-12 17:27:16.760416+00:00,2688.73,happy_path,4592.04,EMP-103
CASE-01565,submit,2023-11-27 18:04:24.792531+00:00,191.87,happy_path,2874.17,EMP-161
CASE-01565,manager_approval,2023-11-27 18:07:36.659305+00:00,115653.06,happy_path,2874.17,EMP-161
CASE-01565,finance_approval,2023-11-29 02:15:09.721769+00:00,39358.62,happy_path,2874.17,EMP-161
CASE-01565,paid,2023-11-29 13:11:08.339670+00:00,4391.01,happy_path,2874.17,EMP-161
CASE-01566,submit,2023-11-22 01:20:04.101353+00:00,268.25,happy_path,4126.6,EMP-097
CASE-01566,manager_approval,2023-11-22 01:24:32.346638+00:00,118748.57,happy_path,4126.6,EMP-097
CASE-01566,finance_approval,2023-11-23 10:23:40.913572+00:00,35476.61,happy_path,4126.6,EMP-097
CASE-01566,paid,2023-11-23 20:14:57.528434+00:00,2384.77,happy_path,4126.6,EMP-097
CASE-01567,submit,2024-02-18 01:59:13.011674+00:00,306.01,escalation,2007.57,EMP-179
CASE-01567,manager_approval,2024-02-18 02:04:19.020883+00:00,109182.07,escalation,2007.57,EMP-179
CASE-01567,finance_review,2024-02-19 08:24:01.088679+00:00,220646.67,escalation,2007.57,EMP-179
CASE-01567,paid,2024-02-21 21:41:27.758146+00:00,4000.75,escalation,2007.57,EMP-179
CASE-01568,submit,2023-11-05 00:06:32.348803+00:00,312.68,happy_path,3966.39,EMP-018
CASE-01568,manager_approval,2023-11-05 00:11:45.028503+00:00,62204.54,happy_path,3966.39,EMP-018
CASE-01568,finance_approval,2023-11-05 17:28:29.565781+00:00,58460.57,happy_path,3966.39,EMP-018
CASE-01568,paid,2023-11-06 09:42:50.136508+00:00,3544.47,happy_path,3966.39,EMP-018
CASE-01569,submit,2023-11-23 13:24:58.690025+00:00,390.61,exception,2021.11,EMP-138
CASE-01569,missing_receipt,2023-11-23 13:31:29.302524+00:00,1943.76,exception,2021.11,EMP-138
CASE-01569,hold,2023-11-23 14:03:53.059549+00:00,206175.24,exception,2021.11,EMP-138
CASE-01569,resolved,2023-11-25 23:20:08.300258+00:00,3641.49,exception,2021.11,EMP-138
CASE-01569,paid,2023-11-26 00:20:49.794051+00:00,2700.02,exception,2021.11,EMP-138
CASE-01570,submit,2024-01-10 20:31:11.795887+00:00,268.72,rejection_loop,1050.52,EMP-023
CASE-01570,manager_rejects,2024-01-10 20:35:40.511848+00:00,3604.0,rejection_loop,1050.52,EMP-023
CASE-01570,resubmit,2024-01-10 21:35:44.507777+00:00,9224.37,rejection_loop,1050.52,EMP-023
CASE-01570,manager_approval,2024-01-11 00:09:28.878839+00:00,85721.89,rejection_loop,1050.52,EMP-023
CASE-01570,paid,2024-01-11 23:58:10.773361+00:00,4101.38,rejection_loop,1050.52,EMP-023
CASE-01571,submit,2024-02-04 20:25:28.335456+00:00,327.42,rejection_loop,963.17,EMP-196
CASE-01571,manager_rejects,2024-02-04 20:30:55.756204+00:00,4185.37,rejection_loop,963.17,EMP-196
CASE-01571,resubmit,2024-02-04 21:40:41.124129+00:00,7991.59,rejection_loop,963.17,EMP-196
CASE-01571,manager_approval,2024-02-04 23:53:52.712408+00:00,62041.57,rejection_loop,963.17,EMP-196
CASE-01571,paid,2024-02-05 17:07:54.283766+00:00,4668.6,rejection_loop,963.17,EMP-196
CASE-01572,submit,2024-03-19 01:13:09.677515+00:00,304.09,happy_path,3857.18,EMP-170
CASE-01572,manager_approval,2024-03-19 01:18:13.766686+00:00,72497.68,happy_path,3857.18,EMP-170
CASE-01572,finance_approval,2024-03-19 21:26:31.448301+00:00,44749.79,happy_path,3857.18,EMP-170
CASE-01572,paid,2024-03-20 09:52:21.240840+00:00,4363.09,happy_path,3857.18,EMP-170
CASE-01573,submit,2024-03-05 16:59:10.463939+00:00,299.81,escalation,4745.52,EMP-088
CASE-01573,manager_approval,2024-03-05 17:04:10.276050+00:00,99820.13,escalation,4745.52,EMP-088
CASE-01573,finance_review,2024-03-06 20:47:50.410608+00:00,82411.7,escalation,4745.52,EMP-088
CASE-01573,paid,2024-03-07 19:41:22.113697+00:00,4057.91,escalation,4745.52,EMP-088
CASE-01574,submit,2024-01-02 00:10:07.168516+00:00,313.06,happy_path,1931.17,EMP-075
CASE-01574,manager_approval,2024-01-02 00:15:20.230935+00:00,116377.37,happy_path,1931.17,EMP-075
CASE-01574,finance_approval,2024-01-03 08:34:57.600721+00:00,37287.07,happy_path,1931.17,EMP-075
CASE-01574,paid,2024-01-03 18:56:24.666207+00:00,4834.0,happy_path,1931.17,EMP-075
CASE-01575,submit,2024-01-19 07:10:17.165870+00:00,291.63,happy_path,2230.63,EMP-063
CASE-01575,manager_approval,2024-01-19 07:15:08.797149+00:00,98843.33,happy_path,2230.63,EMP-063
CASE-01575,finance_approval,2024-01-20 10:42:32.130679+00:00,37179.97,happy_path,2230.63,EMP-063
CASE-01575,paid,2024-01-20 21:02:12.104709+00:00,3370.45,happy_path,2230.63,EMP-063
CASE-01576,submit,2024-01-07 04:03:45.610563+00:00,273.09,happy_path,372.4,EMP-133
CASE-01576,manager_approval,2024-01-07 04:08:18.695981+00:00,77461.82,happy_path,372.4,EMP-133
CASE-01576,finance_approval,2024-01-08 01:39:20.518549+00:00,49517.46,happy_path,372.4,EMP-133
CASE-01576,paid,2024-01-08 15:24:37.980656+00:00,3245.24,happy_path,372.4,EMP-133
CASE-01577,submit,2023-10-04 01:29:41.803434+00:00,320.81,happy_path,563.77,EMP-060
CASE-01577,manager_approval,2023-10-04 01:35:02.616698+00:00,86561.08,happy_path,563.77,EMP-060
CASE-01577,finance_approval,2023-10-05 01:37:43.694826+00:00,36115.7,happy_path,563.77,EMP-060
CASE-01577,paid,2023-10-05 11:39:39.398130+00:00,4356.06,happy_path,563.77,EMP-060
CASE-01578,submit,2024-01-12 10:55:09.968365+00:00,377.61,rejection_loop,3822.77,EMP-010
CASE-01578,manager_rejects,2024-01-12 11:01:27.578141+00:00,3988.86,rejection_loop,3822.77,EMP-010
CASE-01578,resubmit,2024-01-12 12:07:56.433198+00:00,10787.38,rejection_loop,3822.77,EMP-010
CASE-01578,manager_approval,2024-01-12 15:07:43.810073+00:00,59387.47,rejection_loop,3822.77,EMP-010
CASE-01578,paid,2024-01-13 07:37:31.276763+00:00,3149.79,rejection_loop,3822.77,EMP-010
CASE-01579,submit,2023-11-14 18:43:49.039640+00:00,261.41,escalation,2275.87,EMP-192
CASE-01579,manager_approval,2023-11-14 18:48:10.450731+00:00,70043.0,escalation,2275.87,EMP-192
CASE-01579,finance_review,2023-11-15 14:15:33.448071+00:00,174742.17,escalation,2275.87,EMP-192
CASE-01579,paid,2023-11-17 14:47:55.618821+00:00,4870.77,escalation,2275.87,EMP-192
CASE-01580,submit,2024-01-07 13:29:03.131783+00:00,289.37,happy_path,4497.95,EMP-117
CASE-01580,manager_approval,2024-01-07 13:33:52.500323+00:00,78702.49,happy_path,4497.95,EMP-117
CASE-01580,finance_approval,2024-01-08 11:25:34.986291+00:00,46296.21,happy_path,4497.95,EMP-117
CASE-01580,paid,2024-01-09 00:17:11.194748+00:00,3237.1,happy_path,4497.95,EMP-117
CASE-01581,submit,2023-12-08 06:05:50.545321+00:00,271.82,exception,4995.75,EMP-042
CASE-01581,missing_receipt,2023-12-08 06:10:22.365023+00:00,2338.15,exception,4995.75,EMP-042
CASE-01581,hold,2023-12-08 06:49:20.511956+00:00,279707.17,exception,4995.75,EMP-042
CASE-01581,resolved,2023-12-11 12:31:07.682054+00:00,4011.55,exception,4995.75,EMP-042
CASE-01581,paid,2023-12-11 13:37:59.233399+00:00,4385.45,exception,4995.75,EMP-042
CASE-01582,submit,2024-03-28 17:57:14.651729+00:00,359.53,rejection_loop,2730.42,EMP-059
CASE-01582,manager_rejects,2024-03-28 18:03:14.186040+00:00,4195.52,rejection_loop,2730.42,EMP-059
CASE-01582,resubmit,2024-03-28 19:13:09.710381+00:00,7677.93,rejection_loop,2730.42,EMP-059
CASE-01582,manager_approval,2024-03-28 21:21:07.641260+00:00,107679.6,rejection_loop,2730.42,EMP-059
CASE-01582,paid,2024-03-30 03:15:47.243362+00:00,4344.34,rejection_loop,2730.42,EMP-059
CASE-01583,submit,2023-12-07 10:34:49.192431+00:00,255.48,happy_path,4764.25,EMP-119
CASE-01583,manager_approval,2023-12-07 10:39:04.674323+00:00,76383.13,happy_path,4764.25,EMP-119
CASE-01583,finance_approval,2023-12-08 07:52:07.806242+00:00,49651.43,happy_path,4764.25,EMP-119
CASE-01583,paid,2023-12-08 21:39:39.235977+00:00,3497.98,happy_path,4764.25,EMP-119
CASE-01584,submit,2024-03-21 15:22:53.834270+00:00,259.83,happy_path,995.28,EMP-050
CASE-01584,manager_approval,2024-03-21 15:27:13.662020+00:00,81496.21,happy_path,995.28,EMP-050
CASE-01584,finance_approval,2024-03-22 14:05:29.876683+00:00,30698.97,happy_path,995.28,EMP-050
CASE-01584,paid,2024-03-22 22:37:08.849018+00:00,2943.46,happy_path,995.28,EMP-050
CASE-01585,submit,2024-01-26 22:04:48.750256+00:00,350.65,rejection_loop,3970.79,EMP-096
CASE-01585,manager_rejects,2024-01-26 22:10:39.405208+00:00,3675.27,rejection_loop,3970.79,EMP-096
CASE-01585,resubmit,2024-01-26 23:11:54.674601+00:00,8167.67,rejection_loop,3970.79,EMP-096
CASE-01585,manager_approval,2024-01-27 01:28:02.343650+00:00,110758.48,rejection_loop,3970.79,EMP-096
CASE-01585,paid,2024-01-28 08:14:00.820196+00:00,4425.23,rejection_loop,3970.79,EMP-096
CASE-01586,submit,2024-03-07 14:52:45.008513+00:00,265.93,happy_path,4172.8,EMP-199
CASE-01586,manager_approval,2024-03-07 14:57:10.939109+00:00,93956.56,happy_path,4172.8,EMP-199
CASE-01586,finance_approval,2024-03-08 17:03:07.500793+00:00,35282.14,happy_path,4172.8,EMP-199
CASE-01586,paid,2024-03-09 02:51:09.638401+00:00,5210.93,happy_path,4172.8,EMP-199
CASE-01587,submit,2023-11-04 10:57:42.508963+00:00,213.53,escalation,4688.75,EMP-111
CASE-01587,manager_approval,2023-11-04 11:01:16.038869+00:00,98055.51,escalation,4688.75,EMP-111
CASE-01587,finance_review,2023-11-05 14:15:31.553005+00:00,124487.31,escalation,4688.75,EMP-111
CASE-01587,paid,2023-11-07 00:50:18.861118+00:00,4476.51,escalation,4688.75,EMP-111
CASE-01588,submit,2024-02-18 11:07:00.951497+00:00,250.44,happy_path,3742.56,EMP-145
CASE-01588,manager_approval,2024-02-18 11:11:11.386903+00:00,64486.32,happy_path,3742.56,EMP-145
CASE-01588,finance_approval,2024-02-19 05:05:57.709117+00:00,44492.17,happy_path,3742.56,EMP-145
CASE-01588,paid,2024-02-19 17:27:29.877534+00:00,3111.64,happy_path,3742.56,EMP-145
CASE-01589,submit,2023-10-26 11:59:52.667445+00:00,347.51,happy_path,1266.21,EMP-190
CASE-01589,manager_approval,2023-10-26 12:05:40.176784+00:00,78515.56,happy_path,1266.21,EMP-190
CASE-01589,finance_approval,2023-10-27 09:54:15.740558+00:00,52247.03,happy_path,1266.21,EMP-190
CASE-01589,paid,2023-10-28 00:25:02.768584+00:00,3093.83,happy_path,1266.21,EMP-190
CASE-01590,submit,2023-10-20 11:19:08.856846+00:00,311.46,rejection_loop,4385.79,EMP-174
CASE-01590,manager_rejects,2023-10-20 11:24:20.317135+00:00,3649.9,rejection_loop,4385.79,EMP-174
CASE-01590,resubmit,2023-10-20 12:25:10.217485+00:00,10384.94,rejection_loop,4385.79,EMP-174
CASE-01590,manager_approval,2023-10-20 15:18:15.155683+00:00,65442.47,rejection_loop,4385.79,EMP-174
CASE-01590,paid,2023-10-21 09:28:57.629829+00:00,3408.52,rejection_loop,4385.79,EMP-174
CASE-01591,submit,2023-10-30 02:36:16.867382+00:00,322.71,exception,1815.65,EMP-191
CASE-01591,missing_receipt,2023-10-30 02:41:39.575437+00:00,1932.43,exception,1815.65,EMP-191
CASE-01591,hold,2023-10-30 03:13:52.008601+00:00,420349.08,exception,1815.65,EMP-191
CASE-01591,resolved,2023-11-03 23:59:41.088125+00:00,2743.59,exception,1815.65,EMP-191
CASE-01591,paid,2023-11-04 00:45:24.677594+00:00,5095.7,exception,1815.65,EMP-191
CASE-01592,submit,2023-12-02 22:50:30.249870+00:00,323.09,escalation,4149.86,EMP-122
CASE-01592,manager_approval,2023-12-02 22:55:53.343198+00:00,102771.75,escalation,4149.86,EMP-122
CASE-01592,finance_review,2023-12-04 03:28:45.096013+00:00,181033.04,escalation,4149.86,EMP-122
CASE-01592,paid,2023-12-06 05:45:58.133669+00:00,3097.34,escalation,4149.86,EMP-122
CASE-01593,submit,2024-01-06 19:33:30.164922+00:00,274.07,rejection_loop,858.12,EMP-031
CASE-01593,manager_rejects,2024-01-06 19:38:04.231131+00:00,3361.66,rejection_loop,858.12,EMP-031
CASE-01593,resubmit,2024-01-06 20:34:05.891311+00:00,5281.55,rejection_loop,858.12,EMP-031
CASE-01593,manager_approval,2024-01-06 22:02:07.440234+00:00,78546.89,rejection_loop,858.12,EMP-031
CASE-01593,paid,2024-01-07 19:51:14.331248+00:00,4969.79,rejection_loop,858.12,EMP-031
CASE-01594,submit,2024-03-21 04:08:09.083688+00:00,290.38,exception,4881.82,EMP-170
CASE-01594,missing_receipt,2024-03-21 04:12:59.468057+00:00,1914.09,exception,4881.82,EMP-170
CASE-01594,hold,2024-03-21 04:44:53.561293+00:00,238110.29,exception,4881.82,EMP-170
CASE-01594,resolved,2024-03-23 22:53:23.846775+00:00,4798.47,exception,4881.82,EMP-170
CASE-01594,paid,2024-03-24 00:13:22.319171+00:00,4054.1,exception,4881.82,EMP-170
CASE-01595,submit,2023-10-06 14:12:06.466770+00:00,258.02,happy_path,2410.56,EMP-197
CASE-01595,manager_approval,2023-10-06 14:16:24.485285+00:00,49506.35,happy_path,2410.56,EMP-197
CASE-01595,finance_approval,2023-10-07 04:01:30.835088+00:00,51862.86,happy_path,2410.56,EMP-197
CASE-01595,paid,2023-10-07 18:25:53.690347+00:00,3098.25,happy_path,2410.56,EMP-197
CASE-01596,submit,2024-03-21 09:19:46.621875+00:00,185.9,happy_path,4475.24,EMP-126
CASE-01596,manager_approval,2024-03-21 09:22:52.519843+00:00,68075.47,happy_path,4475.24,EMP-126
CASE-01596,finance_approval,2024-03-22 04:17:27.990546+00:00,58175.8,happy_path,4475.24,EMP-126
CASE-01596,paid,2024-03-22 20:27:03.790302+00:00,3456.4,happy_path,4475.24,EMP-126
CASE-01597,submit,2024-02-01 22:15:07.366967+00:00,325.21,happy_path,717.97,EMP-077
CASE-01597,manager_approval,2024-02-01 22:20:32.578684+00:00,81167.24,happy_path,717.97,EMP-077
CASE-01597,finance_approval,2024-02-02 20:53:19.820597+00:00,59994.29,happy_path,717.97,EMP-077
CASE-01597,paid,2024-02-03 13:33:14.111973+00:00,2692.01,happy_path,717.97,EMP-077
CASE-01598,submit,2024-02-08 01:17:00.037673+00:00,323.7,happy_path,3189.4,EMP-075
CASE-01598,manager_approval,2024-02-08 01:22:23.742541+00:00,83553.63,happy_path,3189.4,EMP-075
CASE-01598,finance_approval,2024-02-09 00:34:57.368868+00:00,32896.1,happy_path,3189.4,EMP-075
CASE-01598,paid,2024-02-09 09:43:13.467746+00:00,2628.99,happy_path,3189.4,EMP-075
CASE-01599,submit,2024-03-29 12:09:06.476975+00:00,269.67,happy_path,4460.69,EMP-107
CASE-01599,manager_approval,2024-03-29 12:13:36.143819+00:00,98752.4,happy_path,4460.69,EMP-107
CASE-01599,finance_approval,2024-03-30 15:39:28.547765+00:00,22858.54,happy_path,4460.69,EMP-107
CASE-01599,paid,2024-03-30 22:00:27.087284+00:00,3385.05,happy_path,4460.69,EMP-107
CASE-01600,submit,2024-03-14 01:07:40.589386+00:00,341.98,exception,166.05,EMP-082
CASE-01600,missing_receipt,2024-03-14 01:13:22.567646+00:00,1871.14,exception,166.05,EMP-082
CASE-01600,hold,2024-03-14 01:44:33.709877+00:00,226338.9,exception,166.05,EMP-082
CASE-01600,resolved,2024-03-16 16:36:52.609561+00:00,4213.98,exception,166.05,EMP-082
CASE-01600,paid,2024-03-16 17:47:06.587148+00:00,3363.96,exception,166.05,EMP-082
CASE-01601,submit,2024-01-29 16:39:12.437925+00:00,307.05,rejection_loop,3810.84,EMP-118
CASE-01601,manager_rejects,2024-01-29 16:44:19.489429+00:00,3524.59,rejection_loop,3810.84,EMP-118
CASE-01601,resubmit,2024-01-29 17:43:04.083275+00:00,7594.19,rejection_loop,3810.84,EMP-118
CASE-01601,manager_approval,2024-01-29 19:49:38.272286+00:00,120647.99,rejection_loop,3810.84,EMP-118
CASE-01601,paid,2024-01-31 05:20:26.259668+00:00,2118.91,rejection_loop,3810.84,EMP-118
CASE-01602,submit,2023-12-10 12:29:57.183854+00:00,348.43,happy_path,2889.58,EMP-078
CASE-01602,manager_approval,2023-12-10 12:35:45.611272+00:00,74477.32,happy_path,2889.58,EMP-078
CASE-01602,finance_approval,2023-12-11 09:17:02.926506+00:00,53675.67,happy_path,2889.58,EMP-078
CASE-01602,paid,2023-12-12 00:11:38.599763+00:00,3901.2,happy_path,2889.58,EMP-078
CASE-01603,submit,2024-03-04 15:40:01.831178+00:00,313.05,escalation,1711.39,EMP-132
CASE-01603,manager_approval,2024-03-04 15:45:14.884856+00:00,64816.78,escalation,1711.39,EMP-132
CASE-01603,finance_review,2024-03-05 09:45:31.666496+00:00,116246.69,escalation,1711.39,EMP-132
CASE-01603,paid,2024-03-06 18:02:58.359099+00:00,5402.78,escalation,1711.39,EMP-132
CASE-01604,submit,2023-11-22 16:41:22.933331+00:00,356.81,rejection_loop,2784.29,EMP-126
CASE-01604,manager_rejects,2023-11-22 16:47:19.746375+00:00,3927.88,rejection_loop,2784.29,EMP-126
CASE-01604,resubmit,2023-11-22 17:52:47.627155+00:00,5663.38,rejection_loop,2784.29,EMP-126
CASE-01604,manager_approval,2023-11-22 19:27:11.006712+00:00,51937.17,rejection_loop,2784.29,EMP-126
CASE-01604,paid,2023-11-23 09:52:48.175991+00:00,5130.72,rejection_loop,2784.29,EMP-126
CASE-01605,submit,2024-02-25 02:53:56.924067+00:00,238.2,rejection_loop,163.89,EMP-033
CASE-01605,manager_rejects,2024-02-25 02:57:55.128813+00:00,3784.57,rejection_loop,163.89,EMP-033
CASE-01605,resubmit,2024-02-25 04:00:59.695422+00:00,7641.03,rejection_loop,163.89,EMP-033
CASE-01605,manager_approval,2024-02-25 06:08:20.725821+00:00,77656.5,rejection_loop,163.89,EMP-033
CASE-01605,paid,2024-02-26 03:42:37.229311+00:00,3971.77,rejection_loop,163.89,EMP-033
CASE-01606,submit,2023-10-04 17:40:02.833231+00:00,408.44,rejection_loop,3905.44,EMP-020
CASE-01606,manager_rejects,2023-10-04 17:46:51.274943+00:00,3691.84,rejection_loop,3905.44,EMP-020
CASE-01606,resubmit,2023-10-04 18:48:23.117511+00:00,8910.01,rejection_loop,3905.44,EMP-020
CASE-01606,manager_approval,2023-10-04 21:16:53.127348+00:00,64592.16,rejection_loop,3905.44,EMP-020
CASE-01606,paid,2023-10-05 15:13:25.285293+00:00,4301.43,rejection_loop,3905.44,EMP-020
CASE-01607,submit,2024-02-21 12:05:19.153490+00:00,369.98,rejection_loop,2330.78,EMP-085
CASE-01607,manager_rejects,2024-02-21 12:11:29.131725+00:00,3840.83,rejection_loop,2330.78,EMP-085
CASE-01607,resubmit,2024-02-21 13:15:29.966097+00:00,7766.51,rejection_loop,2330.78,EMP-085
CASE-01607,manager_approval,2024-02-21 15:24:56.476538+00:00,82305.55,rejection_loop,2330.78,EMP-085
CASE-01607,paid,2024-02-22 14:16:42.030439+00:00,3024.31,rejection_loop,2330.78,EMP-085
CASE-01608,submit,2024-02-09 06:51:32.458624+00:00,353.62,rejection_loop,451.72,EMP-024
CASE-01608,manager_rejects,2024-02-09 06:57:26.078166+00:00,3947.82,rejection_loop,451.72,EMP-024
CASE-01608,resubmit,2024-02-09 08:03:13.900937+00:00,6713.16,rejection_loop,451.72,EMP-024
CASE-01608,manager_approval,2024-02-09 09:55:07.061301+00:00,72758.66,rejection_loop,451.72,EMP-024
CASE-01608,paid,2024-02-10 06:07:45.722093+00:00,3416.62,rejection_loop,451.72,EMP-024
CASE-01609,submit,2024-02-07 11:35:11.552843+00:00,241.92,escalation,1003.56,EMP-051
CASE-01609,manager_approval,2024-02-07 11:39:13.475462+00:00,52603.9,escalation,1003.56,EMP-051
CASE-01609,finance_review,2024-02-08 02:15:57.378672+00:00,174796.48,escalation,1003.56,EMP-051
CASE-01609,paid,2024-02-10 02:49:13.860935+00:00,2167.59,escalation,1003.56,EMP-051
CASE-01610,submit,2023-11-05 06:53:17.881099+00:00,318.71,escalation,4311.45,EMP-114
CASE-01610,manager_approval,2023-11-05 06:58:36.588952+00:00,99823.31,escalation,4311.45,EMP-114
CASE-01610,finance_review,2023-11-06 10:42:19.895354+00:00,173865.52,escalation,4311.45,EMP-114
CASE-01610,paid,2023-11-08 11:00:05.411360+00:00,3761.85,escalation,4311.45,EMP-114
CASE-01611,submit,2023-10-25 07:43:28.300112+00:00,331.66,escalation,4864.98,EMP-180
CASE-01611,manager_approval,2023-10-25 07:48:59.957218+00:00,87421.54,escalation,4864.98,EMP-180
CASE-01611,finance_review,2023-10-26 08:06:01.492735+00:00,144978.32,escalation,4864.98,EMP-180
CASE-01611,paid,2023-10-28 00:22:19.812816+00:00,4478.24,escalation,4864.98,EMP-180
CASE-01612,submit,2023-11-25 09:49:41.601228+00:00,217.92,happy_path,2003.61,EMP-152
CASE-01612,manager_approval,2023-11-25 09:53:19.523988+00:00,60074.78,happy_path,2003.61,EMP-152
CASE-01612,finance_approval,2023-11-26 02:34:34.302502+00:00,48593.92,happy_path,2003.61,EMP-152
CASE-01612,paid,2023-11-26 16:04:28.222743+00:00,3735.55,happy_path,2003.61,EMP-152
CASE-01613,submit,2024-01-28 20:55:05.385497+00:00,344.71,happy_path,1241.81,EMP-002
CASE-01613,manager_approval,2024-01-28 21:00:50.093154+00:00,102519.01,happy_path,1241.81,EMP-002
CASE-01613,finance_approval,2024-01-30 01:29:29.105454+00:00,42109.78,happy_path,1241.81,EMP-002
CASE-01613,paid,2024-01-30 13:11:18.890254+00:00,3608.88,happy_path,1241.81,EMP-002
CASE-01614,submit,2023-10-13 20:56:42.657806+00:00,278.07,happy_path,1753.91,EMP-188
CASE-01614,manager_approval,2023-10-13 21:01:20.728755+00:00,87213.01,happy_path,1753.91,EMP-188
CASE-01614,finance_approval,2023-10-14 21:14:53.734671+00:00,35569.52,happy_path,1753.91,EMP-188
CASE-01614,paid,2023-10-15 07:07:43.250504+00:00,2715.37,happy_path,1753.91,EMP-188
CASE-01615,submit,2023-10-18 21:09:39.167447+00:00,185.97,happy_path,4886.98,EMP-173
CASE-01615,manager_approval,2023-10-18 21:12:45.135834+00:00,45476.97,happy_path,4886.98,EMP-173
CASE-01615,finance_approval,2023-10-19 09:50:42.105334+00:00,34765.3,happy_path,4886.98,EMP-173
CASE-01615,paid,2023-10-19 19:30:07.407158+00:00,2722.98,happy_path,4886.98,EMP-173
CASE-01616,submit,2024-02-10 21:17:00.105769+00:00,369.35,escalation,376.1,EMP-068
CASE-01616,manager_approval,2024-02-10 21:23:09.458333+00:00,77848.29,escalation,376.1,EMP-068
CASE-01616,finance_review,2024-02-11 19:00:37.743881+00:00,209708.52,escalation,376.1,EMP-068
CASE-01616,paid,2024-02-14 05:15:46.264064+00:00,3923.61,escalation,376.1,EMP-068
CASE-01617,submit,2024-03-30 20:06:03.189615+00:00,246.46,happy_path,2470.98,EMP-140
CASE-01617,manager_approval,2024-03-30 20:10:09.651773+00:00,96930.08,happy_path,2470.98,EMP-140
CASE-01617,finance_approval,2024-03-31 23:05:39.732959+00:00,52111.92,happy_path,2470.98,EMP-140
CASE-01617,paid,2024-04-01 13:34:11.650096+00:00,4409.66,happy_path,2470.98,EMP-140
CASE-01618,submit,2023-12-25 10:51:18.239770+00:00,314.84,happy_path,2335.12,EMP-104
CASE-01618,manager_approval,2023-12-25 10:56:33.079087+00:00,105491.38,happy_path,2335.12,EMP-104
CASE-01618,finance_approval,2023-12-26 16:14:44.459377+00:00,38520.58,happy_path,2335.12,EMP-104
CASE-01618,paid,2023-12-27 02:56:45.040607+00:00,4540.8,happy_path,2335.12,EMP-104
CASE-01619,submit,2024-02-21 21:18:22.025492+00:00,377.87,happy_path,171.18,EMP-036
CASE-01619,manager_approval,2024-02-21 21:24:39.893643+00:00,54306.16,happy_path,171.18,EMP-036
CASE-01619,finance_approval,2024-02-22 12:29:46.051024+00:00,53063.26,happy_path,171.18,EMP-036
CASE-01619,paid,2024-02-23 03:14:09.315920+00:00,4107.46,happy_path,171.18,EMP-036
CASE-01620,submit,2023-10-30 04:29:13.102152+00:00,346.19,happy_path,4096.15,EMP-045
CASE-01620,manager_approval,2023-10-30 04:34:59.289397+00:00,100648.16,happy_path,4096.15,EMP-045
CASE-01620,finance_approval,2023-10-31 08:32:27.444843+00:00,41525.19,happy_path,4096.15,EMP-045
CASE-01620,paid,2023-10-31 20:04:32.635169+00:00,4612.21,happy_path,4096.15,EMP-045
CASE-01621,submit,2023-12-12 14:26:30.473018+00:00,306.97,happy_path,1028.89,EMP-128
CASE-01621,manager_approval,2023-12-12 14:31:37.446674+00:00,68636.54,happy_path,1028.89,EMP-128
CASE-01621,finance_approval,2023-12-13 09:35:33.984745+00:00,60138.51,happy_path,1028.89,EMP-128
CASE-01621,paid,2023-12-14 02:17:52.498656+00:00,2983.79,happy_path,1028.89,EMP-128
CASE-01622,submit,2023-12-20 07:39:52.982674+00:00,286.84,happy_path,3632.46,EMP-111
CASE-01622,manager_approval,2023-12-20 07:44:39.826077+00:00,101278.49,happy_path,3632.46,EMP-111
CASE-01622,finance_approval,2023-12-21 11:52:38.319217+00:00,36515.93,happy_path,3632.46,EMP-111
CASE-01622,paid,2023-12-21 22:01:14.246973+00:00,3175.79,happy_path,3632.46,EMP-111
CASE-01623,submit,2023-12-27 19:20:42.301416+00:00,251.63,happy_path,4767.1,EMP-181
CASE-01623,manager_approval,2023-12-27 19:24:53.935547+00:00,82532.0,happy_path,4767.1,EMP-181
CASE-01623,finance_approval,2023-12-28 18:20:25.936124+00:00,48311.95,happy_path,4767.1,EMP-181
CASE-01623,paid,2023-12-29 07:45:37.884906+00:00,5122.02,happy_path,4767.1,EMP-181
CASE-01624,submit,2024-01-24 16:07:01.822996+00:00,262.27,happy_path,114.19,EMP-079
CASE-01624,manager_approval,2024-01-24 16:11:24.090658+00:00,76558.26,happy_path,114.19,EMP-079
CASE-01624,finance_approval,2024-01-25 13:27:22.354996+00:00,48472.73,happy_path,114.19,EMP-079
CASE-01624,paid,2024-01-26 02:55:15.084443+00:00,2689.62,happy_path,114.19,EMP-079
CASE-01625,submit,2024-02-10 10:56:56.980136+00:00,244.09,escalation,2671.7,EMP-088
CASE-01625,manager_approval,2024-02-10 11:01:01.067788+00:00,101558.8,escalation,2671.7,EMP-088
CASE-01625,finance_review,2024-02-11 15:13:39.866255+00:00,91990.39,escalation,2671.7,EMP-088
CASE-01625,paid,2024-02-12 16:46:50.253865+00:00,1969.82,escalation,2671.7,EMP-088
CASE-01626,submit,2023-11-16 07:11:40.422429+00:00,416.36,happy_path,2263.04,EMP-107
CASE-01626,manager_approval,2023-11-16 07:18:36.785296+00:00,117400.66,happy_path,2263.04,EMP-107
CASE-01626,finance_approval,2023-11-17 15:55:17.444726+00:00,39448.62,happy_path,2263.04,EMP-107
CASE-01626,paid,2023-11-18 02:52:46.064317+00:00,5240.8,happy_path,2263.04,EMP-107
CASE-01627,submit,2024-02-21 15:00:09.065327+00:00,230.72,escalation,4514.11,EMP-122
CASE-01627,manager_approval,2024-02-21 15:03:59.787237+00:00,59732.36,escalation,4514.11,EMP-122
CASE-01627,finance_review,2024-02-22 07:39:32.146790+00:00,153599.73,escalation,4514.11,EMP-122
CASE-01627,paid,2024-02-24 02:19:31.873728+00:00,3311.48,escalation,4514.11,EMP-122
CASE-01628,submit,2024-01-14 00:13:40.183557+00:00,334.44,happy_path,1643.07,EMP-162
CASE-01628,manager_approval,2024-01-14 00:19:14.625407+00:00,115176.7,happy_path,1643.07,EMP-162
CASE-01628,finance_approval,2024-01-15 08:18:51.323872+00:00,37228.69,happy_path,1643.07,EMP-162
CASE-01628,paid,2024-01-15 18:39:20.013298+00:00,2325.44,happy_path,1643.07,EMP-162
CASE-01629,submit,2023-11-28 10:08:50.672247+00:00,230.26,happy_path,2838.33,EMP-005
CASE-01629,manager_approval,2023-11-28 10:12:40.927918+00:00,101970.04,happy_path,2838.33,EMP-005
CASE-01629,finance_approval,2023-11-29 14:32:10.972307+00:00,38370.75,happy_path,2838.33,EMP-005
CASE-01629,paid,2023-11-30 01:11:41.717944+00:00,4072.67,happy_path,2838.33,EMP-005
CASE-01630,submit,2023-11-19 21:09:05.834285+00:00,342.44,escalation,2340.31,EMP-187
CASE-01630,manager_approval,2023-11-19 21:14:48.276619+00:00,50826.45,escalation,2340.31,EMP-187
CASE-01630,finance_review,2023-11-20 11:21:54.729001+00:00,196171.92,escalation,2340.31,EMP-187
CASE-01630,paid,2023-11-22 17:51:26.653236+00:00,3785.6,escalation,2340.31,EMP-187
CASE-01631,submit,2023-12-27 06:35:12.331257+00:00,253.37,happy_path,4246.48,EMP-016
CASE-01631,manager_approval,2023-12-27 06:39:25.701569+00:00,86681.71,happy_path,4246.48,EMP-016
CASE-01631,finance_approval,2023-12-28 06:44:07.406981+00:00,43755.18,happy_path,4246.48,EMP-016
CASE-01631,paid,2023-12-28 18:53:22.587475+00:00,2824.71,happy_path,4246.48,EMP-016
CASE-01632,submit,2023-12-29 05:53:38.853390+00:00,365.63,escalation,3929.24,EMP-082
CASE-01632,manager_approval,2023-12-29 05:59:44.485377+00:00,68837.12,escalation,3929.24,EMP-082
CASE-01632,finance_review,2023-12-30 01:07:01.605803+00:00,255148.88,escalation,3929.24,EMP-082
CASE-01632,paid,2024-01-01 23:59:30.484085+00:00,4106.88,escalation,3929.24,EMP-082
CASE-01633,submit,2023-10-24 15:57:56.326483+00:00,404.13,happy_path,4622.36,EMP-155
CASE-01633,manager_approval,2023-10-24 16:04:40.456449+00:00,82736.82,happy_path,4622.36,EMP-155
CASE-01633,finance_approval,2023-10-25 15:03:37.277835+00:00,31521.28,happy_path,4622.36,EMP-155
CASE-01633,paid,2023-10-25 23:48:58.558151+00:00,4146.53,happy_path,4622.36,EMP-155
CASE-01634,submit,2024-02-06 02:47:28.048075+00:00,401.09,happy_path,3964.01,EMP-109
CASE-01634,manager_approval,2024-02-06 02:54:09.137573+00:00,97332.03,happy_path,3964.01,EMP-109
CASE-01634,finance_approval,2024-02-07 05:56:21.164574+00:00,38359.38,happy_path,3964.01,EMP-109
CASE-01634,paid,2024-02-07 16:35:40.545069+00:00,3813.87,happy_path,3964.01,EMP-109
CASE-01635,submit,2023-10-17 04:01:32.821397+00:00,348.22,happy_path,3237.74,EMP-108
CASE-01635,manager_approval,2023-10-17 04:07:21.037552+00:00,40164.64,happy_path,3237.74,EMP-108
CASE-01635,finance_approval,2023-10-17 15:16:45.674083+00:00,46651.1,happy_path,3237.74,EMP-108
CASE-01635,paid,2023-10-18 04:14:16.770522+00:00,4357.04,happy_path,3237.74,EMP-108
CASE-01636,submit,2023-11-28 12:51:21.206313+00:00,367.32,escalation,2989.53,EMP-195
CASE-01636,manager_approval,2023-11-28 12:57:28.525983+00:00,108384.06,escalation,2989.53,EMP-195
CASE-01636,finance_review,2023-11-29 19:03:52.589086+00:00,154394.27,escalation,2989.53,EMP-195
CASE-01636,paid,2023-12-01 13:57:06.862492+00:00,3996.13,escalation,2989.53,EMP-195
CASE-01637,submit,2024-03-23 02:22:33.672085+00:00,377.58,happy_path,2953.08,EMP-083
CASE-01637,manager_approval,2024-03-23 02:28:51.251797+00:00,117330.65,happy_path,2953.08,EMP-083
CASE-01637,finance_approval,2024-03-24 11:04:21.901100+00:00,53370.58,happy_path,2953.08,EMP-083
CASE-01637,paid,2024-03-25 01:53:52.485115+00:00,2783.28,happy_path,2953.08,EMP-083
CASE-01638,submit,2023-10-07 14:00:35.756979+00:00,281.33,happy_path,3616.48,EMP-141
CASE-01638,manager_approval,2023-10-07 14:05:17.086446+00:00,68896.66,happy_path,3616.48,EMP-141
CASE-01638,finance_approval,2023-10-08 09:13:33.748739+00:00,45757.08,happy_path,3616.48,EMP-141
CASE-01638,paid,2023-10-08 21:56:10.828257+00:00,4142.15,happy_path,3616.48,EMP-141
CASE-01639,submit,2024-01-12 19:27:53.857321+00:00,374.37,rejection_loop,3235.92,EMP-083
CASE-01639,manager_rejects,2024-01-12 19:34:08.223733+00:00,2469.96,rejection_loop,3235.92,EMP-083
CASE-01639,resubmit,2024-01-12 20:15:18.182001+00:00,5642.82,rejection_loop,3235.92,EMP-083
CASE-01639,manager_approval,2024-01-12 21:49:21.000956+00:00,118640.3,rejection_loop,3235.92,EMP-083
CASE-01639,paid,2024-01-14 06:46:41.304520+00:00,4091.84,rejection_loop,3235.92,EMP-083
CASE-01640,submit,2023-10-28 04:25:02.663151+00:00,328.69,happy_path,366.2,EMP-018
CASE-01640,manager_approval,2023-10-28 04:30:31.355881+00:00,94130.5,happy_path,366.2,EMP-018
CASE-01640,finance_approval,2023-10-29 06:39:21.859455+00:00,42488.31,happy_path,366.2,EMP-018
CASE-01640,paid,2023-10-29 18:27:30.171394+00:00,3215.05,happy_path,366.2,EMP-018
CASE-01641,submit,2023-12-16 06:36:45.096287+00:00,300.37,happy_path,1817.55,EMP-021
CASE-01641,manager_approval,2023-12-16 06:41:45.469784+00:00,61244.54,happy_path,1817.55,EMP-021
CASE-01641,finance_approval,2023-12-16 23:42:30.010941+00:00,34768.96,happy_path,1817.55,EMP-021
CASE-01641,paid,2023-12-17 09:21:58.969839+00:00,3293.02,happy_path,1817.55,EMP-021
CASE-01642,submit,2024-01-09 15:46:52.627102+00:00,334.6,escalation,2010.15,EMP-040
CASE-01642,manager_approval,2024-01-09 15:52:27.226316+00:00,94246.98,escalation,2010.15,EMP-040
CASE-01642,finance_review,2024-01-10 18:03:14.210291+00:00,212429.81,escalation,2010.15,EMP-040
CASE-01642,paid,2024-01-13 05:03:44.020838+00:00,4884.15,escalation,2010.15,EMP-040
CASE-01643,submit,2024-01-27 01:21:25.432384+00:00,281.58,rejection_loop,1175.61,EMP-015
CASE-01643,manager_rejects,2024-01-27 01:26:07.010667+00:00,3530.15,rejection_loop,1175.61,EMP-015
CASE-01643,resubmit,2024-01-27 02:24:57.156542+00:00,7909.18,rejection_loop,1175.61,EMP-015
CASE-01643,manager_approval,2024-01-27 04:36:46.335854+00:00,73514.02,rejection_loop,1175.61,EMP-015
CASE-01643,paid,2024-01-28 01:02:00.354346+00:00,4210.48,rejection_loop,1175.61,EMP-015
CASE-01644,submit,2024-01-01 02:31:20.417456+00:00,311.11,happy_path,805.52,EMP-036
CASE-01644,manager_approval,2024-01-01 02:36:31.522460+00:00,70347.71,happy_path,805.52,EMP-036
CASE-01644,finance_approval,2024-01-01 22:08:59.230928+00:00,54044.51,happy_path,805.52,EMP-036
CASE-01644,paid,2024-01-02 13:09:43.736630+00:00,3514.76,happy_path,805.52,EMP-036
CASE-01645,submit,2024-02-08 15:41:10.289708+00:00,289.62,rejection_loop,2486.52,EMP-172
CASE-01645,manager_rejects,2024-02-08 15:45:59.911944+00:00,3406.28,rejection_loop,2486.52,EMP-172
CASE-01645,resubmit,2024-02-08 16:42:46.194544+00:00,7543.99,rejection_loop,2486.52,EMP-172
CASE-01645,manager_approval,2024-02-08 18:48:30.189117+00:00,88203.26,rejection_loop,2486.52,EMP-172
CASE-01645,paid,2024-02-09 19:18:33.452317+00:00,3831.86,rejection_loop,2486.52,EMP-172
CASE-01646,submit,2024-02-06 07:52:50.132347+00:00,249.9,happy_path,2482.75,EMP-090
CASE-01646,manager_approval,2024-02-06 07:57:00.030858+00:00,76249.39,happy_path,2482.75,EMP-090
CASE-01646,finance_approval,2024-02-07 05:07:49.421236+00:00,46665.78,happy_path,2482.75,EMP-090
CASE-01646,paid,2024-02-07 18:05:35.202269+00:00,3279.3,happy_path,2482.75,EMP-090
CASE-01647,submit,2024-02-13 23:10:36.549634+00:00,285.0,happy_path,2704.34,EMP-161
CASE-01647,manager_approval,2024-02-13 23:15:21.549110+00:00,113400.35,happy_path,2704.34,EMP-161
CASE-01647,finance_approval,2024-02-15 06:45:21.901944+00:00,38960.21,happy_path,2704.34,EMP-161
CASE-01647,paid,2024-02-15 17:34:42.110825+00:00,3563.72,happy_path,2704.34,EMP-161
CASE-01648,submit,2023-11-07 05:44:12.897108+00:00,348.01,happy_path,3057.71,EMP-086
CASE-01648,manager_approval,2023-11-07 05:50:00.908583+00:00,73495.27,happy_path,3057.71,EMP-086
CASE-01648,finance_approval,2023-11-08 02:14:56.174352+00:00,38579.35,happy_path,3057.71,EMP-086
CASE-01648,paid,2023-11-08 12:57:55.524144+00:00,2800.15,happy_path,3057.71,EMP-086
CASE-01649,submit,2024-01-03 02:59:53.039090+00:00,268.18,happy_path,4840.29,EMP-172
CASE-01649,manager_approval,2024-01-03 03:04:21.219959+00:00,94112.26,happy_path,4840.29,EMP-172
CASE-01649,finance_approval,2024-01-04 05:12:53.482253+00:00,55768.24,happy_path,4840.29,EMP-172
CASE-01649,paid,2024-01-04 20:42:21.724039+00:00,4020.89,happy_path,4840.29,EMP-172
CASE-01650,submit,2024-02-16 18:09:36.343613+00:00,295.47,rejection_loop,4377.46,EMP-052
CASE-01650,manager_rejects,2024-02-16 18:14:31.809983+00:00,3096.69,rejection_loop,4377.46,EMP-052
CASE-01650,resubmit,2024-02-16 19:06:08.498885+00:00,6737.91,rejection_loop,4377.46,EMP-052
CASE-01650,manager_approval,2024-02-16 20:58:26.413674+00:00,72458.94,rejection_loop,4377.46,EMP-052
CASE-01650,paid,2024-02-17 17:06:05.351260+00:00,2962.39,rejection_loop,4377.46,EMP-052
CASE-01651,submit,2024-01-13 00:46:38.220501+00:00,271.79,happy_path,3256.76,EMP-059
CASE-01651,manager_approval,2024-01-13 00:51:10.007772+00:00,98713.82,happy_path,3256.76,EMP-059
CASE-01651,finance_approval,2024-01-14 04:16:23.831278+00:00,39552.81,happy_path,3256.76,EMP-059
CASE-01651,paid,2024-01-14 15:15:36.636501+00:00,2826.71,happy_path,3256.76,EMP-059
CASE-01652,submit,2023-11-09 03:26:37.183323+00:00,296.4,happy_path,945.55,EMP-086
CASE-01652,manager_approval,2023-11-09 03:31:33.582236+00:00,106639.49,happy_path,945.55,EMP-086
CASE-01652,finance_approval,2023-11-10 09:08:53.072361+00:00,40856.72,happy_path,945.55,EMP-086
CASE-01652,paid,2023-11-10 20:29:49.795131+00:00,2388.81,happy_path,945.55,EMP-086
CASE-01653,submit,2023-12-28 10:21:30.524236+00:00,452.83,escalation,868.02,EMP-126
CASE-01653,manager_approval,2023-12-28 10:29:03.355063+00:00,54833.04,escalation,868.02,EMP-126
CASE-01653,finance_review,2023-12-29 01:42:56.390106+00:00,128877.4,escalation,868.02,EMP-126
CASE-01653,paid,2023-12-30 13:30:53.789429+00:00,2543.47,escalation,868.02,EMP-126
CASE-01654,submit,2024-03-04 11:35:01.111403+00:00,177.37,happy_path,580.94,EMP-001
CASE-01654,manager_approval,2024-03-04 11:37:58.477724+00:00,55203.78,happy_path,580.94,EMP-001
CASE-01654,finance_approval,2024-03-05 02:58:02.259042+00:00,33523.48,happy_path,580.94,EMP-001
CASE-01654,paid,2024-03-05 12:16:45.743091+00:00,5561.48,happy_path,580.94,EMP-001
CASE-01655,submit,2024-03-24 00:25:12.987783+00:00,254.57,happy_path,1938.03,EMP-146
CASE-01655,manager_approval,2024-03-24 00:29:27.561455+00:00,103350.93,happy_path,1938.03,EMP-146
CASE-01655,finance_approval,2024-03-25 05:11:58.488342+00:00,47156.94,happy_path,1938.03,EMP-146
CASE-01655,paid,2024-03-25 18:17:55.430069+00:00,2141.77,happy_path,1938.03,EMP-146
CASE-01656,submit,2023-12-17 03:32:38.292594+00:00,173.41,rejection_loop,1895.46,EMP-072
CASE-01656,manager_rejects,2023-12-17 03:35:31.700058+00:00,4619.17,rejection_loop,1895.46,EMP-072
CASE-01656,resubmit,2023-12-17 04:52:30.874656+00:00,7633.08,rejection_loop,1895.46,EMP-072
CASE-01656,manager_approval,2023-12-17 06:59:43.957755+00:00,101119.11,rejection_loop,1895.46,EMP-072
CASE-01656,paid,2023-12-18 11:05:03.065594+00:00,3145.65,rejection_loop,1895.46,EMP-072
CASE-01657,submit,2023-10-24 15:48:14.724186+00:00,203.27,happy_path,4654.12,EMP-053
CASE-01657,manager_approval,2023-10-24 15:51:37.997056+00:00,46036.49,happy_path,4654.12,EMP-053
CASE-01657,finance_approval,2023-10-25 04:38:54.489462+00:00,47138.18,happy_path,4654.12,EMP-053
CASE-01657,paid,2023-10-25 17:44:32.671137+00:00,1812.15,happy_path,4654.12,EMP-053
CASE-01658,submit,2023-10-18 11:55:53.661503+00:00,311.55,exception,914.18,EMP-029
CASE-01658,missing_receipt,2023-10-18 12:01:05.212436+00:00,2403.01,exception,914.18,EMP-029
CASE-01658,hold,2023-10-18 12:41:08.218313+00:00,162450.6,exception,914.18,EMP-029
CASE-01658,resolved,2023-10-20 09:48:38.818698+00:00,3231.86,exception,914.18,EMP-029
CASE-01658,paid,2023-10-20 10:42:30.679508+00:00,3423.68,exception,914.18,EMP-029
CASE-01659,submit,2023-11-10 18:51:16.136510+00:00,392.74,happy_path,3670.6,EMP-040
CASE-01659,manager_approval,2023-11-10 18:57:48.871643+00:00,69580.75,happy_path,3670.6,EMP-040
CASE-01659,finance_approval,2023-11-11 14:17:29.622978+00:00,47407.27,happy_path,3670.6,EMP-040
CASE-01659,paid,2023-11-12 03:27:36.895021+00:00,4531.98,happy_path,3670.6,EMP-040
CASE-01660,submit,2024-01-14 19:36:22.191310+00:00,314.78,happy_path,916.36,EMP-004
CASE-01660,manager_approval,2024-01-14 19:41:36.968071+00:00,93896.59,happy_path,916.36,EMP-004
CASE-01660,finance_approval,2024-01-15 21:46:33.557983+00:00,43909.56,happy_path,916.36,EMP-004
CASE-01660,paid,2024-01-16 09:58:23.121556+00:00,3689.46,happy_path,916.36,EMP-004
CASE-01661,submit,2023-10-07 09:27:49.038349+00:00,251.65,happy_path,2421.9,EMP-069
CASE-01661,manager_approval,2023-10-07 09:32:00.686598+00:00,80375.44,happy_path,2421.9,EMP-069
CASE-01661,finance_approval,2023-10-08 07:51:36.123271+00:00,57660.22,happy_path,2421.9,EMP-069
CASE-01661,paid,2023-10-08 23:52:36.341883+00:00,3693.44,happy_path,2421.9,EMP-069
CASE-01662,submit,2024-03-01 08:53:43.872495+00:00,365.11,happy_path,3268.4,EMP-145
CASE-01662,manager_approval,2024-03-01 08:59:48.982722+00:00,37477.37,happy_path,3268.4,EMP-145
CASE-01662,finance_approval,2024-03-01 19:24:26.349646+00:00,50215.04,happy_path,3268.4,EMP-145
CASE-01662,paid,2024-03-02 09:21:21.384790+00:00,2948.54,happy_path,3268.4,EMP-145
CASE-01663,submit,2023-10-18 21:57:25.627273+00:00,303.14,rejection_loop,284.11,EMP-094
CASE-01663,manager_rejects,2023-10-18 22:02:28.763325+00:00,2852.36,rejection_loop,284.11,EMP-094
CASE-01663,resubmit,2023-10-18 22:50:01.128193+00:00,9671.24,rejection_loop,284.11,EMP-094
CASE-01663,manager_approval,2023-10-19 01:31:12.369095+00:00,66333.87,rejection_loop,284.11,EMP-094
CASE-01663,paid,2023-10-19 19:56:46.240708+00:00,3359.42,rejection_loop,284.11,EMP-094
CASE-01664,submit,2023-10-29 05:24:19.466998+00:00,294.86,exception,3644.68,EMP-139
CASE-01664,missing_receipt,2023-10-29 05:29:14.323492+00:00,1524.33,exception,3644.68,EMP-139
CASE-01664,hold,2023-10-29 05:54:38.656705+00:00,299469.97,exception,3644.68,EMP-139
CASE-01664,resolved,2023-11-01 17:05:48.624826+00:00,4140.12,exception,3644.68,EMP-139
CASE-01664,paid,2023-11-01 18:14:48.742498+00:00,2785.73,exception,3644.68,EMP-139
CASE-01665,submit,2024-03-11 02:20:01.070674+00:00,311.25,happy_path,4080.43,EMP-193
CASE-01665,manager_approval,2024-03-11 02:25:12.318069+00:00,76449.73,happy_path,4080.43,EMP-193
CASE-01665,finance_approval,2024-03-11 23:39:22.044933+00:00,36618.0,happy_path,4080.43,EMP-193
CASE-01665,paid,2024-03-12 09:49:40.046010+00:00,3971.5,happy_path,4080.43,EMP-193
CASE-01666,submit,2024-01-27 04:24:18.315741+00:00,293.87,happy_path,731.33,EMP-092
CASE-01666,manager_approval,2024-01-27 04:29:12.186157+00:00,60787.58,happy_path,731.33,EMP-092
CASE-01666,finance_approval,2024-01-27 21:22:19.768676+00:00,45928.47,happy_path,731.33,EMP-092
CASE-01666,paid,2024-01-28 10:07:48.241784+00:00,2798.92,happy_path,731.33,EMP-092
CASE-01667,submit,2023-10-29 02:37:05.265172+00:00,185.88,happy_path,4595.58,EMP-161
CASE-01667,manager_approval,2023-10-29 02:40:11.145409+00:00,69752.56,happy_path,4595.58,EMP-161
CASE-01667,finance_approval,2023-10-29 22:02:43.704432+00:00,51746.91,happy_path,4595.58,EMP-161
CASE-01667,paid,2023-10-30 12:25:10.615012+00:00,3542.55,happy_path,4595.58,EMP-161
CASE-01668,submit,2024-02-28 10:38:28.961893+00:00,182.96,escalation,4887.3,EMP-053
CASE-01668,manager_approval,2024-02-28 10:41:31.925625+00:00,54407.16,escalation,4887.3,EMP-053
CASE-01668,finance_review,2024-02-29 01:48:19.090119+00:00,221568.62,escalation,4887.3,EMP-053
CASE-01668,paid,2024-03-02 15:21:07.709905+00:00,5610.75,escalation,4887.3,EMP-053
CASE-01669,submit,2023-10-03 17:27:17.800930+00:00,175.26,escalation,2621.87,EMP-148
CASE-01669,manager_approval,2023-10-03 17:30:13.060727+00:00,115663.59,escalation,2621.87,EMP-148
CASE-01669,finance_review,2023-10-05 01:37:56.652008+00:00,147256.73,escalation,2621.87,EMP-148
CASE-01669,paid,2023-10-06 18:32:13.385503+00:00,3929.62,escalation,2621.87,EMP-148
CASE-01670,submit,2023-11-30 14:06:18.470250+00:00,337.0,rejection_loop,1707.75,EMP-030
CASE-01670,manager_rejects,2023-11-30 14:11:55.469093+00:00,3899.87,rejection_loop,1707.75,EMP-030
CASE-01670,resubmit,2023-11-30 15:16:55.339912+00:00,5710.39,rejection_loop,1707.75,EMP-030
CASE-01670,manager_approval,2023-11-30 16:52:05.726521+00:00,110649.05,rejection_loop,1707.75,EMP-030
CASE-01670,paid,2023-12-01 23:36:14.775069+00:00,3177.23,rejection_loop,1707.75,EMP-030
CASE-01671,submit,2024-02-14 23:14:58.852512+00:00,232.05,rejection_loop,1134.4,EMP-090
CASE-01671,manager_rejects,2024-02-14 23:18:50.905994+00:00,1950.81,rejection_loop,1134.4,EMP-090
CASE-01671,resubmit,2024-02-14 23:51:21.718644+00:00,7591.56,rejection_loop,1134.4,EMP-090
CASE-01671,manager_approval,2024-02-15 01:57:53.279782+00:00,117082.49,rejection_loop,1134.4,EMP-090
CASE-01671,paid,2024-02-16 10:29:15.766834+00:00,4373.4,rejection_loop,1134.4,EMP-090
CASE-01672,submit,2024-02-23 23:43:12.348192+00:00,376.59,rejection_loop,3595.2,EMP-130
CASE-01672,manager_rejects,2024-02-23 23:49:28.939773+00:00,2265.67,rejection_loop,3595.2,EMP-130
CASE-01672,resubmit,2024-02-24 00:27:14.608955+00:00,7320.69,rejection_loop,3595.2,EMP-130
CASE-01672,manager_approval,2024-02-24 02:29:15.299598+00:00,80132.45,rejection_loop,3595.2,EMP-130
CASE-01672,paid,2024-02-25 00:44:47.752849+00:00,2875.53,rejection_loop,3595.2,EMP-130
CASE-01673,submit,2024-01-08 13:17:48.958709+00:00,390.47,rejection_loop,1549.15,EMP-054
CASE-01673,manager_rejects,2024-01-08 13:24:19.426987+00:00,4228.1,rejection_loop,1549.15,EMP-054
CASE-01673,resubmit,2024-01-08 14:34:47.528434+00:00,7647.52,rejection_loop,1549.15,EMP-054
CASE-01673,manager_approval,2024-01-08 16:42:15.053102+00:00,87198.96,rejection_loop,1549.15,EMP-054
CASE-01673,paid,2024-01-09 16:55:34.010305+00:00,4017.87,rejection_loop,1549.15,EMP-054
CASE-01674,submit,2023-12-23 11:13:45.264977+00:00,326.52,rejection_loop,403.11,EMP-065
CASE-01674,manager_rejects,2023-12-23 11:19:11.781729+00:00,4659.5,rejection_loop,403.11,EMP-065
CASE-01674,resubmit,2023-12-23 12:36:51.280833+00:00,10145.7,rejection_loop,403.11,EMP-065
CASE-01674,manager_approval,2023-12-23 15:25:56.978299+00:00,84739.42,rejection_loop,403.11,EMP-065
CASE-01674,paid,2023-12-24 14:58:16.396916+00:00,3488.53,rejection_loop,403.11,EMP-065
CASE-01675,submit,2023-11-09 12:29:49.592180+00:00,227.85,escalation,1748.69,EMP-096
CASE-01675,manager_approval,2023-11-09 12:33:37.445821+00:00,98917.35,escalation,1748.69,EMP-096
CASE-01675,finance_review,2023-11-10 16:02:14.794021+00:00,113674.36,escalation,1748.69,EMP-096
CASE-01675,paid,2023-11-11 23:36:49.156113+00:00,3767.9,escalation,1748.69,EMP-096
CASE-01676,submit,2023-12-31 23:58:39.854007+00:00,272.54,happy_path,2482.1,EMP-009
CASE-01676,manager_approval,2024-01-01 00:03:12.395739+00:00,99739.83,happy_path,2482.1,EMP-009
CASE-01676,finance_approval,2024-01-02 03:45:32.221833+00:00,30502.41,happy_path,2482.1,EMP-009
CASE-01676,paid,2024-01-02 12:13:54.630832+00:00,3865.75,happy_path,2482.1,EMP-009
CASE-01677,submit,2024-02-03 22:42:49.438873+00:00,259.38,rejection_loop,3860.45,EMP-109
CASE-01677,manager_rejects,2024-02-03 22:47:08.820092+00:00,3217.45,rejection_loop,3860.45,EMP-109
CASE-01677,resubmit,2024-02-03 23:40:46.269912+00:00,9256.04,rejection_loop,3860.45,EMP-109
CASE-01677,manager_approval,2024-02-04 02:15:02.313851+00:00,81911.99,rejection_loop,3860.45,EMP-109
CASE-01677,paid,2024-02-05 01:00:14.305619+00:00,3849.05,rejection_loop,3860.45,EMP-109
CASE-01678,submit,2023-11-17 09:18:56.035599+00:00,302.88,happy_path,4534.08,EMP-122
CASE-01678,manager_approval,2023-11-17 09:23:58.914878+00:00,99972.56,happy_path,4534.08,EMP-122
CASE-01678,finance_approval,2023-11-18 13:10:11.471436+00:00,46153.51,happy_path,4534.08,EMP-122
CASE-01678,paid,2023-11-19 01:59:24.981345+00:00,4216.89,happy_path,4534.08,EMP-122
CASE-01679,submit,2023-11-15 10:45:20.604075+00:00,225.89,happy_path,1930.26,EMP-087
CASE-01679,manager_approval,2023-11-15 10:49:06.492217+00:00,92081.56,happy_path,1930.26,EMP-087
CASE-01679,finance_approval,2023-11-16 12:23:48.049484+00:00,43008.97,happy_path,1930.26,EMP-087
CASE-01679,paid,2023-11-17 00:20:37.017642+00:00,3027.6,happy_path,1930.26,EMP-087
CASE-01680,submit,2023-10-20 02:12:00.884562+00:00,396.71,rejection_loop,1121.95,EMP-106
CASE-01680,manager_rejects,2023-10-20 02:18:37.596980+00:00,3274.85,rejection_loop,1121.95,EMP-106
CASE-01680,resubmit,2023-10-20 03:13:12.448570+00:00,4990.82,rejection_loop,1121.95,EMP-106
CASE-01680,manager_approval,2023-10-20 04:36:23.266305+00:00,84060.0,rejection_loop,1121.95,EMP-106
CASE-01680,paid,2023-10-21 03:57:23.269143+00:00,3407.92,rejection_loop,1121.95,EMP-106
CASE-01681,submit,2023-12-25 08:56:15.014669+00:00,280.6,escalation,392.04,EMP-047
CASE-01681,manager_approval,2023-12-25 09:00:55.618783+00:00,66158.97,escalation,392.04,EMP-047
CASE-01681,finance_review,2023-12-26 03:23:34.585968+00:00,228853.01,escalation,392.04,EMP-047
CASE-01681,paid,2023-12-28 18:57:47.591947+00:00,3004.81,escalation,392.04,EMP-047
CASE-01682,submit,2024-01-04 00:18:03.323449+00:00,330.26,happy_path,2949.02,EMP-179
CASE-01682,manager_approval,2024-01-04 00:23:33.584626+00:00,107426.33,happy_path,2949.02,EMP-179
CASE-01682,finance_approval,2024-01-05 06:13:59.918171+00:00,44443.19,happy_path,2949.02,EMP-179
CASE-01682,paid,2024-01-05 18:34:43.112364+00:00,3395.86,happy_path,2949.02,EMP-179
CASE-01683,submit,2023-10-30 20:43:10.351945+00:00,320.86,escalation,2162.32,EMP-176
CASE-01683,manager_approval,2023-10-30 20:48:31.216790+00:00,74120.87,escalation,2162.32,EMP-176
CASE-01683,finance_review,2023-10-31 17:23:52.082373+00:00,168201.18,escalation,2162.32,EMP-176
CASE-01683,paid,2023-11-02 16:07:13.262525+00:00,3608.3,escalation,2162.32,EMP-176
CASE-01684,submit,2024-02-19 01:02:19.425823+00:00,336.67,rejection_loop,4043.67,EMP-046
CASE-01684,manager_rejects,2024-02-19 01:07:56.097199+00:00,3703.73,rejection_loop,4043.67,EMP-046
CASE-01684,resubmit,2024-02-19 02:09:39.831364+00:00,5736.92,rejection_loop,4043.67,EMP-046
CASE-01684,manager_approval,2024-02-19 03:45:16.756262+00:00,114038.22,rejection_loop,4043.67,EMP-046
CASE-01684,paid,2024-02-20 11:25:54.971555+00:00,3966.41,rejection_loop,4043.67,EMP-046
CASE-01685,submit,2023-10-21 06:38:34.630679+00:00,264.32,happy_path,3518.86,EMP-030
CASE-01685,manager_approval,2023-10-21 06:42:58.947405+00:00,109146.88,happy_path,3518.86,EMP-030
CASE-01685,finance_approval,2023-10-22 13:02:05.827723+00:00,52272.8,happy_path,3518.86,EMP-030
CASE-01685,paid,2023-10-23 03:33:18.624319+00:00,4693.3,happy_path,3518.86,EMP-030
CASE-01686,submit,2023-12-19 09:29:07.263713+00:00,274.62,happy_path,1865.04,EMP-179
CASE-01686,manager_approval,2023-12-19 09:33:41.884870+00:00,74483.78,happy_path,1865.04,EMP-179
CASE-01686,finance_approval,2023-12-20 06:15:05.663761+00:00,28347.85,happy_path,1865.04,EMP-179
CASE-01686,paid,2023-12-20 14:07:33.514143+00:00,2837.35,happy_path,1865.04,EMP-179
CASE-01687,submit,2024-01-11 07:27:22.805194+00:00,355.32,happy_path,216.01,EMP-112
CASE-01687,manager_approval,2024-01-11 07:33:18.128632+00:00,79397.23,happy_path,216.01,EMP-112
CASE-01687,finance_approval,2024-01-12 05:36:35.363228+00:00,44440.52,happy_path,216.01,EMP-112
CASE-01687,paid,2024-01-12 17:57:15.887727+00:00,3424.13,happy_path,216.01,EMP-112
CASE-01688,submit,2024-03-14 04:34:55.767628+00:00,445.75,happy_path,2036.57,EMP-063
CASE-01688,manager_approval,2024-03-14 04:42:21.512876+00:00,94183.4,happy_path,2036.57,EMP-063
CASE-01688,finance_approval,2024-03-15 06:52:04.908107+00:00,40622.85,happy_path,2036.57,EMP-063
CASE-01688,paid,2024-03-15 18:09:07.761795+00:00,4214.46,happy_path,2036.57,EMP-063
CASE-01689,submit,2023-12-09 04:43:43.897572+00:00,366.37,escalation,2258.21,EMP-140
CASE-01689,manager_approval,2023-12-09 04:49:50.271924+00:00,85744.24,escalation,2258.21,EMP-140
CASE-01689,finance_review,2023-12-10 04:38:54.509525+00:00,188812.6,escalation,2258.21,EMP-140
CASE-01689,paid,2023-12-12 09:05:47.104587+00:00,3743.38,escalation,2258.21,EMP-140
CASE-01690,submit,2023-11-08 10:34:19.888370+00:00,262.77,happy_path,2820.35,EMP-060
CASE-01690,manager_approval,2023-11-08 10:38:42.658965+00:00,75266.04,happy_path,2820.35,EMP-060
CASE-01690,finance_approval,2023-11-09 07:33:08.695317+00:00,54539.04,happy_path,2820.35,EMP-060
CASE-01690,paid,2023-11-09 22:42:07.733851+00:00,2928.8,happy_path,2820.35,EMP-060
CASE-01691,submit,2024-01-30 20:44:10.860982+00:00,336.68,escalation,110.22,EMP-135
CASE-01691,manager_approval,2024-01-30 20:49:47.543963+00:00,83925.23,escalation,110.22,EMP-135
CASE-01691,finance_review,2024-01-31 20:08:32.778103+00:00,169848.76,escalation,110.22,EMP-135
CASE-01691,paid,2024-02-02 19:19:21.536017+00:00,3957.04,escalation,110.22,EMP-135
CASE-01692,submit,2023-11-05 23:02:29.366551+00:00,277.76,exception,4309.9,EMP-055
CASE-01692,missing_receipt,2023-11-05 23:07:07.122398+00:00,1461.85,exception,4309.9,EMP-055
CASE-01692,hold,2023-11-05 23:31:28.973903+00:00,274775.41,exception,4309.9,EMP-055
CASE-01692,resolved,2023-11-09 03:51:04.379084+00:00,4083.0,exception,4309.9,EMP-055
CASE-01692,paid,2023-11-09 04:59:07.381540+00:00,4119.78,exception,4309.9,EMP-055
CASE-01693,submit,2023-10-29 07:12:19.964438+00:00,350.04,escalation,2729.94,EMP-019
CASE-01693,manager_approval,2023-10-29 07:18:10.004526+00:00,104862.66,escalation,2729.94,EMP-019
CASE-01693,finance_review,2023-10-30 12:25:52.663127+00:00,183226.63,escalation,2729.94,EMP-019
CASE-01693,paid,2023-11-01 15:19:39.288504+00:00,3341.37,escalation,2729.94,EMP-019
CASE-01694,submit,2023-11-01 15:38:43.243064+00:00,256.71,escalation,4937.44,EMP-145
CASE-01694,manager_approval,2023-11-01 15:42:59.952166+00:00,70430.44,escalation,4937.44,EMP-145
CASE-01694,finance_review,2023-11-02 11:16:50.396020+00:00,101127.18,escalation,4937.44,EMP-145
CASE-01694,paid,2023-11-03 15:22:17.571363+00:00,2095.07,escalation,4937.44,EMP-145
CASE-01695,submit,2023-12-19 17:40:58.328927+00:00,371.86,rejection_loop,2061.64,EMP-193
CASE-01695,manager_rejects,2023-12-19 17:47:10.190725+00:00,2841.16,rejection_loop,2061.64,EMP-193
CASE-01695,resubmit,2023-12-19 18:34:31.355104+00:00,9845.91,rejection_loop,2061.64,EMP-193
CASE-01695,manager_approval,2023-12-19 21:18:37.269680+00:00,91975.41,rejection_loop,2061.64,EMP-193
CASE-01695,paid,2023-12-20 22:51:32.676384+00:00,4412.59,rejection_loop,2061.64,EMP-193
CASE-01696,submit,2024-03-14 08:26:02.819929+00:00,274.83,escalation,4341.33,EMP-192
CASE-01696,manager_approval,2024-03-14 08:30:37.651789+00:00,34078.98,escalation,4341.33,EMP-192
CASE-01696,finance_review,2024-03-14 17:58:36.627246+00:00,186443.21,escalation,4341.33,EMP-192
CASE-01696,paid,2024-03-16 21:45:59.839402+00:00,2682.27,escalation,4341.33,EMP-192
CASE-01697,submit,2024-01-18 19:35:19.093068+00:00,296.33,rejection_loop,3194.96,EMP-062
CASE-01697,manager_rejects,2024-01-18 19:40:15.418504+00:00,3357.95,rejection_loop,3194.96,EMP-062
CASE-01697,resubmit,2024-01-18 20:36:13.367892+00:00,10213.99,rejection_loop,3194.96,EMP-062
CASE-01697,manager_approval,2024-01-18 23:26:27.354147+00:00,81463.1,rejection_loop,3194.96,EMP-062
CASE-01697,paid,2024-01-19 22:04:10.452255+00:00,3692.5,rejection_loop,3194.96,EMP-062
CASE-01698,submit,2023-10-29 04:50:08.015737+00:00,263.66,happy_path,469.97,EMP-199
CASE-01698,manager_approval,2023-10-29 04:54:31.673224+00:00,70298.68,happy_path,469.97,EMP-199
CASE-01698,finance_approval,2023-10-30 00:26:10.348585+00:00,36895.64,happy_path,469.97,EMP-199
CASE-01698,paid,2023-10-30 10:41:05.993454+00:00,4225.13,happy_path,469.97,EMP-199
CASE-01699,submit,2024-03-01 12:55:18.192327+00:00,193.78,rejection_loop,4589.7,EMP-078
CASE-01699,manager_rejects,2024-03-01 12:58:31.968293+00:00,2772.87,rejection_loop,4589.7,EMP-078
CASE-01699,resubmit,2024-03-01 13:44:44.842811+00:00,8446.81,rejection_loop,4589.7,EMP-078
CASE-01699,manager_approval,2024-03-01 16:05:31.652464+00:00,67206.0,rejection_loop,4589.7,EMP-078
CASE-01699,paid,2024-03-02 10:45:37.654721+00:00,2089.67,rejection_loop,4589.7,EMP-078
CASE-01700,submit,2024-03-17 05:19:16.595216+00:00,307.74,rejection_loop,2968.33,EMP-144
CASE-01700,manager_rejects,2024-03-17 05:24:24.336611+00:00,2903.35,rejection_loop,2968.33,EMP-144
CASE-01700,resubmit,2024-03-17 06:12:47.687379+00:00,5574.56,rejection_loop,2968.33,EMP-144
CASE-01700,manager_approval,2024-03-17 07:45:42.245640+00:00,64665.13,rejection_loop,2968.33,EMP-144
CASE-01700,paid,2024-03-18 01:43:27.379471+00:00,3145.79,rejection_loop,2968.33,EMP-144
CASE-01701,submit,2024-01-06 21:25:58.703151+00:00,283.9,happy_path,2473.89,EMP-088
CASE-01701,manager_approval,2024-01-06 21:30:42.598970+00:00,81199.66,happy_path,2473.89,EMP-088
CASE-01701,finance_approval,2024-01-07 20:04:02.256596+00:00,31635.75,happy_path,2473.89,EMP-088
CASE-01701,paid,2024-01-08 04:51:18.004938+00:00,2077.6,happy_path,2473.89,EMP-088
CASE-01702,submit,2023-11-28 08:22:58.996285+00:00,408.58,rejection_loop,2992.45,EMP-059
CASE-01702,manager_rejects,2023-11-28 08:29:47.581231+00:00,2870.12,rejection_loop,2992.45,EMP-059
CASE-01702,resubmit,2023-11-28 09:17:37.697700+00:00,5674.97,rejection_loop,2992.45,EMP-059
CASE-01702,manager_approval,2023-11-28 10:52:12.663420+00:00,78341.76,rejection_loop,2992.45,EMP-059
CASE-01702,paid,2023-11-29 08:37:54.428240+00:00,3016.73,rejection_loop,2992.45,EMP-059
CASE-01703,submit,2024-01-18 14:19:31.438024+00:00,405.2,escalation,2087.12,EMP-068
CASE-01703,manager_approval,2024-01-18 14:26:16.641002+00:00,79653.08,escalation,2087.12,EMP-068
CASE-01703,finance_review,2024-01-19 12:33:49.717098+00:00,148369.58,escalation,2087.12,EMP-068
CASE-01703,paid,2024-01-21 05:46:39.296641+00:00,2400.2,escalation,2087.12,EMP-068
CASE-01704,submit,2024-02-03 16:17:11.779810+00:00,231.2,rejection_loop,3457.24,EMP-049
CASE-01704,manager_rejects,2024-02-03 16:21:02.982240+00:00,3116.14,rejection_loop,3457.24,EMP-049
CASE-01704,resubmit,2024-02-03 17:12:59.124323+00:00,8921.65,rejection_loop,3457.24,EMP-049
CASE-01704,manager_approval,2024-02-03 19:41:40.769730+00:00,69699.54,rejection_loop,3457.24,EMP-049
CASE-01704,paid,2024-02-04 15:03:20.311687+00:00,5051.62,rejection_loop,3457.24,EMP-049
CASE-01705,submit,2024-02-10 02:14:52.008545+00:00,288.36,escalation,908.41,EMP-186
CASE-01705,manager_approval,2024-02-10 02:19:40.366926+00:00,102122.15,escalation,908.41,EMP-186
CASE-01705,finance_review,2024-02-11 06:41:42.521503+00:00,122865.91,escalation,908.41,EMP-186
CASE-01705,paid,2024-02-12 16:49:28.431150+00:00,2862.69,escalation,908.41,EMP-186
CASE-01706,submit,2023-12-09 11:59:38.592247+00:00,225.92,happy_path,4442.0,EMP-128
CASE-01706,manager_approval,2023-12-09 12:03:24.513052+00:00,108005.84,happy_path,4442.0,EMP-128
CASE-01706,finance_approval,2023-12-10 18:03:30.355988+00:00,50474.33,happy_path,4442.0,EMP-128
CASE-01706,paid,2023-12-11 08:04:44.686053+00:00,3189.33,happy_path,4442.0,EMP-128
CASE-01707,submit,2023-11-17 10:57:15.117357+00:00,407.47,happy_path,1310.89,EMP-019
CASE-01707,manager_approval,2023-11-17 11:04:02.586013+00:00,78137.59,happy_path,1310.89,EMP-019
CASE-01707,finance_approval,2023-11-18 08:46:20.174101+00:00,43779.49,happy_path,1310.89,EMP-019
CASE-01707,paid,2023-11-18 20:55:59.665757+00:00,3592.63,happy_path,1310.89,EMP-019
CASE-01708,submit,2023-12-23 20:33:56.320374+00:00,379.29,happy_path,4673.9,EMP-127
CASE-01708,manager_approval,2023-12-23 20:40:15.610301+00:00,84757.82,happy_path,4673.9,EMP-127
CASE-01708,finance_approval,2023-12-24 20:12:53.426530+00:00,41620.93,happy_path,4673.9,EMP-127
CASE-01708,paid,2023-12-25 07:46:34.351601+00:00,4748.35,happy_path,4673.9,EMP-127
CASE-01709,submit,2024-01-24 01:26:49.111286+00:00,271.36,happy_path,302.42,EMP-110
CASE-01709,manager_approval,2024-01-24 01:31:20.475954+00:00,87077.21,happy_path,302.42,EMP-110
CASE-01709,finance_approval,2024-01-25 01:42:37.689309+00:00,37439.37,happy_path,302.42,EMP-110
CASE-01709,paid,2024-01-25 12:06:37.058045+00:00,3900.01,happy_path,302.42,EMP-110
CASE-01710,submit,2024-02-24 05:36:54.303202+00:00,409.54,happy_path,658.44,EMP-195
CASE-01710,manager_approval,2024-02-24 05:43:43.847180+00:00,100458.58,happy_path,658.44,EMP-195
CASE-01710,finance_approval,2024-02-25 09:38:02.427327+00:00,41647.02,happy_path,658.44,EMP-195
CASE-01710,paid,2024-02-25 21:12:09.443900+00:00,4718.25,happy_path,658.44,EMP-195
CASE-01711,submit,2024-02-03 14:38:55.863425+00:00,335.35,happy_path,3930.16,EMP-191
CASE-01711,manager_approval,2024-02-03 14:44:31.211666+00:00,130091.07,happy_path,3930.16,EMP-191
CASE-01711,finance_approval,2024-02-05 02:52:42.285434+00:00,42273.97,happy_path,3930.16,EMP-191
CASE-01711,paid,2024-02-05 14:37:16.254969+00:00,3548.55,happy_path,3930.16,EMP-191
CASE-01712,submit,2023-11-23 03:41:33.368646+00:00,302.48,happy_path,3140.58,EMP-071
CASE-01712,manager_approval,2023-11-23 03:46:35.846755+00:00,101617.49,happy_path,3140.58,EMP-071
CASE-01712,finance_approval,2023-11-24 08:00:13.338160+00:00,33641.73,happy_path,3140.58,EMP-071
CASE-01712,paid,2023-11-24 17:20:55.065673+00:00,2689.22,happy_path,3140.58,EMP-071
CASE-01713,submit,2023-10-30 07:21:23.437528+00:00,250.59,exception,1800.08,EMP-061
CASE-01713,missing_receipt,2023-10-30 07:25:34.026114+00:00,1713.31,exception,1800.08,EMP-061
CASE-01713,hold,2023-10-30 07:54:07.335156+00:00,288629.87,exception,1800.08,EMP-061
CASE-01713,resolved,2023-11-02 16:04:37.203248+00:00,4666.72,exception,1800.08,EMP-061
CASE-01713,paid,2023-11-02 17:22:23.919150+00:00,3875.76,exception,1800.08,EMP-061
CASE-01714,submit,2024-01-13 19:45:28.743806+00:00,263.99,escalation,4774.64,EMP-024
CASE-01714,manager_approval,2024-01-13 19:49:52.730057+00:00,42395.85,escalation,4774.64,EMP-024
CASE-01714,finance_review,2024-01-14 07:36:28.584290+00:00,96058.96,escalation,4774.64,EMP-024
CASE-01714,paid,2024-01-15 10:17:27.546908+00:00,3769.68,escalation,4774.64,EMP-024
CASE-01715,submit,2023-12-24 17:04:06.846740+00:00,271.19,happy_path,2061.69,EMP-062
CASE-01715,manager_approval,2023-12-24 17:08:38.039123+00:00,93142.38,happy_path,2061.69,EMP-062
CASE-01715,finance_approval,2023-12-25 19:01:00.421104+00:00,47035.51,happy_path,2061.69,EMP-062
CASE-01715,paid,2023-12-26 08:04:55.927397+00:00,3679.48,happy_path,2061.69,EMP-062
CASE-01716,submit,2024-03-05 23:04:02.939439+00:00,328.1,happy_path,1577.05,EMP-149
CASE-01716,manager_approval,2024-03-05 23:09:31.043860+00:00,100152.91,happy_path,1577.05,EMP-149
CASE-01716,finance_approval,2024-03-07 02:58:43.952155+00:00,36855.91,happy_path,1577.05,EMP-149
CASE-01716,paid,2024-03-07 13:12:59.858581+00:00,3794.94,happy_path,1577.05,EMP-149
CASE-01717,submit,2024-02-13 01:11:24.575182+00:00,415.59,happy_path,2248.46,EMP-039
CASE-01717,manager_approval,2024-02-13 01:18:20.165324+00:00,64077.11,happy_path,2248.46,EMP-039
CASE-01717,finance_approval,2024-02-13 19:06:17.279947+00:00,49803.8,happy_path,2248.46,EMP-039
CASE-01717,paid,2024-02-14 08:56:21.077245+00:00,2780.16,happy_path,2248.46,EMP-039
CASE-01718,submit,2023-12-20 14:19:45.302577+00:00,351.22,happy_path,4414.94,EMP-126
CASE-01718,manager_approval,2023-12-20 14:25:36.523072+00:00,100394.43,happy_path,4414.94,EMP-126
CASE-01718,finance_approval,2023-12-21 18:18:50.951561+00:00,38543.78,happy_path,4414.94,EMP-126
CASE-01718,paid,2023-12-22 05:01:14.734439+00:00,4662.19,happy_path,4414.94,EMP-126
CASE-01719,submit,2023-12-09 03:11:30.293749+00:00,309.27,happy_path,2238.84,EMP-053
CASE-01719,manager_approval,2023-12-09 03:16:39.563211+00:00,77959.23,happy_path,2238.84,EMP-053
CASE-01719,finance_approval,2023-12-10 00:55:58.791171+00:00,33854.83,happy_path,2238.84,EMP-053
CASE-01719,paid,2023-12-10 10:20:13.622084+00:00,3323.53,happy_path,2238.84,EMP-053
CASE-01720,submit,2023-12-05 14:06:24.895439+00:00,244.55,rejection_loop,1075.3,EMP-081
CASE-01720,manager_rejects,2023-12-05 14:10:29.442145+00:00,3456.36,rejection_loop,1075.3,EMP-081
CASE-01720,resubmit,2023-12-05 15:08:05.801889+00:00,10019.03,rejection_loop,1075.3,EMP-081
CASE-01720,manager_approval,2023-12-05 17:55:04.831202+00:00,103349.22,rejection_loop,1075.3,EMP-081
CASE-01720,paid,2023-12-06 22:37:34.053753+00:00,3076.34,rejection_loop,1075.3,EMP-081
CASE-01721,submit,2024-03-19 08:20:49.528353+00:00,303.45,rejection_loop,4805.24,EMP-176
CASE-01721,manager_rejects,2024-03-19 08:25:52.983314+00:00,4527.3,rejection_loop,4805.24,EMP-176
CASE-01721,resubmit,2024-03-19 09:41:20.282734+00:00,4114.38,rejection_loop,4805.24,EMP-176
CASE-01721,manager_approval,2024-03-19 10:49:54.663219+00:00,97855.89,rejection_loop,4805.24,EMP-176
CASE-01721,paid,2024-03-20 14:00:50.556262+00:00,2965.63,rejection_loop,4805.24,EMP-176
CASE-01722,submit,2023-12-22 03:48:54.165636+00:00,335.5,happy_path,2480.24,EMP-186
CASE-01722,manager_approval,2023-12-22 03:54:29.660999+00:00,65816.37,happy_path,2480.24,EMP-186
CASE-01722,finance_approval,2023-12-22 22:11:26.035697+00:00,46742.91,happy_path,2480.24,EMP-186
CASE-01722,paid,2023-12-23 11:10:28.944657+00:00,3187.55,happy_path,2480.24,EMP-186
CASE-01723,submit,2023-11-02 08:05:59.843087+00:00,338.75,exception,1336.3,EMP-041
CASE-01723,missing_receipt,2023-11-02 08:11:38.588169+00:00,2061.72,exception,1336.3,EMP-041
CASE-01723,hold,2023-11-02 08:46:00.308861+00:00,160301.64,exception,1336.3,EMP-041
CASE-01723,resolved,2023-11-04 05:17:41.945694+00:00,2711.55,exception,1336.3,EMP-041
CASE-01723,paid,2023-11-04 06:02:53.491792+00:00,2643.15,exception,1336.3,EMP-041
CASE-01724,submit,2023-10-11 15:16:02.037302+00:00,312.62,rejection_loop,4896.85,EMP-094
CASE-01724,manager_rejects,2023-10-11 15:21:14.653790+00:00,4531.77,rejection_loop,4896.85,EMP-094
CASE-01724,resubmit,2023-10-11 16:36:46.425705+00:00,8549.84,rejection_loop,4896.85,EMP-094
CASE-01724,manager_approval,2023-10-11 18:59:16.263171+00:00,111487.62,rejection_loop,4896.85,EMP-094
CASE-01724,paid,2023-10-13 01:57:23.880922+00:00,2954.0,rejection_loop,4896.85,EMP-094
CASE-01725,submit,2023-11-24 18:25:12.504204+00:00,285.16,escalation,1312.97,EMP-039
CASE-01725,manager_approval,2023-11-24 18:29:57.661117+00:00,97397.78,escalation,1312.97,EMP-039
CASE-01725,finance_review,2023-11-25 21:33:15.444070+00:00,145695.91,escalation,1312.97,EMP-039
CASE-01725,paid,2023-11-27 14:01:31.354649+00:00,4160.81,escalation,1312.97,EMP-039
CASE-01726,submit,2024-03-07 22:13:10.816890+00:00,278.19,happy_path,2626.51,EMP-060
CASE-01726,manager_approval,2024-03-07 22:17:49.010476+00:00,65984.2,happy_path,2626.51,EMP-060
CASE-01726,finance_approval,2024-03-08 16:37:33.215352+00:00,36732.99,happy_path,2626.51,EMP-060
CASE-01726,paid,2024-03-09 02:49:46.207917+00:00,3976.69,happy_path,2626.51,EMP-060
CASE-01727,submit,2024-01-09 15:05:40.353427+00:00,181.0,rejection_loop,3718.42,EMP-074
CASE-01727,manager_rejects,2024-01-09 15:08:41.353804+00:00,4790.06,rejection_loop,3718.42,EMP-074
CASE-01727,resubmit,2024-01-09 16:28:31.412706+00:00,5838.52,rejection_loop,3718.42,EMP-074
CASE-01727,manager_approval,2024-01-09 18:05:49.936388+00:00,89785.73,rejection_loop,3718.42,EMP-074
CASE-01727,paid,2024-01-10 19:02:15.661837+00:00,5228.26,rejection_loop,3718.42,EMP-074
CASE-01728,submit,2024-02-19 02:39:10.346120+00:00,287.48,happy_path,3577.02,EMP-018
CASE-01728,manager_approval,2024-02-19 02:43:57.823191+00:00,123896.24,happy_path,3577.02,EMP-018
CASE-01728,finance_approval,2024-02-20 13:08:54.064045+00:00,30971.95,happy_path,3577.02,EMP-018
CASE-01728,paid,2024-02-20 21:45:06.010717+00:00,3268.88,happy_path,3577.02,EMP-018
CASE-01729,submit,2023-10-30 11:44:39.785194+00:00,341.02,escalation,1876.21,EMP-046
CASE-01729,manager_approval,2023-10-30 11:50:20.804431+00:00,79693.36,escalation,1876.21,EMP-046
CASE-01729,finance_review,2023-10-31 09:58:34.160213+00:00,257630.55,escalation,1876.21,EMP-046
CASE-01729,paid,2023-11-03 09:32:24.707245+00:00,3697.22,escalation,1876.21,EMP-046
CASE-01730,submit,2024-01-01 03:56:40.333879+00:00,347.4,rejection_loop,2590.57,EMP-006
CASE-01730,manager_rejects,2024-01-01 04:02:27.732035+00:00,3231.57,rejection_loop,2590.57,EMP-006
CASE-01730,resubmit,2024-01-01 04:56:19.301784+00:00,8209.06,rejection_loop,2590.57,EMP-006
CASE-01730,manager_approval,2024-01-01 07:13:08.357156+00:00,107475.02,rejection_loop,2590.57,EMP-006
CASE-01730,paid,2024-01-02 13:04:23.377077+00:00,3981.84,rejection_loop,2590.57,EMP-006
CASE-01731,submit,2023-12-25 05:35:25.888980+00:00,263.31,escalation,1867.59,EMP-072
CASE-01731,manager_approval,2023-12-25 05:39:49.198526+00:00,53756.75,escalation,1867.59,EMP-072
CASE-01731,finance_review,2023-12-25 20:35:45.951706+00:00,191792.32,escalation,1867.59,EMP-072
CASE-01731,paid,2023-12-28 01:52:18.274538+00:00,3478.09,escalation,1867.59,EMP-072
CASE-01732,submit,2023-10-27 11:06:22.935400+00:00,265.26,escalation,259.25,EMP-097
CASE-01732,manager_approval,2023-10-27 11:10:48.190559+00:00,80261.52,escalation,259.25,EMP-097
CASE-01732,finance_review,2023-10-28 09:28:29.709825+00:00,224361.64,escalation,259.25,EMP-097
CASE-01732,paid,2023-10-30 23:47:51.347501+00:00,2095.15,escalation,259.25,EMP-097
CASE-01733,submit,2023-12-25 23:47:57.568146+00:00,306.34,escalation,3644.86,EMP-135
CASE-01733,manager_approval,2023-12-25 23:53:03.907493+00:00,70675.25,escalation,3644.86,EMP-135
CASE-01733,finance_review,2023-12-26 19:30:59.154811+00:00,130993.53,escalation,3644.86,EMP-135
CASE-01733,paid,2023-12-28 07:54:12.683625+00:00,3867.73,escalation,3644.86,EMP-135
CASE-01734,submit,2024-01-05 05:23:31.912660+00:00,223.29,rejection_loop,2055.73,EMP-065
CASE-01734,manager_rejects,2024-01-05 05:27:15.203965+00:00,3006.42,rejection_loop,2055.73,EMP-065
CASE-01734,resubmit,2024-01-05 06:17:21.627227+00:00,8366.87,rejection_loop,2055.73,EMP-065
CASE-01734,manager_approval,2024-01-05 08:36:48.494834+00:00,47353.27,rejection_loop,2055.73,EMP-065
CASE-01734,paid,2024-01-05 21:46:01.762046+00:00,3602.79,rejection_loop,2055.73,EMP-065
CASE-01735,submit,2024-03-02 13:12:24.432984+00:00,397.18,happy_path,3019.0,EMP-095
CASE-01735,manager_approval,2024-03-02 13:19:01.613882+00:00,117453.64,happy_path,3019.0,EMP-095
CASE-01735,finance_approval,2024-03-03 21:56:35.250245+00:00,38704.7,happy_path,3019.0,EMP-095
CASE-01735,paid,2024-03-04 08:41:39.948551+00:00,4110.83,happy_path,3019.0,EMP-095
CASE-01736,submit,2023-10-05 21:17:58.048984+00:00,221.34,happy_path,2461.75,EMP-193
CASE-01736,manager_approval,2023-10-05 21:21:39.387334+00:00,98540.99,happy_path,2461.75,EMP-193
CASE-01736,finance_approval,2023-10-07 00:44:00.375835+00:00,51878.44,happy_path,2461.75,EMP-193
CASE-01736,paid,2023-10-07 15:08:38.813456+00:00,5038.61,happy_path,2461.75,EMP-193
CASE-01737,submit,2024-02-22 21:02:43.691797+00:00,273.56,rejection_loop,3758.67,EMP-167
CASE-01737,manager_rejects,2024-02-22 21:07:17.248584+00:00,3801.52,rejection_loop,3758.67,EMP-167
CASE-01737,resubmit,2024-02-22 22:10:38.765722+00:00,10357.47,rejection_loop,3758.67,EMP-167
CASE-01737,manager_approval,2024-02-23 01:03:16.239571+00:00,59054.28,rejection_loop,3758.67,EMP-167
CASE-01737,paid,2024-02-23 17:27:30.520648+00:00,3583.33,rejection_loop,3758.67,EMP-167
CASE-01738,submit,2023-12-25 09:27:10.794759+00:00,360.56,rejection_loop,1889.26,EMP-053
CASE-01738,manager_rejects,2023-12-25 09:33:11.355354+00:00,3431.82,rejection_loop,1889.26,EMP-053
CASE-01738,resubmit,2023-12-25 10:30:23.175010+00:00,7494.97,rejection_loop,1889.26,EMP-053
CASE-01738,manager_approval,2023-12-25 12:35:18.146639+00:00,129996.08,rejection_loop,1889.26,EMP-053
CASE-01738,paid,2023-12-27 00:41:54.230348+00:00,2980.95,rejection_loop,1889.26,EMP-053
CASE-01739,submit,2023-12-05 02:23:53.077916+00:00,405.54,exception,1512.32,EMP-014
CASE-01739,missing_receipt,2023-12-05 02:30:38.620076+00:00,1462.27,exception,1512.32,EMP-014
CASE-01739,hold,2023-12-05 02:55:00.890027+00:00,283390.99,exception,1512.32,EMP-014
CASE-01739,resolved,2023-12-08 09:38:11.875654+00:00,3425.8,exception,1512.32,EMP-014
CASE-01739,paid,2023-12-08 10:35:17.674512+00:00,3144.75,exception,1512.32,EMP-014
CASE-01740,submit,2023-10-15 04:42:15.978915+00:00,407.09,escalation,250.6,EMP-123
CASE-01740,manager_approval,2023-10-15 04:49:03.073869+00:00,77281.16,escalation,250.6,EMP-123
CASE-01740,finance_review,2023-10-16 02:17:04.232657+00:00,205268.82,escalation,250.6,EMP-123
CASE-01740,paid,2023-10-18 11:18:13.047868+00:00,3465.92,escalation,250.6,EMP-123
CASE-01741,submit,2023-11-20 12:42:33.099991+00:00,299.62,happy_path,3734.47,EMP-144
CASE-01741,manager_approval,2023-11-20 12:47:32.722473+00:00,101392.94,happy_path,3734.47,EMP-144
CASE-01741,finance_approval,2023-11-21 16:57:25.659760+00:00,43981.37,happy_path,3734.47,EMP-144
CASE-01741,paid,2023-11-22 05:10:27.024802+00:00,3402.78,happy_path,3734.47,EMP-144
CASE-01742,submit,2023-12-04 10:43:09.226003+00:00,298.25,happy_path,4002.63,EMP-118
CASE-01742,manager_approval,2023-12-04 10:48:07.473386+00:00,76827.87,happy_path,4002.63,EMP-118
CASE-01742,finance_approval,2023-12-05 08:08:35.344938+00:00,49314.68,happy_path,4002.63,EMP-118
CASE-01742,paid,2023-12-05 21:50:30.020857+00:00,3977.89,happy_path,4002.63,EMP-118
CASE-01743,submit,2024-02-17 10:55:23.799751+00:00,224.45,rejection_loop,3804.54,EMP-111
CASE-01743,manager_rejects,2024-02-17 10:59:08.246203+00:00,4616.23,rejection_loop,3804.54,EMP-111
CASE-01743,resubmit,2024-02-17 12:16:04.476754+00:00,7904.75,rejection_loop,3804.54,EMP-111
CASE-01743,manager_approval,2024-02-17 14:27:49.226861+00:00,82668.11,rejection_loop,3804.54,EMP-111
CASE-01743,paid,2024-02-18 13:25:37.333565+00:00,2447.02,rejection_loop,3804.54,EMP-111
CASE-01744,submit,2023-12-01 10:15:24.868741+00:00,278.34,happy_path,4842.24,EMP-097
CASE-01744,manager_approval,2023-12-01 10:20:03.210299+00:00,52253.33,happy_path,4842.24,EMP-097
CASE-01744,finance_approval,2023-12-02 00:50:56.535319+00:00,40549.15,happy_path,4842.24,EMP-097
CASE-01744,paid,2023-12-02 12:06:45.690080+00:00,3223.17,happy_path,4842.24,EMP-097
CASE-01745,submit,2023-12-11 02:24:10.058179+00:00,286.17,rejection_loop,1021.85,EMP-158
CASE-01745,manager_rejects,2023-12-11 02:28:56.229017+00:00,3708.11,rejection_loop,1021.85,EMP-158
CASE-01745,resubmit,2023-12-11 03:30:44.337305+00:00,5744.48,rejection_loop,1021.85,EMP-158
CASE-01745,manager_approval,2023-12-11 05:06:28.817527+00:00,136988.77,rejection_loop,1021.85,EMP-158
CASE-01745,paid,2023-12-12 19:09:37.585027+00:00,3999.19,rejection_loop,1021.85,EMP-158
CASE-01746,submit,2023-12-18 20:15:27.527492+00:00,373.19,happy_path,4138.31,EMP-039
CASE-01746,manager_approval,2023-12-18 20:21:40.715892+00:00,26490.51,happy_path,4138.31,EMP-039
CASE-01746,finance_approval,2023-12-19 03:43:11.225982+00:00,34079.32,happy_path,4138.31,EMP-039
CASE-01746,paid,2023-12-19 13:11:10.550362+00:00,4276.84,happy_path,4138.31,EMP-039
CASE-01747,submit,2023-12-28 21:06:39.487135+00:00,478.61,happy_path,235.43,EMP-187
CASE-01747,manager_approval,2023-12-28 21:14:38.095616+00:00,108615.12,happy_path,235.43,EMP-187
CASE-01747,finance_approval,2023-12-30 03:24:53.214133+00:00,46464.79,happy_path,235.43,EMP-187
CASE-01747,paid,2023-12-30 16:19:18.000941+00:00,5633.26,happy_path,235.43,EMP-187
CASE-01748,submit,2024-02-26 02:29:59.433878+00:00,283.91,happy_path,445.85,EMP-118
CASE-01748,manager_approval,2024-02-26 02:34:43.344860+00:00,67222.48,happy_path,445.85,EMP-118
CASE-01748,finance_approval,2024-02-26 21:15:05.825234+00:00,52900.13,happy_path,445.85,EMP-118
CASE-01748,paid,2024-02-27 11:56:45.959351+00:00,2897.12,happy_path,445.85,EMP-118
CASE-01749,submit,2024-03-11 01:12:56.555453+00:00,348.59,exception,2906.37,EMP-141
CASE-01749,missing_receipt,2024-03-11 01:18:45.143671+00:00,1905.79,exception,2906.37,EMP-141
CASE-01749,hold,2024-03-11 01:50:30.931297+00:00,188036.51,exception,2906.37,EMP-141
CASE-01749,resolved,2024-03-13 06:04:27.436798+00:00,3226.19,exception,2906.37,EMP-141
CASE-01749,paid,2024-03-13 06:58:13.624922+00:00,2652.67,exception,2906.37,EMP-141
CASE-01750,submit,2024-01-04 14:36:30.861069+00:00,285.42,escalation,4185.03,EMP-151
CASE-01750,manager_approval,2024-01-04 14:41:16.283525+00:00,114917.22,escalation,4185.03,EMP-151
CASE-01750,finance_review,2024-01-05 22:36:33.502457+00:00,197434.03,escalation,4185.03,EMP-151
CASE-01750,paid,2024-01-08 05:27:07.531473+00:00,3210.06,escalation,4185.03,EMP-151
CASE-01751,submit,2024-03-20 04:32:27.604488+00:00,249.68,happy_path,2442.81,EMP-085
CASE-01751,manager_approval,2024-03-20 04:36:37.284938+00:00,141481.58,happy_path,2442.81,EMP-085
CASE-01751,finance_approval,2024-03-21 19:54:38.862359+00:00,45532.88,happy_path,2442.81,EMP-085
CASE-01751,paid,2024-03-22 08:33:31.746773+00:00,3584.07,happy_path,2442.81,EMP-085
CASE-01752,submit,2023-10-22 04:03:58.267064+00:00,325.53,escalation,4018.29,EMP-066
CASE-01752,manager_approval,2023-10-22 04:09:23.797844+00:00,98717.28,escalation,4018.29,EMP-066
CASE-01752,finance_review,2023-10-23 07:34:41.073227+00:00,191401.32,escalation,4018.29,EMP-066
CASE-01752,paid,2023-10-25 12:44:42.390711+00:00,1784.85,escalation,4018.29,EMP-066
CASE-01753,submit,2024-02-05 12:41:20.571440+00:00,238.14,happy_path,4530.61,EMP-026
CASE-01753,manager_approval,2024-02-05 12:45:18.715609+00:00,85582.02,happy_path,4530.61,EMP-026
CASE-01753,finance_approval,2024-02-06 12:31:40.735105+00:00,35673.03,happy_path,4530.61,EMP-026
CASE-01753,paid,2024-02-06 22:26:13.764676+00:00,4284.93,happy_path,4530.61,EMP-026
CASE-01754,submit,2023-12-28 14:40:12.937586+00:00,320.02,happy_path,1250.35,EMP-160
CASE-01754,manager_approval,2023-12-28 14:45:32.954429+00:00,82920.73,happy_path,1250.35,EMP-160
CASE-01754,finance_approval,2023-12-29 13:47:33.680236+00:00,37291.57,happy_path,1250.35,EMP-160
CASE-01754,paid,2023-12-30 00:09:05.249006+00:00,5337.86,happy_path,1250.35,EMP-160
CASE-01755,submit,2023-12-16 13:26:34.534960+00:00,353.58,happy_path,4084.55,EMP-040
CASE-01755,manager_approval,2023-12-16 13:32:28.112024+00:00,83761.03,happy_path,4084.55,EMP-040
CASE-01755,finance_approval,2023-12-17 12:48:29.141644+00:00,38959.83,happy_path,4084.55,EMP-040
CASE-01755,paid,2023-12-17 23:37:48.976139+00:00,4161.72,happy_path,4084.55,EMP-040
CASE-01756,submit,2024-01-16 21:59:17.978062+00:00,203.3,happy_path,4989.1,EMP-102
CASE-01756,manager_approval,2024-01-16 22:02:41.277260+00:00,109956.96,happy_path,4989.1,EMP-102
CASE-01756,finance_approval,2024-01-18 04:35:18.236712+00:00,40954.04,happy_path,4989.1,EMP-102
CASE-01756,paid,2024-01-18 15:57:52.279887+00:00,4803.73,happy_path,4989.1,EMP-102
CASE-01757,submit,2024-01-17 19:41:12.836959+00:00,316.69,happy_path,838.0,EMP-084
CASE-01757,manager_approval,2024-01-17 19:46:29.528414+00:00,78469.6,happy_path,838.0,EMP-084
CASE-01757,finance_approval,2024-01-18 17:34:19.130881+00:00,53434.87,happy_path,838.0,EMP-084
CASE-01757,paid,2024-01-19 08:24:54.002617+00:00,4327.71,happy_path,838.0,EMP-084
CASE-01758,submit,2024-03-19 04:29:48.339865+00:00,325.09,happy_path,2171.29,EMP-024
CASE-01758,manager_approval,2024-03-19 04:35:13.430995+00:00,54247.92,happy_path,2171.29,EMP-024
CASE-01758,finance_approval,2024-03-19 19:39:21.347898+00:00,44551.73,happy_path,2171.29,EMP-024
CASE-01758,paid,2024-03-20 08:01:53.076310+00:00,3838.46,happy_path,2171.29,EMP-024
CASE-01759,submit,2024-03-28 01:35:18.947596+00:00,238.88,happy_path,211.79,EMP-075
CASE-01759,manager_approval,2024-03-28 01:39:17.825078+00:00,110807.08,happy_path,211.79,EMP-075
CASE-01759,finance_approval,2024-03-29 08:26:04.904861+00:00,46339.72,happy_path,211.79,EMP-075
CASE-01759,paid,2024-03-29 21:18:24.621545+00:00,2850.33,happy_path,211.79,EMP-075
CASE-01760,submit,2023-12-01 10:12:44.321848+00:00,376.98,escalation,250.13,EMP-080
CASE-01760,manager_approval,2023-12-01 10:19:01.301271+00:00,93319.39,escalation,250.13,EMP-080
CASE-01760,finance_review,2023-12-02 12:14:20.695983+00:00,232272.39,escalation,250.13,EMP-080
CASE-01760,paid,2023-12-05 04:45:33.081146+00:00,3507.85,escalation,250.13,EMP-080
CASE-01761,submit,2024-03-12 11:16:57.018785+00:00,331.31,rejection_loop,1001.63,EMP-044
CASE-01761,manager_rejects,2024-03-12 11:22:28.329929+00:00,2977.68,rejection_loop,1001.63,EMP-044
CASE-01761,resubmit,2024-03-12 12:12:06.013414+00:00,7037.63,rejection_loop,1001.63,EMP-044
CASE-01761,manager_approval,2024-03-12 14:09:23.641098+00:00,104223.22,rejection_loop,1001.63,EMP-044
CASE-01761,paid,2024-03-13 19:06:26.863282+00:00,3780.16,rejection_loop,1001.63,EMP-044
CASE-01762,submit,2024-01-20 02:38:40.576922+00:00,280.22,escalation,736.15,EMP-119
CASE-01762,manager_approval,2024-01-20 02:43:20.795879+00:00,84455.59,escalation,736.15,EMP-119
CASE-01762,finance_review,2024-01-21 02:10:56.386021+00:00,234721.39,escalation,736.15,EMP-119
CASE-01762,paid,2024-01-23 19:22:57.778708+00:00,3474.83,escalation,736.15,EMP-119
CASE-01763,submit,2023-12-12 19:27:35.372750+00:00,274.35,escalation,3460.71,EMP-009
CASE-01763,manager_approval,2023-12-12 19:32:09.721472+00:00,79592.14,escalation,3460.71,EMP-009
CASE-01763,finance_review,2023-12-13 17:38:41.861151+00:00,194660.33,escalation,3460.71,EMP-009
CASE-01763,paid,2023-12-15 23:43:02.193144+00:00,2626.66,escalation,3460.71,EMP-009
CASE-01764,submit,2024-02-07 00:26:24.329775+00:00,311.26,exception,1566.67,EMP-168
CASE-01764,missing_receipt,2024-02-07 00:31:35.587410+00:00,1357.6,exception,1566.67,EMP-168
CASE-01764,hold,2024-02-07 00:54:13.187078+00:00,350438.21,exception,1566.67,EMP-168
CASE-01764,resolved,2024-02-11 02:14:51.400296+00:00,3761.77,exception,1566.67,EMP-168
CASE-01764,paid,2024-02-11 03:17:33.174035+00:00,6188.8,exception,1566.67,EMP-168
CASE-01765,submit,2023-12-25 00:45:31.722231+00:00,295.24,happy_path,1666.72,EMP-062
CASE-01765,manager_approval,2023-12-25 00:50:26.963720+00:00,80738.75,happy_path,1666.72,EMP-062
CASE-01765,finance_approval,2023-12-25 23:16:05.715765+00:00,56897.93,happy_path,1666.72,EMP-062
CASE-01765,paid,2023-12-26 15:04:23.641540+00:00,4262.39,happy_path,1666.72,EMP-062
CASE-01766,submit,2023-10-29 21:05:30.729310+00:00,392.16,happy_path,4991.22,EMP-033
CASE-01766,manager_approval,2023-10-29 21:12:02.887391+00:00,102897.44,happy_path,4991.22,EMP-033
CASE-01766,finance_approval,2023-10-31 01:47:00.332322+00:00,39586.76,happy_path,4991.22,EMP-033
CASE-01766,paid,2023-10-31 12:46:47.094633+00:00,2505.22,happy_path,4991.22,EMP-033
CASE-01767,submit,2024-03-18 09:03:09.097008+00:00,256.01,rejection_loop,2204.91,EMP-032
CASE-01767,manager_rejects,2024-03-18 09:07:25.107806+00:00,2820.05,rejection_loop,2204.91,EMP-032
CASE-01767,resubmit,2024-03-18 09:54:25.158630+00:00,7002.59,rejection_loop,2204.91,EMP-032
CASE-01767,manager_approval,2024-03-18 11:51:07.746315+00:00,68217.35,rejection_loop,2204.91,EMP-032
CASE-01767,paid,2024-03-19 06:48:05.098271+00:00,3113.86,rejection_loop,2204.91,EMP-032
CASE-01768,submit,2023-11-06 11:13:50.766895+00:00,176.64,escalation,1852.84,EMP-101
CASE-01768,manager_approval,2023-11-06 11:16:47.407563+00:00,91391.3,escalation,1852.84,EMP-101
CASE-01768,finance_review,2023-11-07 12:39:58.702829+00:00,177198.67,escalation,1852.84,EMP-101
CASE-01768,paid,2023-11-09 13:53:17.372701+00:00,4013.92,escalation,1852.84,EMP-101
CASE-01769,submit,2024-03-24 23:30:24.926658+00:00,263.52,happy_path,2513.2,EMP-169
CASE-01769,manager_approval,2024-03-24 23:34:48.446028+00:00,95450.81,happy_path,2513.2,EMP-169
CASE-01769,finance_approval,2024-03-26 02:05:39.252495+00:00,29176.13,happy_path,2513.2,EMP-169
CASE-01769,paid,2024-03-26 10:11:55.381558+00:00,2026.85,happy_path,2513.2,EMP-169
CASE-01770,submit,2023-11-28 15:53:08.861852+00:00,334.36,rejection_loop,3551.55,EMP-169
CASE-01770,manager_rejects,2023-11-28 15:58:43.221164+00:00,4269.02,rejection_loop,3551.55,EMP-169
CASE-01770,resubmit,2023-11-28 17:09:52.244546+00:00,6021.4,rejection_loop,3551.55,EMP-169
CASE-01770,manager_approval,2023-11-28 18:50:13.646906+00:00,85582.06,rejection_loop,3551.55,EMP-169
CASE-01770,paid,2023-11-29 18:36:35.702686+00:00,3495.43,rejection_loop,3551.55,EMP-169
CASE-01771,submit,2023-10-19 18:41:40.417669+00:00,338.42,rejection_loop,4773.73,EMP-107
CASE-01771,manager_rejects,2023-10-19 18:47:18.834896+00:00,3218.33,rejection_loop,4773.73,EMP-107
CASE-01771,resubmit,2023-10-19 19:40:57.169436+00:00,8155.59,rejection_loop,4773.73,EMP-107
CASE-01771,manager_approval,2023-10-19 21:56:52.759432+00:00,89500.32,rejection_loop,4773.73,EMP-107
CASE-01771,paid,2023-10-20 22:48:33.079262+00:00,2550.81,rejection_loop,4773.73,EMP-107
CASE-01772,submit,2023-12-17 05:11:57.257186+00:00,294.37,happy_path,1051.16,EMP-047
CASE-01772,manager_approval,2023-12-17 05:16:51.626547+00:00,90389.09,happy_path,1051.16,EMP-047
CASE-01772,finance_approval,2023-12-18 06:23:20.715196+00:00,33112.99,happy_path,1051.16,EMP-047
CASE-01772,paid,2023-12-18 15:35:13.701582+00:00,3211.74,happy_path,1051.16,EMP-047
CASE-01773,submit,2024-02-18 21:10:25.984054+00:00,195.47,happy_path,63.55,EMP-124
CASE-01773,manager_approval,2024-02-18 21:13:41.458966+00:00,100629.61,happy_path,63.55,EMP-124
CASE-01773,finance_approval,2024-02-20 01:10:51.073677+00:00,42272.74,happy_path,63.55,EMP-124
CASE-01773,paid,2024-02-20 12:55:23.817985+00:00,4414.06,happy_path,63.55,EMP-124
CASE-01774,submit,2024-01-06 13:21:16.234311+00:00,372.57,rejection_loop,3733.06,EMP-071
CASE-01774,manager_rejects,2024-01-06 13:27:28.805939+00:00,5066.99,rejection_loop,3733.06,EMP-071
CASE-01774,resubmit,2024-01-06 14:51:55.797381+00:00,3539.89,rejection_loop,3733.06,EMP-071
CASE-01774,manager_approval,2024-01-06 15:50:55.687754+00:00,63787.48,rejection_loop,3733.06,EMP-071
CASE-01774,paid,2024-01-07 09:34:03.166029+00:00,2795.67,rejection_loop,3733.06,EMP-071
CASE-01775,submit,2023-12-23 21:23:41.287673+00:00,285.43,happy_path,4751.59,EMP-011
CASE-01775,manager_approval,2023-12-23 21:28:26.720598+00:00,59723.12,happy_path,4751.59,EMP-011
CASE-01775,finance_approval,2023-12-24 14:03:49.838459+00:00,31467.94,happy_path,4751.59,EMP-011
CASE-01775,paid,2023-12-24 22:48:17.775376+00:00,3235.3,happy_path,4751.59,EMP-011
CASE-01776,submit,2024-01-17 01:51:48.714281+00:00,321.09,happy_path,1696.4,EMP-105
CASE-01776,manager_approval,2024-01-17 01:57:09.805879+00:00,84707.06,happy_path,1696.4,EMP-105
CASE-01776,finance_approval,2024-01-18 01:28:56.869743+00:00,46786.23,happy_path,1696.4,EMP-105
CASE-01776,paid,2024-01-18 14:28:43.094903+00:00,2779.13,happy_path,1696.4,EMP-105
CASE-01777,submit,2023-11-13 13:41:00.316615+00:00,268.06,happy_path,4427.62,EMP-147
CASE-01777,manager_approval,2023-11-13 13:45:28.374453+00:00,112891.0,happy_path,4427.62,EMP-147
CASE-01777,finance_approval,2023-11-14 21:06:59.373887+00:00,37421.91,happy_path,4427.62,EMP-147
CASE-01777,paid,2023-11-15 07:30:41.279278+00:00,3838.34,happy_path,4427.62,EMP-147
CASE-01778,submit,2024-01-31 07:37:38.002932+00:00,247.23,escalation,241.62,EMP-059
CASE-01778,manager_approval,2024-01-31 07:41:45.228877+00:00,76023.12,escalation,241.62,EMP-059
CASE-01778,finance_review,2024-02-01 04:48:48.344496+00:00,203961.83,escalation,241.62,EMP-059
CASE-01778,paid,2024-02-03 13:28:10.173175+00:00,3617.48,escalation,241.62,EMP-059
CASE-01779,submit,2023-12-13 10:57:15.780404+00:00,162.97,happy_path,4116.46,EMP-062
CASE-01779,manager_approval,2023-12-13 10:59:58.747072+00:00,109609.8,happy_path,4116.46,EMP-062
CASE-01779,finance_approval,2023-12-14 17:26:48.550804+00:00,45061.17,happy_path,4116.46,EMP-062
CASE-01779,paid,2023-12-15 05:57:49.722080+00:00,2918.98,happy_path,4116.46,EMP-062
CASE-01780,submit,2023-10-05 22:36:12.613108+00:00,366.07,rejection_loop,2755.4,EMP-107
CASE-01780,manager_rejects,2023-10-05 22:42:18.685764+00:00,2883.39,rejection_loop,2755.4,EMP-107
CASE-01780,resubmit,2023-10-05 23:30:22.074578+00:00,7533.63,rejection_loop,2755.4,EMP-107
CASE-01780,manager_approval,2023-10-06 01:35:55.701087+00:00,48566.53,rejection_loop,2755.4,EMP-107
CASE-01780,paid,2023-10-06 15:05:22.230030+00:00,3757.34,rejection_loop,2755.4,EMP-107
CASE-01781,submit,2024-01-30 00:46:00.087978+00:00,212.09,happy_path,2921.87,EMP-137
CASE-01781,manager_approval,2024-01-30 00:49:32.179310+00:00,83893.74,happy_path,2921.87,EMP-137
CASE-01781,finance_approval,2024-01-31 00:07:45.922873+00:00,46674.27,happy_path,2921.87,EMP-137
CASE-01781,paid,2024-01-31 13:05:40.197348+00:00,3857.91,happy_path,2921.87,EMP-137
CASE-01782,submit,2024-01-29 02:21:46.580001+00:00,479.89,escalation,1676.51,EMP-140
CASE-01782,manager_approval,2024-01-29 02:29:46.466178+00:00,109193.48,escalation,1676.51,EMP-140
CASE-01782,finance_review,2024-01-30 08:49:39.941392+00:00,176881.43,escalation,1676.51,EMP-140
CASE-01782,paid,2024-02-01 09:57:41.370539+00:00,3279.05,escalation,1676.51,EMP-140
CASE-01783,submit,2024-02-11 13:59:29.824381+00:00,339.64,happy_path,542.33,EMP-192
CASE-01783,manager_approval,2024-02-11 14:05:09.464541+00:00,95149.77,happy_path,542.33,EMP-192
CASE-01783,finance_approval,2024-02-12 16:30:59.230569+00:00,48428.93,happy_path,542.33,EMP-192
CASE-01783,paid,2024-02-13 05:58:08.164665+00:00,3576.17,happy_path,542.33,EMP-192
CASE-01784,submit,2023-10-20 13:39:02.233046+00:00,335.62,happy_path,3659.35,EMP-093
CASE-01784,manager_approval,2023-10-20 13:44:37.853188+00:00,103305.67,happy_path,3659.35,EMP-093
CASE-01784,finance_approval,2023-10-21 18:26:23.519445+00:00,40623.2,happy_path,3659.35,EMP-093
CASE-01784,paid,2023-10-22 05:43:26.716430+00:00,2504.63,happy_path,3659.35,EMP-093
CASE-01785,submit,2024-03-04 13:05:27.011927+00:00,280.11,happy_path,4914.93,EMP-032
CASE-01785,manager_approval,2024-03-04 13:10:07.123556+00:00,102381.87,happy_path,4914.93,EMP-032
CASE-01785,finance_approval,2024-03-05 17:36:28.993874+00:00,43311.42,happy_path,4914.93,EMP-032
CASE-01785,paid,2024-03-06 05:38:20.413420+00:00,3886.77,happy_path,4914.93,EMP-032
CASE-01786,submit,2024-02-17 16:22:09.354221+00:00,195.0,exception,4827.46,EMP-030
CASE-01786,missing_receipt,2024-02-17 16:25:24.356340+00:00,1615.26,exception,4827.46,EMP-030
CASE-01786,hold,2024-02-17 16:52:19.618012+00:00,345985.55,exception,4827.46,EMP-030
CASE-01786,resolved,2024-02-21 16:58:45.170492+00:00,3978.52,exception,4827.46,EMP-030
CASE-01786,paid,2024-02-21 18:05:03.688282+00:00,2642.57,exception,4827.46,EMP-030
CASE-01787,submit,2023-11-22 02:15:30.415857+00:00,391.68,escalation,2432.15,EMP-158
CASE-01787,manager_approval,2023-11-22 02:22:02.099120+00:00,105437.98,escalation,2432.15,EMP-158
CASE-01787,finance_review,2023-11-23 07:39:20.074392+00:00,146941.95,escalation,2432.15,EMP-158
CASE-01787,paid,2023-11-25 00:28:22.023277+00:00,4310.59,escalation,2432.15,EMP-158
CASE-01788,submit,2023-10-06 06:44:34.806954+00:00,392.9,happy_path,4727.46,EMP-186
CASE-01788,manager_approval,2023-10-06 06:51:07.707493+00:00,66302.12,happy_path,4727.46,EMP-186
CASE-01788,finance_approval,2023-10-07 01:16:09.828345+00:00,44022.81,happy_path,4727.46,EMP-186
CASE-01788,paid,2023-10-07 13:29:52.635801+00:00,3231.42,happy_path,4727.46,EMP-186
CASE-01789,submit,2024-01-04 23:24:52.488431+00:00,285.38,happy_path,771.77,EMP-042
CASE-01789,manager_approval,2024-01-04 23:29:37.866761+00:00,73219.06,happy_path,771.77,EMP-042
CASE-01789,finance_approval,2024-01-05 19:49:56.927329+00:00,55297.62,happy_path,771.77,EMP-042
CASE-01789,paid,2024-01-06 11:11:34.549184+00:00,3515.48,happy_path,771.77,EMP-042
CASE-01790,submit,2024-02-22 16:18:50.991979+00:00,200.79,happy_path,1733.89,EMP-100
CASE-01790,manager_approval,2024-02-22 16:22:11.786618+00:00,102552.06,happy_path,1733.89,EMP-100
CASE-01790,finance_approval,2024-02-23 20:51:23.846591+00:00,44382.1,happy_path,1733.89,EMP-100
CASE-01790,paid,2024-02-24 09:11:05.948062+00:00,2698.69,happy_path,1733.89,EMP-100
CASE-01791,submit,2024-02-19 05:21:42.489416+00:00,299.68,happy_path,3124.32,EMP-124
CASE-01791,manager_approval,2024-02-19 05:26:42.171571+00:00,78362.62,happy_path,3124.32,EMP-124
CASE-01791,finance_approval,2024-02-20 03:12:44.795719+00:00,48358.54,happy_path,3124.32,EMP-124
CASE-01791,paid,2024-02-20 16:38:43.337626+00:00,3571.71,happy_path,3124.32,EMP-124
CASE-01792,submit,2024-01-11 08:13:03.172471+00:00,248.93,escalation,4568.77,EMP-127
CASE-01792,manager_approval,2024-01-11 08:17:12.099746+00:00,91386.06,escalation,4568.77,EMP-127
CASE-01792,finance_review,2024-01-12 09:40:18.161295+00:00,109823.66,escalation,4568.77,EMP-127
CASE-01792,paid,2024-01-13 16:10:41.817020+00:00,5017.16,escalation,4568.77,EMP-127
CASE-01793,submit,2023-12-05 23:25:14.566021+00:00,439.44,happy_path,981.0,EMP-147
CASE-01793,manager_approval,2023-12-05 23:32:34.008811+00:00,82500.76,happy_path,981.0,EMP-147
CASE-01793,finance_approval,2023-12-06 22:27:34.764437+00:00,38765.4,happy_path,981.0,EMP-147
CASE-01793,paid,2023-12-07 09:13:40.160708+00:00,2849.83,happy_path,981.0,EMP-147
CASE-01794,submit,2023-10-18 08:10:23.286238+00:00,344.49,rejection_loop,4849.44,EMP-119
CASE-01794,manager_rejects,2023-10-18 08:16:07.776298+00:00,2927.52,rejection_loop,4849.44,EMP-119
CASE-01794,resubmit,2023-10-18 09:04:55.300326+00:00,6369.99,rejection_loop,4849.44,EMP-119
CASE-01794,manager_approval,2023-10-18 10:51:05.295106+00:00,82353.93,rejection_loop,4849.44,EMP-119
CASE-01794,paid,2023-10-19 09:43:39.227179+00:00,4291.24,rejection_loop,4849.44,EMP-119
CASE-01795,submit,2023-10-24 13:19:59.356299+00:00,352.78,exception,3643.22,EMP-088
CASE-01795,missing_receipt,2023-10-24 13:25:52.139625+00:00,1996.52,exception,3643.22,EMP-088
CASE-01795,hold,2023-10-24 13:59:08.661481+00:00,118397.02,exception,3643.22,EMP-088
CASE-01795,resolved,2023-10-25 22:52:25.682223+00:00,3308.4,exception,3643.22,EMP-088
CASE-01795,paid,2023-10-25 23:47:34.079260+00:00,3084.07,exception,3643.22,EMP-088
CASE-01796,submit,2024-03-05 13:23:52.323979+00:00,347.71,escalation,2156.92,EMP-010
CASE-01796,manager_approval,2024-03-05 13:29:40.033041+00:00,92572.87,escalation,2156.92,EMP-010
CASE-01796,finance_review,2024-03-06 15:12:32.905283+00:00,195648.89,escalation,2156.92,EMP-010
CASE-01796,paid,2024-03-08 21:33:21.797525+00:00,3490.7,escalation,2156.92,EMP-010
CASE-01797,submit,2023-11-22 12:29:10.017264+00:00,399.27,happy_path,1928.93,EMP-040
CASE-01797,manager_approval,2023-11-22 12:35:49.288861+00:00,37039.85,happy_path,1928.93,EMP-040
CASE-01797,finance_approval,2023-11-22 22:53:09.138165+00:00,49963.91,happy_path,1928.93,EMP-040
CASE-01797,paid,2023-11-23 12:45:53.046536+00:00,3466.79,happy_path,1928.93,EMP-040
CASE-01798,submit,2023-10-07 02:12:11.729390+00:00,353.1,happy_path,3706.21,EMP-105
CASE-01798,manager_approval,2023-10-07 02:18:04.831700+00:00,84137.84,happy_path,3706.21,EMP-105
CASE-01798,finance_approval,2023-10-08 01:40:22.676255+00:00,39745.84,happy_path,3706.21,EMP-105
CASE-01798,paid,2023-10-08 12:42:48.511580+00:00,1835.75,happy_path,3706.21,EMP-105
CASE-01799,submit,2023-12-07 06:08:20.183749+00:00,338.85,exception,3034.39,EMP-026
CASE-01799,missing_receipt,2023-12-07 06:13:59.029854+00:00,1932.28,exception,3034.39,EMP-026
CASE-01799,hold,2023-12-07 06:46:11.309538+00:00,168284.57,exception,3034.39,EMP-026
CASE-01799,resolved,2023-12-09 05:30:55.883597+00:00,4686.41,exception,3034.39,EMP-026
CASE-01799,paid,2023-12-09 06:49:02.291868+00:00,3855.45,exception,3034.39,EMP-026
CASE-01800,submit,2023-11-28 01:37:49.508112+00:00,337.79,rejection_loop,1196.02,EMP-071
CASE-01800,manager_rejects,2023-11-28 01:43:27.300568+00:00,3667.17,rejection_loop,1196.02,EMP-071
CASE-01800,resubmit,2023-11-28 02:44:34.475211+00:00,4188.48,rejection_loop,1196.02,EMP-071
CASE-01800,manager_approval,2023-11-28 03:54:22.951454+00:00,93918.01,rejection_loop,1196.02,EMP-071
CASE-01800,paid,2023-11-29 05:59:40.960597+00:00,3409.32,rejection_loop,1196.02,EMP-071
CASE-01801,submit,2024-01-09 06:59:57.046671+00:00,373.09,rejection_loop,4679.29,EMP-177
CASE-01801,manager_rejects,2024-01-09 07:06:10.138431+00:00,3112.08,rejection_loop,4679.29,EMP-177
CASE-01801,resubmit,2024-01-09 07:58:02.215874+00:00,8677.72,rejection_loop,4679.29,EMP-177
CASE-01801,manager_approval,2024-01-09 10:22:39.940473+00:00,99357.88,rejection_loop,4679.29,EMP-177
CASE-01801,paid,2024-01-10 13:58:37.818527+00:00,4305.75,rejection_loop,4679.29,EMP-177
CASE-01802,submit,2023-11-20 10:17:17.445872+00:00,278.14,rejection_loop,510.19,EMP-086
CASE-01802,manager_rejects,2023-11-20 10:21:55.589363+00:00,3814.45,rejection_loop,510.19,EMP-086
CASE-01802,resubmit,2023-11-20 11:25:30.040178+00:00,7418.25,rejection_loop,510.19,EMP-086
CASE-01802,manager_approval,2023-11-20 13:29:08.294276+00:00,113711.23,rejection_loop,510.19,EMP-086
CASE-01802,paid,2023-11-21 21:04:19.527970+00:00,3222.2,rejection_loop,510.19,EMP-086
CASE-01803,submit,2024-02-25 17:02:32.985265+00:00,276.3,happy_path,2411.04,EMP-121
CASE-01803,manager_approval,2024-02-25 17:07:09.289866+00:00,92120.07,happy_path,2411.04,EMP-121
CASE-01803,finance_approval,2024-02-26 18:42:29.364253+00:00,52449.88,happy_path,2411.04,EMP-121
CASE-01803,paid,2024-02-27 09:16:39.243081+00:00,5392.1,happy_path,2411.04,EMP-121
CASE-01804,submit,2023-11-02 07:24:02.764085+00:00,253.65,rejection_loop,1275.5,EMP-086
CASE-01804,manager_rejects,2023-11-02 07:28:16.409800+00:00,2974.59,rejection_loop,1275.5,EMP-086
CASE-01804,resubmit,2023-11-02 08:17:50.998386+00:00,8900.67,rejection_loop,1275.5,EMP-086
CASE-01804,manager_approval,2023-11-02 10:46:11.665097+00:00,63741.93,rejection_loop,1275.5,EMP-086
CASE-01804,paid,2023-11-03 04:28:33.593683+00:00,4228.31,rejection_loop,1275.5,EMP-086
CASE-01805,submit,2024-01-02 17:50:12.608422+00:00,304.45,rejection_loop,888.38,EMP-175
CASE-01805,manager_rejects,2024-01-02 17:55:17.058523+00:00,3661.65,rejection_loop,888.38,EMP-175
CASE-01805,resubmit,2024-01-02 18:56:18.704632+00:00,7187.95,rejection_loop,888.38,EMP-175
CASE-01805,manager_approval,2024-01-02 20:56:06.657252+00:00,69319.48,rejection_loop,888.38,EMP-175
CASE-01805,paid,2024-01-03 16:11:26.140001+00:00,3496.54,rejection_loop,888.38,EMP-175
CASE-01806,submit,2023-12-30 16:15:36.465959+00:00,304.83,rejection_loop,3892.5,EMP-049
CASE-01806,manager_rejects,2023-12-30 16:20:41.291212+00:00,4234.07,rejection_loop,3892.5,EMP-049
CASE-01806,resubmit,2023-12-30 17:31:15.363488+00:00,5848.15,rejection_loop,3892.5,EMP-049
CASE-01806,manager_approval,2023-12-30 19:08:43.516403+00:00,72410.8,rejection_loop,3892.5,EMP-049
CASE-01806,paid,2023-12-31 15:15:34.320890+00:00,3940.15,rejection_loop,3892.5,EMP-049
CASE-01807,submit,2024-03-14 22:25:25.462024+00:00,255.51,happy_path,4869.92,EMP-106
CASE-01807,manager_approval,2024-03-14 22:29:40.973918+00:00,82567.53,happy_path,4869.92,EMP-106
CASE-01807,finance_approval,2024-03-15 21:25:48.501778+00:00,48497.26,happy_path,4869.92,EMP-106
CASE-01807,paid,2024-03-16 10:54:05.763524+00:00,3887.26,happy_path,4869.92,EMP-106
CASE-01808,submit,2023-10-03 06:16:31.450028+00:00,275.67,happy_path,3259.27,EMP-128
CASE-01808,manager_approval,2023-10-03 06:21:07.123179+00:00,108104.56,happy_path,3259.27,EMP-128
CASE-01808,finance_approval,2023-10-04 12:22:51.686251+00:00,49547.0,happy_path,3259.27,EMP-128
CASE-01808,paid,2023-10-05 02:08:38.685956+00:00,3572.13,happy_path,3259.27,EMP-128
CASE-01809,submit,2023-10-24 14:18:05.967266+00:00,208.03,escalation,4081.51,EMP-149
CASE-01809,manager_approval,2023-10-24 14:21:33.992693+00:00,80917.98,escalation,4081.51,EMP-149
CASE-01809,finance_review,2023-10-25 12:50:11.975365+00:00,152549.01,escalation,4081.51,EMP-149
CASE-01809,paid,2023-10-27 07:12:40.987098+00:00,6690.79,escalation,4081.51,EMP-149
CASE-01810,submit,2023-12-13 01:11:06.267543+00:00,353.19,rejection_loop,3669.7,EMP-176
CASE-01810,manager_rejects,2023-12-13 01:16:59.457588+00:00,4071.3,rejection_loop,3669.7,EMP-176
CASE-01810,resubmit,2023-12-13 02:24:50.759495+00:00,6886.01,rejection_loop,3669.7,EMP-176
CASE-01810,manager_approval,2023-12-13 04:19:36.764598+00:00,87633.11,rejection_loop,3669.7,EMP-176
CASE-01810,paid,2023-12-14 04:40:09.870620+00:00,3643.95,rejection_loop,3669.7,EMP-176
CASE-01811,submit,2023-10-05 11:26:34.300578+00:00,331.92,happy_path,598.33,EMP-179
CASE-01811,manager_approval,2023-10-05 11:32:06.222053+00:00,95542.02,happy_path,598.33,EMP-179
CASE-01811,finance_approval,2023-10-06 14:04:28.243444+00:00,50319.39,happy_path,598.33,EMP-179
CASE-01811,paid,2023-10-07 04:03:07.631502+00:00,4738.15,happy_path,598.33,EMP-179
CASE-01812,submit,2024-03-26 21:43:12.083790+00:00,247.49,rejection_loop,4350.57,EMP-084
CASE-01812,manager_rejects,2024-03-26 21:47:19.576421+00:00,4101.06,rejection_loop,4350.57,EMP-084
CASE-01812,resubmit,2024-03-26 22:55:40.631640+00:00,6783.56,rejection_loop,4350.57,EMP-084
CASE-01812,manager_approval,2024-03-27 00:48:44.192752+00:00,117868.84,rejection_loop,4350.57,EMP-084
CASE-01812,paid,2024-03-28 09:33:13.030368+00:00,3916.69,rejection_loop,4350.57,EMP-084
CASE-01813,submit,2024-03-05 11:03:02.497341+00:00,273.73,happy_path,980.6,EMP-171
CASE-01813,manager_approval,2024-03-05 11:07:36.231593+00:00,73278.26,happy_path,980.6,EMP-171
CASE-01813,finance_approval,2024-03-06 07:28:54.496355+00:00,36082.16,happy_path,980.6,EMP-171
CASE-01813,paid,2024-03-06 17:30:16.656658+00:00,4516.51,happy_path,980.6,EMP-171
CASE-01814,submit,2023-10-14 01:16:04.325370+00:00,279.78,happy_path,2194.8,EMP-041
CASE-01814,manager_approval,2023-10-14 01:20:44.108263+00:00,92201.82,happy_path,2194.8,EMP-041
CASE-01814,finance_approval,2023-10-15 02:57:25.925979+00:00,41578.22,happy_path,2194.8,EMP-041
CASE-01814,paid,2023-10-15 14:30:24.147834+00:00,2881.38,happy_path,2194.8,EMP-041
CASE-01815,submit,2023-11-23 00:29:14.874266+00:00,312.7,happy_path,4412.47,EMP-037
CASE-01815,manager_approval,2023-11-23 00:34:27.577568+00:00,102760.87,happy_path,4412.47,EMP-037
CASE-01815,finance_approval,2023-11-24 05:07:08.449425+00:00,54254.78,happy_path,4412.47,EMP-037
CASE-01815,paid,2023-11-24 20:11:23.232493+00:00,2095.17,happy_path,4412.47,EMP-037
CASE-01816,submit,2024-01-26 23:09:36.227145+00:00,317.03,happy_path,2299.42,EMP-078
CASE-01816,manager_approval,2024-01-26 23:14:53.259824+00:00,55069.83,happy_path,2299.42,EMP-078
CASE-01816,finance_approval,2024-01-27 14:32:43.087164+00:00,46640.98,happy_path,2299.42,EMP-078
CASE-01816,paid,2024-01-28 03:30:04.071819+00:00,3435.83,happy_path,2299.42,EMP-078
CASE-01817,submit,2023-12-20 20:43:06.721643+00:00,367.42,happy_path,844.27,EMP-057
CASE-01817,manager_approval,2023-12-20 20:49:14.136711+00:00,111562.46,happy_path,844.27,EMP-057
CASE-01817,finance_approval,2023-12-22 03:48:36.593834+00:00,52533.32,happy_path,844.27,EMP-057
CASE-01817,paid,2023-12-22 18:24:09.915477+00:00,3057.44,happy_path,844.27,EMP-057
CASE-01818,submit,2024-03-19 02:46:38.740082+00:00,253.24,exception,2781.15,EMP-165
CASE-01818,missing_receipt,2024-03-19 02:50:51.975410+00:00,2169.81,exception,2781.15,EMP-165
CASE-01818,hold,2024-03-19 03:27:01.784940+00:00,347110.97,exception,2781.15,EMP-165
CASE-01818,resolved,2024-03-23 03:52:12.750627+00:00,2690.61,exception,2781.15,EMP-165
CASE-01818,paid,2024-03-23 04:37:03.360252+00:00,3409.99,exception,2781.15,EMP-165
CASE-01819,submit,2024-02-14 08:27:38.363487+00:00,377.02,happy_path,3308.55,EMP-080
CASE-01819,manager_approval,2024-02-14 08:33:55.380160+00:00,89955.64,happy_path,3308.55,EMP-080
CASE-01819,finance_approval,2024-02-15 09:33:11.020241+00:00,47208.73,happy_path,3308.55,EMP-080
CASE-01819,paid,2024-02-15 22:39:59.749971+00:00,3157.16,happy_path,3308.55,EMP-080
CASE-01820,submit,2024-03-23 09:10:23.244301+00:00,407.28,happy_path,4058.07,EMP-194
CASE-01820,manager_approval,2024-03-23 09:17:10.526394+00:00,68630.99,happy_path,4058.07,EMP-194
CASE-01820,finance_approval,2024-03-24 04:21:01.520947+00:00,28592.45,happy_path,4058.07,EMP-194
CASE-01820,paid,2024-03-24 12:17:33.974716+00:00,2678.09,happy_path,4058.07,EMP-194
CASE-01821,submit,2023-10-03 14:33:43.264613+00:00,351.64,exception,3156.22,EMP-136
CASE-01821,missing_receipt,2023-10-03 14:39:34.903847+00:00,1731.32,exception,3156.22,EMP-136
CASE-01821,hold,2023-10-03 15:08:26.221234+00:00,218556.71,exception,3156.22,EMP-136
CASE-01821,resolved,2023-10-06 03:51:02.927778+00:00,2891.84,exception,3156.22,EMP-136
CASE-01821,paid,2023-10-06 04:39:14.771100+00:00,3555.71,exception,3156.22,EMP-136
CASE-01822,submit,2024-02-09 18:12:17.695165+00:00,298.66,happy_path,586.91,EMP-079
CASE-01822,manager_approval,2024-02-09 18:17:16.351846+00:00,56713.34,happy_path,586.91,EMP-079
CASE-01822,finance_approval,2024-02-10 10:02:29.690676+00:00,48253.89,happy_path,586.91,EMP-079
CASE-01822,paid,2024-02-10 23:26:43.584058+00:00,3517.5,happy_path,586.91,EMP-079
CASE-01823,submit,2024-01-12 17:43:54.158543+00:00,339.64,happy_path,4217.45,EMP-155
CASE-01823,manager_approval,2024-01-12 17:49:33.801741+00:00,73259.99,happy_path,4217.45,EMP-155
CASE-01823,finance_approval,2024-01-13 14:10:33.794104+00:00,48710.46,happy_path,4217.45,EMP-155
CASE-01823,paid,2024-01-14 03:42:24.257382+00:00,2258.97,happy_path,4217.45,EMP-155
CASE-01824,submit,2023-12-26 20:22:41.333475+00:00,211.03,happy_path,4296.09,EMP-092
CASE-01824,manager_approval,2023-12-26 20:26:12.358477+00:00,87479.15,happy_path,4296.09,EMP-092
CASE-01824,finance_approval,2023-12-27 20:44:11.506756+00:00,49674.88,happy_path,4296.09,EMP-092
CASE-01824,paid,2023-12-28 10:32:06.391656+00:00,3917.62,happy_path,4296.09,EMP-092
CASE-01825,submit,2024-03-12 06:23:50.371423+00:00,449.3,happy_path,427.53,EMP-145
CASE-01825,manager_approval,2024-03-12 06:31:19.674300+00:00,91480.68,happy_path,427.53,EMP-145
CASE-01825,finance_approval,2024-03-13 07:56:00.357098+00:00,57550.87,happy_path,427.53,EMP-145
CASE-01825,paid,2024-03-13 23:55:11.229027+00:00,3859.14,happy_path,427.53,EMP-145
CASE-01826,submit,2024-03-29 03:49:34.455428+00:00,359.41,exception,409.39,EMP-175
CASE-01826,missing_receipt,2024-03-29 03:55:33.863729+00:00,1344.44,exception,409.39,EMP-175
CASE-01826,hold,2024-03-29 04:17:58.303506+00:00,217871.39,exception,409.39,EMP-175
CASE-01826,resolved,2024-03-31 16:49:09.694658+00:00,3676.25,exception,409.39,EMP-175
CASE-01826,paid,2024-03-31 17:50:25.942024+00:00,4214.91,exception,409.39,EMP-175
CASE-01827,submit,2024-03-16 06:38:20.133973+00:00,144.46,happy_path,231.25,EMP-003
CASE-01827,manager_approval,2024-03-16 06:40:44.591076+00:00,122362.59,happy_path,231.25,EMP-003
CASE-01827,finance_approval,2024-03-17 16:40:07.180739+00:00,33783.87,happy_path,231.25,EMP-003
CASE-01827,paid,2024-03-18 02:03:11.049723+00:00,2120.98,happy_path,231.25,EMP-003
CASE-01828,submit,2024-01-21 02:51:49.802944+00:00,337.91,rejection_loop,512.74,EMP-061
CASE-01828,manager_rejects,2024-01-21 02:57:27.710359+00:00,3852.46,rejection_loop,512.74,EMP-061
CASE-01828,resubmit,2024-01-21 04:01:40.174135+00:00,4769.36,rejection_loop,512.74,EMP-061
CASE-01828,manager_approval,2024-01-21 05:21:09.537757+00:00,65674.36,rejection_loop,512.74,EMP-061
CASE-01828,paid,2024-01-21 23:35:43.898251+00:00,4219.04,rejection_loop,512.74,EMP-061
CASE-01829,submit,2024-01-29 07:31:23.267989+00:00,283.14,happy_path,1421.55,EMP-043
CASE-01829,manager_approval,2024-01-29 07:36:06.407693+00:00,85586.24,happy_path,1421.55,EMP-043
CASE-01829,finance_approval,2024-01-30 07:22:32.650771+00:00,42433.46,happy_path,1421.55,EMP-043
CASE-01829,paid,2024-01-30 19:09:46.114105+00:00,4506.79,happy_path,1421.55,EMP-043
CASE-01830,submit,2023-10-21 00:24:14.799250+00:00,207.4,happy_path,2088.45,EMP-085
CASE-01830,manager_approval,2023-10-21 00:27:42.194934+00:00,70813.44,happy_path,2088.45,EMP-085
CASE-01830,finance_approval,2023-10-21 20:07:55.636880+00:00,43079.18,happy_path,2088.45,EMP-085
CASE-01830,paid,2023-10-22 08:05:54.815954+00:00,3589.09,happy_path,2088.45,EMP-085
CASE-01831,submit,2023-12-23 10:10:37.498082+00:00,299.63,escalation,4676.54,EMP-193
CASE-01831,manager_approval,2023-12-23 10:15:37.123666+00:00,84719.36,escalation,4676.54,EMP-193
CASE-01831,finance_review,2023-12-24 09:47:36.487234+00:00,163287.99,escalation,4676.54,EMP-193
CASE-01831,paid,2023-12-26 07:09:04.479083+00:00,4634.35,escalation,4676.54,EMP-193
CASE-01832,submit,2024-02-28 00:23:47.718992+00:00,348.47,happy_path,1412.53,EMP-045
CASE-01832,manager_approval,2024-02-28 00:29:36.189853+00:00,87050.35,happy_path,1412.53,EMP-045
CASE-01832,finance_approval,2024-02-29 00:40:26.541502+00:00,45379.22,happy_path,1412.53,EMP-045
CASE-01832,paid,2024-02-29 13:16:45.763441+00:00,4323.98,happy_path,1412.53,EMP-045
CASE-01833,submit,2024-01-30 02:22:36.080828+00:00,401.56,happy_path,1510.25,EMP-016
CASE-01833,manager_approval,2024-01-30 02:29:17.639600+00:00,88171.22,happy_path,1510.25,EMP-016
CASE-01833,finance_approval,2024-01-31 02:58:48.860579+00:00,47024.86,happy_path,1510.25,EMP-016
CASE-01833,paid,2024-01-31 16:02:33.723972+00:00,5065.28,happy_path,1510.25,EMP-016
CASE-01834,submit,2023-11-25 22:14:40.306741+00:00,389.31,happy_path,3154.3,EMP-195
CASE-01834,manager_approval,2023-11-25 22:21:09.616852+00:00,81567.08,happy_path,3154.3,EMP-195
CASE-01834,finance_approval,2023-11-26 21:00:36.695293+00:00,39361.36,happy_path,3154.3,EMP-195
CASE-01834,paid,2023-11-27 07:56:38.057394+00:00,5385.26,happy_path,3154.3,EMP-195
CASE-01835,submit,2023-10-09 07:45:34.083331+00:00,349.97,happy_path,87.73,EMP-096
CASE-01835,manager_approval,2023-10-09 07:51:24.056056+00:00,105245.01,happy_path,87.73,EMP-096
CASE-01835,finance_approval,2023-10-10 13:05:29.068348+00:00,55546.83,happy_path,87.73,EMP-096
CASE-01835,paid,2023-10-11 04:31:15.897357+00:00,3267.52,happy_path,87.73,EMP-096
CASE-01836,submit,2023-10-22 12:27:34.593950+00:00,312.12,happy_path,412.4,EMP-107
CASE-01836,manager_approval,2023-10-22 12:32:46.714917+00:00,91537.25,happy_path,412.4,EMP-107
CASE-01836,finance_approval,2023-10-23 13:58:23.966960+00:00,56264.48,happy_path,412.4,EMP-107
CASE-01836,paid,2023-10-24 05:36:08.444155+00:00,3489.57,happy_path,412.4,EMP-107
CASE-01837,submit,2024-03-12 19:34:20.119219+00:00,372.35,escalation,3401.85,EMP-152
CASE-01837,manager_approval,2024-03-12 19:40:32.467716+00:00,140455.06,escalation,3401.85,EMP-152
CASE-01837,finance_review,2024-03-14 10:41:27.523494+00:00,110808.64,escalation,3401.85,EMP-152
CASE-01837,paid,2024-03-15 17:28:16.159924+00:00,3998.13,escalation,3401.85,EMP-152
CASE-01838,submit,2023-11-10 19:20:18.134656+00:00,277.01,exception,2687.6,EMP-146
CASE-01838,missing_receipt,2023-11-10 19:24:55.143266+00:00,1624.97,exception,2687.6,EMP-146
CASE-01838,hold,2023-11-10 19:52:00.109664+00:00,275909.4,exception,2687.6,EMP-146
CASE-01838,resolved,2023-11-14 00:30:29.506507+00:00,3937.41,exception,2687.6,EMP-146
CASE-01838,paid,2023-11-14 01:36:06.912994+00:00,2764.59,exception,2687.6,EMP-146
CASE-01839,submit,2024-02-23 16:39:54.450641+00:00,320.32,happy_path,3051.09,EMP-188
CASE-01839,manager_approval,2024-02-23 16:45:14.774286+00:00,74138.38,happy_path,3051.09,EMP-188
CASE-01839,finance_approval,2024-02-24 13:20:53.151469+00:00,39703.12,happy_path,3051.09,EMP-188
CASE-01839,paid,2024-02-25 00:22:36.266722+00:00,5085.91,happy_path,3051.09,EMP-188
CASE-01840,submit,2023-10-23 18:18:04.599959+00:00,255.94,happy_path,500.57,EMP-149
CASE-01840,manager_approval,2023-10-23 18:22:20.538158+00:00,42756.41,happy_path,500.57,EMP-149
CASE-01840,finance_approval,2023-10-24 06:14:56.943674+00:00,44619.09,happy_path,500.57,EMP-149
CASE-01840,paid,2023-10-24 18:38:36.034053+00:00,4985.79,happy_path,500.57,EMP-149
CASE-01841,submit,2023-12-13 00:42:08.865417+00:00,244.15,exception,610.17,EMP-123
CASE-01841,missing_receipt,2023-12-13 00:46:13.018710+00:00,1417.41,exception,610.17,EMP-123
CASE-01841,hold,2023-12-13 01:09:50.432084+00:00,270784.75,exception,610.17,EMP-123
CASE-01841,resolved,2023-12-16 04:22:55.184511+00:00,3419.42,exception,610.17,EMP-123
CASE-01841,paid,2023-12-16 05:19:54.606670+00:00,4384.85,exception,610.17,EMP-123
CASE-01842,submit,2024-01-02 12:21:25.337623+00:00,410.82,rejection_loop,1240.39,EMP-013
CASE-01842,manager_rejects,2024-01-02 12:28:16.154800+00:00,2624.31,rejection_loop,1240.39,EMP-013
CASE-01842,resubmit,2024-01-02 13:12:00.469555+00:00,4873.01,rejection_loop,1240.39,EMP-013
CASE-01842,manager_approval,2024-01-02 14:33:13.476650+00:00,87862.66,rejection_loop,1240.39,EMP-013
CASE-01842,paid,2024-01-03 14:57:36.140972+00:00,4739.34,rejection_loop,1240.39,EMP-013
CASE-01843,submit,2023-11-19 00:07:32.274368+00:00,192.68,happy_path,2710.95,EMP-067
CASE-01843,manager_approval,2023-11-19 00:10:44.950215+00:00,74138.76,happy_path,2710.95,EMP-067
CASE-01843,finance_approval,2023-11-19 20:46:23.714452+00:00,51243.79,happy_path,2710.95,EMP-067
CASE-01843,paid,2023-11-20 11:00:27.504599+00:00,3885.41,happy_path,2710.95,EMP-067
CASE-01844,submit,2024-02-05 18:42:36.882386+00:00,328.72,rejection_loop,741.58,EMP-057
CASE-01844,manager_rejects,2024-02-05 18:48:05.606523+00:00,3780.73,rejection_loop,741.58,EMP-057
CASE-01844,resubmit,2024-02-05 19:51:06.337468+00:00,5437.24,rejection_loop,741.58,EMP-057
CASE-01844,manager_approval,2024-02-05 21:21:43.574063+00:00,94416.26,rejection_loop,741.58,EMP-057
CASE-01844,paid,2024-02-06 23:35:19.836348+00:00,3354.72,rejection_loop,741.58,EMP-057
CASE-01845,submit,2023-11-21 17:39:52.884082+00:00,281.72,rejection_loop,2331.45,EMP-175
CASE-01845,manager_rejects,2023-11-21 17:44:34.603301+00:00,3684.89,rejection_loop,2331.45,EMP-175
CASE-01845,resubmit,2023-11-21 18:45:59.489631+00:00,6836.33,rejection_loop,2331.45,EMP-175
CASE-01845,manager_approval,2023-11-21 20:39:55.816641+00:00,90050.32,rejection_loop,2331.45,EMP-175
CASE-01845,paid,2023-11-22 21:40:46.140168+00:00,2041.12,rejection_loop,2331.45,EMP-175
CASE-01846,submit,2023-10-08 11:06:02.881242+00:00,255.57,rejection_loop,3469.87,EMP-186
CASE-01846,manager_rejects,2023-10-08 11:10:18.446349+00:00,4507.08,rejection_loop,3469.87,EMP-186
CASE-01846,resubmit,2023-10-08 12:25:25.524282+00:00,8051.44,rejection_loop,3469.87,EMP-186
CASE-01846,manager_approval,2023-10-08 14:39:36.961258+00:00,59601.55,rejection_loop,3469.87,EMP-186
CASE-01846,paid,2023-10-09 07:12:58.507260+00:00,4107.9,rejection_loop,3469.87,EMP-186
CASE-01847,submit,2024-01-27 13:24:22.097590+00:00,319.35,exception,536.39,EMP-138
CASE-01847,missing_receipt,2024-01-27 13:29:41.448339+00:00,2196.43,exception,536.39,EMP-138
CASE-01847,hold,2024-01-27 14:06:17.873670+00:00,302134.63,exception,536.39,EMP-138
CASE-01847,resolved,2024-01-31 02:01:52.501261+00:00,3734.64,exception,536.39,EMP-138
CASE-01847,paid,2024-01-31 03:04:07.141729+00:00,3559.69,exception,536.39,EMP-138
CASE-01848,submit,2024-01-31 23:48:40.962993+00:00,319.69,happy_path,1799.02,EMP-098
CASE-01848,manager_approval,2024-01-31 23:54:00.653519+00:00,61822.08,happy_path,1799.02,EMP-098
CASE-01848,finance_approval,2024-02-01 17:04:22.732957+00:00,41716.59,happy_path,1799.02,EMP-098
CASE-01848,paid,2024-02-02 04:39:39.320309+00:00,4324.8,happy_path,1799.02,EMP-098
CASE-01849,submit,2024-01-19 01:30:16.626434+00:00,239.42,happy_path,2751.59,EMP-038
CASE-01849,manager_approval,2024-01-19 01:34:16.049900+00:00,75048.38,happy_path,2751.59,EMP-038
CASE-01849,finance_approval,2024-01-19 22:25:04.432271+00:00,27414.74,happy_path,2751.59,EMP-038
CASE-01849,paid,2024-01-20 06:01:59.172888+00:00,3709.97,happy_path,2751.59,EMP-038
CASE-01850,submit,2023-11-24 00:22:53.330233+00:00,287.24,happy_path,919.84,EMP-196
CASE-01850,manager_approval,2023-11-24 00:27:40.572524+00:00,81996.34,happy_path,919.84,EMP-196
CASE-01850,finance_approval,2023-11-24 23:14:16.907830+00:00,41697.93,happy_path,919.84,EMP-196
CASE-01850,paid,2023-11-25 10:49:14.837801+00:00,3777.55,happy_path,919.84,EMP-196
CASE-01851,submit,2023-10-11 19:02:44.096584+00:00,234.38,happy_path,179.94,EMP-154
CASE-01851,manager_approval,2023-10-11 19:06:38.480584+00:00,48103.25,happy_path,179.94,EMP-154
CASE-01851,finance_approval,2023-10-12 08:28:21.732996+00:00,35824.76,happy_path,179.94,EMP-154
CASE-01851,paid,2023-10-12 18:25:26.488548+00:00,4488.95,happy_path,179.94,EMP-154
CASE-01852,submit,2024-01-06 09:45:07.760162+00:00,236.1,happy_path,3633.3,EMP-071
CASE-01852,manager_approval,2024-01-06 09:49:03.856894+00:00,101995.59,happy_path,3633.3,EMP-071
CASE-01852,finance_approval,2024-01-07 14:08:59.446608+00:00,43564.75,happy_path,3633.3,EMP-071
CASE-01852,paid,2024-01-08 02:15:04.193825+00:00,4109.72,happy_path,3633.3,EMP-071
CASE-01853,submit,2023-12-08 12:31:35.043136+00:00,349.27,happy_path,1177.83,EMP-083
CASE-01853,manager_approval,2023-12-08 12:37:24.313178+00:00,92039.95,happy_path,1177.83,EMP-083
CASE-01853,finance_approval,2023-12-09 14:11:24.264946+00:00,47736.72,happy_path,1177.83,EMP-083
CASE-01853,paid,2023-12-10 03:27:00.989138+00:00,4635.16,happy_path,1177.83,EMP-083
CASE-01854,submit,2024-01-23 12:04:22.966706+00:00,338.71,rejection_loop,2785.09,EMP-011
CASE-01854,manager_rejects,2024-01-23 12:10:01.679345+00:00,3734.0,rejection_loop,2785.09,EMP-011
CASE-01854,resubmit,2024-01-23 13:12:15.682577+00:00,4205.62,rejection_loop,2785.09,EMP-011
CASE-01854,manager_approval,2024-01-23 14:22:21.306941+00:00,109145.4,rejection_loop,2785.09,EMP-011
CASE-01854,paid,2024-01-24 20:41:26.709490+00:00,2434.0,rejection_loop,2785.09,EMP-011
CASE-01855,submit,2024-02-20 03:36:41.865200+00:00,270.2,rejection_loop,134.12,EMP-160
CASE-01855,manager_rejects,2024-02-20 03:41:12.065799+00:00,4730.65,rejection_loop,134.12,EMP-160
CASE-01855,resubmit,2024-02-20 05:00:02.712689+00:00,6170.61,rejection_loop,134.12,EMP-160
CASE-01855,manager_approval,2024-02-20 06:42:53.323534+00:00,75348.02,rejection_loop,134.12,EMP-160
CASE-01855,paid,2024-02-21 03:38:41.343516+00:00,3524.62,rejection_loop,134.12,EMP-160
CASE-01856,submit,2024-03-06 17:53:08.652886+00:00,298.7,happy_path,4019.87,EMP-032
CASE-01856,manager_approval,2024-03-06 17:58:07.351434+00:00,112885.54,happy_path,4019.87,EMP-032
CASE-01856,finance_approval,2024-03-08 01:19:32.892509+00:00,55538.18,happy_path,4019.87,EMP-032
CASE-01856,paid,2024-03-08 16:45:11.070234+00:00,2327.46,happy_path,4019.87,EMP-032
CASE-01857,submit,2023-11-18 13:25:05.630685+00:00,323.35,rejection_loop,1344.96,EMP-188
CASE-01857,manager_rejects,2023-11-18 13:30:28.976871+00:00,3306.5,rejection_loop,1344.96,EMP-188
CASE-01857,resubmit,2023-11-18 14:25:35.480065+00:00,9204.62,rejection_loop,1344.96,EMP-188
CASE-01857,manager_approval,2023-11-18 16:59:00.097579+00:00,78323.28,rejection_loop,1344.96,EMP-188
CASE-01857,paid,2023-11-19 14:44:23.379451+00:00,4583.18,rejection_loop,1344.96,EMP-188
CASE-01858,submit,2024-01-27 14:14:52.331597+00:00,269.61,happy_path,3831.07,EMP-136
CASE-01858,manager_approval,2024-01-27 14:19:21.939830+00:00,73401.93,happy_path,3831.07,EMP-136
CASE-01858,finance_approval,2024-01-28 10:42:43.871006+00:00,46360.01,happy_path,3831.07,EMP-136
CASE-01858,paid,2024-01-28 23:35:23.885982+00:00,3368.75,happy_path,3831.07,EMP-136
CASE-01859,submit,2023-11-02 18:09:47.891664+00:00,270.66,happy_path,3405.62,EMP-186
CASE-01859,manager_approval,2023-11-02 18:14:18.551882+00:00,57440.62,happy_path,3405.62,EMP-186
CASE-01859,finance_approval,2023-11-03 10:11:39.166975+00:00,38551.91,happy_path,3405.62,EMP-186
CASE-01859,paid,2023-11-03 20:54:11.073806+00:00,3487.73,happy_path,3405.62,EMP-186
CASE-01860,submit,2024-02-16 03:59:28.482794+00:00,239.06,happy_path,1251.45,EMP-108
CASE-01860,manager_approval,2024-02-16 04:03:27.538473+00:00,109986.54,happy_path,1251.45,EMP-108
CASE-01860,finance_approval,2024-02-17 10:36:34.077851+00:00,51626.36,happy_path,1251.45,EMP-108
CASE-01860,paid,2024-02-18 00:57:00.436670+00:00,4137.32,happy_path,1251.45,EMP-108
CASE-01861,submit,2023-10-17 18:58:01.044987+00:00,247.32,happy_path,4805.83,EMP-065
CASE-01861,manager_approval,2023-10-17 19:02:08.363641+00:00,114500.21,happy_path,4805.83,EMP-065
CASE-01861,finance_approval,2023-10-19 02:50:28.569183+00:00,33648.32,happy_path,4805.83,EMP-065
CASE-01861,paid,2023-10-19 12:11:16.892551+00:00,2939.41,happy_path,4805.83,EMP-065
CASE-01862,submit,2023-12-09 06:13:57.433963+00:00,464.53,happy_path,1805.65,EMP-193
CASE-01862,manager_approval,2023-12-09 06:21:41.962184+00:00,75313.99,happy_path,1805.65,EMP-193
CASE-01862,finance_approval,2023-12-10 03:16:55.953150+00:00,57366.06,happy_path,1805.65,EMP-193
CASE-01862,paid,2023-12-10 19:13:02.009300+00:00,4215.62,happy_path,1805.65,EMP-193
CASE-01863,submit,2024-02-02 23:21:08.170943+00:00,397.5,rejection_loop,1876.79,EMP-140
CASE-01863,manager_rejects,2024-02-02 23:27:45.671842+00:00,3187.25,rejection_loop,1876.79,EMP-140
CASE-01863,resubmit,2024-02-03 00:20:52.922113+00:00,11581.74,rejection_loop,1876.79,EMP-140
CASE-01863,manager_approval,2024-02-03 03:33:54.663833+00:00,90379.52,rejection_loop,1876.79,EMP-140
CASE-01863,paid,2024-02-04 04:40:14.182984+00:00,3496.85,rejection_loop,1876.79,EMP-140
CASE-01864,submit,2024-02-22 13:50:42.323488+00:00,346.94,happy_path,1917.49,EMP-106
CASE-01864,manager_approval,2024-02-22 13:56:29.266464+00:00,66759.7,happy_path,1917.49,EMP-106
CASE-01864,finance_approval,2024-02-23 08:29:08.965708+00:00,51773.57,happy_path,1917.49,EMP-106
CASE-01864,paid,2024-02-23 22:52:02.536097+00:00,3324.63,happy_path,1917.49,EMP-106
CASE-01865,submit,2024-02-11 12:58:11.700305+00:00,248.23,exception,161.34,EMP-058
CASE-01865,missing_receipt,2024-02-11 13:02:19.927304+00:00,2081.38,exception,161.34,EMP-058
CASE-01865,hold,2024-02-11 13:37:01.304381+00:00,205027.71,exception,161.34,EMP-058
CASE-01865,resolved,2024-02-13 22:34:09.012254+00:00,3597.71,exception,161.34,EMP-058
CASE-01865,paid,2024-02-13 23:34:06.719824+00:00,4402.8,exception,161.34,EMP-058
CASE-01866,submit,2023-10-14 01:48:35.819504+00:00,294.02,exception,2355.13,EMP-179
CASE-01866,missing_receipt,2023-10-14 01:53:29.842720+00:00,1768.61,exception,2355.13,EMP-179
CASE-01866,hold,2023-10-14 02:22:58.448685+00:00,237074.74,exception,2355.13,EMP-179
CASE-01866,resolved,2023-10-16 20:14:13.192561+00:00,3520.16,exception,2355.13,EMP-179
CASE-01866,paid,2023-10-16 21:12:53.350235+00:00,3314.29,exception,2355.13,EMP-179
CASE-01867,submit,2023-11-09 14:36:30.950987+00:00,305.3,rejection_loop,1232.14,EMP-056
CASE-01867,manager_rejects,2023-11-09 14:41:36.255780+00:00,3040.55,rejection_loop,1232.14,EMP-056
CASE-01867,resubmit,2023-11-09 15:32:16.809326+00:00,7858.17,rejection_loop,1232.14,EMP-056
CASE-01867,manager_approval,2023-11-09 17:43:14.980912+00:00,71712.81,rejection_loop,1232.14,EMP-056
CASE-01867,paid,2023-11-10 13:38:27.789418+00:00,3037.87,rejection_loop,1232.14,EMP-056
CASE-01868,submit,2024-02-25 01:41:43.140272+00:00,386.49,happy_path,1148.3,EMP-037
CASE-01868,manager_approval,2024-02-25 01:48:09.630192+00:00,115141.43,happy_path,1148.3,EMP-037
CASE-01868,finance_approval,2024-02-26 09:47:11.062413+00:00,49284.82,happy_path,1148.3,EMP-037
CASE-01868,paid,2024-02-26 23:28:35.885364+00:00,2631.7,happy_path,1148.3,EMP-037
CASE-01869,submit,2024-01-20 03:53:31.420187+00:00,318.87,rejection_loop,662.71,EMP-013
CASE-01869,manager_rejects,2024-01-20 03:58:50.287261+00:00,3855.35,rejection_loop,662.71,EMP-013
CASE-01869,resubmit,2024-01-20 05:03:05.635998+00:00,9489.84,rejection_loop,662.71,EMP-013
CASE-01869,manager_approval,2024-01-20 07:41:15.478397+00:00,76635.36,rejection_loop,662.71,EMP-013
CASE-01869,paid,2024-01-21 04:58:30.840115+00:00,3161.94,rejection_loop,662.71,EMP-013
CASE-01870,submit,2024-03-30 21:35:46.516061+00:00,359.45,happy_path,2054.72,EMP-083
CASE-01870,manager_approval,2024-03-30 21:41:45.968700+00:00,91782.41,happy_path,2054.72,EMP-083
CASE-01870,finance_approval,2024-03-31 23:11:28.377477+00:00,46010.78,happy_path,2054.72,EMP-083
CASE-01870,paid,2024-04-01 11:58:19.152498+00:00,3677.97,happy_path,2054.72,EMP-083
CASE-01871,submit,2024-01-01 21:06:33.986936+00:00,302.82,happy_path,3762.71,EMP-195
CASE-01871,manager_approval,2024-01-01 21:11:36.805650+00:00,67187.85,happy_path,3762.71,EMP-195
CASE-01871,finance_approval,2024-01-02 15:51:24.651797+00:00,37046.73,happy_path,3762.71,EMP-195
CASE-01871,paid,2024-01-03 02:08:51.384552+00:00,4241.69,happy_path,3762.71,EMP-195
CASE-01872,submit,2024-02-09 15:38:08.965109+00:00,292.31,escalation,2065.63,EMP-142
CASE-01872,manager_approval,2024-02-09 15:43:01.272090+00:00,85970.73,escalation,2065.63,EMP-142
CASE-01872,finance_review,2024-02-10 15:35:52.004902+00:00,197906.35,escalation,2065.63,EMP-142
CASE-01872,paid,2024-02-12 22:34:18.355290+00:00,3274.99,escalation,2065.63,EMP-142
CASE-01873,submit,2023-10-22 05:08:30.517647+00:00,305.23,happy_path,4062.9,EMP-151
CASE-01873,manager_approval,2023-10-22 05:13:35.750953+00:00,76041.18,happy_path,4062.9,EMP-151
CASE-01873,finance_approval,2023-10-23 02:20:56.926575+00:00,49939.2,happy_path,4062.9,EMP-151
CASE-01873,paid,2023-10-23 16:13:16.129212+00:00,4473.75,happy_path,4062.9,EMP-151
CASE-01874,submit,2023-12-02 02:14:25.671807+00:00,254.07,exception,1259.71,EMP-097
CASE-01874,missing_receipt,2023-12-02 02:18:39.743255+00:00,1533.39,exception,1259.71,EMP-097
CASE-01874,hold,2023-12-02 02:44:13.135288+00:00,238306.22,exception,1259.71,EMP-097
CASE-01874,resolved,2023-12-04 20:55:59.359065+00:00,2492.81,exception,1259.71,EMP-097
CASE-01874,paid,2023-12-04 21:37:32.169048+00:00,1717.31,exception,1259.71,EMP-097
CASE-01875,submit,2024-02-02 10:07:17.948384+00:00,213.46,exception,4587.53,EMP-159
CASE-01875,missing_receipt,2024-02-02 10:10:51.408467+00:00,1480.01,exception,4587.53,EMP-159
CASE-01875,hold,2024-02-02 10:35:31.422395+00:00,333735.66,exception,4587.53,EMP-159
CASE-01875,resolved,2024-02-06 07:17:47.080741+00:00,2892.19,exception,4587.53,EMP-159
CASE-01875,paid,2024-02-06 08:05:59.271524+00:00,5145.65,exception,4587.53,EMP-159
CASE-01876,submit,2024-03-07 18:02:08.508286+00:00,249.7,happy_path,3038.27,EMP-032
CASE-01876,manager_approval,2024-03-07 18:06:18.204581+00:00,64707.76,happy_path,3038.27,EMP-032
CASE-01876,finance_approval,2024-03-08 12:04:45.968290+00:00,47839.94,happy_path,3038.27,EMP-032
CASE-01876,paid,2024-03-09 01:22:05.909527+00:00,4072.83,happy_path,3038.27,EMP-032
CASE-01877,submit,2024-03-01 20:26:30.450005+00:00,213.7,happy_path,2672.95,EMP-088
CASE-01877,manager_approval,2024-03-01 20:30:04.146751+00:00,67613.07,happy_path,2672.95,EMP-088
CASE-01877,finance_approval,2024-03-02 15:16:57.213567+00:00,39522.61,happy_path,2672.95,EMP-088
CASE-01877,paid,2024-03-03 02:15:39.821062+00:00,3902.86,happy_path,2672.95,EMP-088
CASE-01878,submit,2024-01-19 08:29:13.176175+00:00,326.61,rejection_loop,4710.92,EMP-156
CASE-01878,manager_rejects,2024-01-19 08:34:39.789430+00:00,3956.23,rejection_loop,4710.92,EMP-156
CASE-01878,resubmit,2024-01-19 09:40:36.023759+00:00,6944.19,rejection_loop,4710.92,EMP-156
CASE-01878,manager_approval,2024-01-19 11:36:20.210957+00:00,105766.18,rejection_loop,4710.92,EMP-156
CASE-01878,paid,2024-01-20 16:59:06.386803+00:00,4212.03,rejection_loop,4710.92,EMP-156
CASE-01879,submit,2023-11-24 21:51:25.254098+00:00,321.36,happy_path,3742.78,EMP-188
CASE-01879,manager_approval,2023-11-24 21:56:46.610343+00:00,64477.9,happy_path,3742.78,EMP-188
CASE-01879,finance_approval,2023-11-25 15:51:24.511989+00:00,42291.78,happy_path,3742.78,EMP-188
CASE-01879,paid,2023-11-26 03:36:16.288666+00:00,3569.63,happy_path,3742.78,EMP-188
CASE-01880,submit,2023-11-14 18:38:31.877464+00:00,187.14,escalation,3901.19,EMP-087
CASE-01880,manager_approval,2023-11-14 18:41:39.022006+00:00,107408.88,escalation,3901.19,EMP-087
CASE-01880,finance_review,2023-11-16 00:31:47.897115+00:00,154802.66,escalation,3901.19,EMP-087
CASE-01880,paid,2023-11-17 19:31:50.558573+00:00,5052.01,escalation,3901.19,EMP-087
CASE-01881,submit,2023-10-26 04:21:26.836836+00:00,279.18,escalation,525.13,EMP-192
CASE-01881,manager_approval,2023-10-26 04:26:06.020269+00:00,87178.55,escalation,525.13,EMP-192
CASE-01881,finance_review,2023-10-27 04:39:04.569317+00:00,164722.03,escalation,525.13,EMP-192
CASE-01881,paid,2023-10-29 02:24:26.596680+00:00,4168.73,escalation,525.13,EMP-192
CASE-01882,submit,2023-12-07 00:54:41.305272+00:00,310.29,exception,2625.27,EMP-053
CASE-01882,missing_receipt,2023-12-07 00:59:51.590361+00:00,1471.42,exception,2625.27,EMP-053
CASE-01882,hold,2023-12-07 01:24:23.008216+00:00,329944.82,exception,2625.27,EMP-053
CASE-01882,resolved,2023-12-10 21:03:27.825633+00:00,4022.73,exception,2625.27,EMP-053
CASE-01882,paid,2023-12-10 22:10:30.551665+00:00,2211.32,exception,2625.27,EMP-053
CASE-01883,submit,2023-11-29 16:02:01.979091+00:00,299.16,happy_path,3440.3,EMP-019
CASE-01883,manager_approval,2023-11-29 16:07:01.142096+00:00,76492.08,happy_path,3440.3,EMP-019
CASE-01883,finance_approval,2023-11-30 13:21:53.217850+00:00,45481.51,happy_path,3440.3,EMP-019
CASE-01883,paid,2023-12-01 01:59:54.731881+00:00,4164.16,happy_path,3440.3,EMP-019
CASE-01884,submit,2024-01-02 15:12:27.107468+00:00,331.76,rejection_loop,1811.19,EMP-111
CASE-01884,manager_rejects,2024-01-02 15:17:58.871187+00:00,4314.28,rejection_loop,1811.19,EMP-111
CASE-01884,resubmit,2024-01-02 16:29:53.148122+00:00,3724.24,rejection_loop,1811.19,EMP-111
CASE-01884,manager_approval,2024-01-02 17:31:57.389968+00:00,90240.6,rejection_loop,1811.19,EMP-111
CASE-01884,paid,2024-01-03 18:35:57.989858+00:00,2572.24,rejection_loop,1811.19,EMP-111
CASE-01885,submit,2024-02-29 15:36:41.193761+00:00,335.2,exception,3124.83,EMP-135
CASE-01885,missing_receipt,2024-02-29 15:42:16.391203+00:00,1606.44,exception,3124.83,EMP-135
CASE-01885,hold,2024-02-29 16:09:02.833301+00:00,474063.25,exception,3124.83,EMP-135
CASE-01885,resolved,2024-03-06 03:50:06.085074+00:00,3981.41,exception,3124.83,EMP-135
CASE-01885,paid,2024-03-06 04:56:27.493975+00:00,4109.7,exception,3124.83,EMP-135
CASE-01886,submit,2024-02-20 10:39:03.243198+00:00,275.72,escalation,3979.37,EMP-115
CASE-01886,manager_approval,2024-02-20 10:43:38.963727+00:00,99686.42,escalation,3979.37,EMP-115
CASE-01886,finance_review,2024-02-21 14:25:05.380240+00:00,234913.31,escalation,3979.37,EMP-115
CASE-01886,paid,2024-02-24 07:40:18.690590+00:00,2091.31,escalation,3979.37,EMP-115
CASE-01887,submit,2023-10-11 07:14:27.231229+00:00,305.92,rejection_loop,2666.61,EMP-105
CASE-01887,manager_rejects,2023-10-11 07:19:33.154302+00:00,4178.01,rejection_loop,2666.61,EMP-105
CASE-01887,resubmit,2023-10-11 08:29:11.160683+00:00,7102.49,rejection_loop,2666.61,EMP-105
CASE-01887,manager_approval,2023-10-11 10:27:33.646978+00:00,79340.3,rejection_loop,2666.61,EMP-105
CASE-01887,paid,2023-10-12 08:29:53.942635+00:00,3108.72,rejection_loop,2666.61,EMP-105
CASE-01888,submit,2024-01-02 07:57:56.594106+00:00,242.98,escalation,3048.13,EMP-013
CASE-01888,manager_approval,2024-01-02 08:01:59.569203+00:00,114858.28,escalation,3048.13,EMP-013
CASE-01888,finance_review,2024-01-03 15:56:17.853661+00:00,170363.32,escalation,3048.13,EMP-013
CASE-01888,paid,2024-01-05 15:15:41.171775+00:00,4282.99,escalation,3048.13,EMP-013
CASE-01889,submit,2024-03-30 03:58:13.493703+00:00,319.65,escalation,4678.06,EMP-183
CASE-01889,manager_approval,2024-03-30 04:03:33.143161+00:00,114927.72,escalation,4678.06,EMP-183
CASE-01889,finance_review,2024-03-31 11:59:00.862204+00:00,169891.6,escalation,4678.06,EMP-183
CASE-01889,paid,2024-04-02 11:10:32.463112+00:00,4364.83,escalation,4678.06,EMP-183
CASE-01890,submit,2023-12-17 17:35:16.138883+00:00,386.96,rejection_loop,3137.69,EMP-161
CASE-01890,manager_rejects,2023-12-17 17:41:43.103579+00:00,2826.64,rejection_loop,3137.69,EMP-161
CASE-01890,resubmit,2023-12-17 18:28:49.748064+00:00,4894.93,rejection_loop,3137.69,EMP-161
CASE-01890,manager_approval,2023-12-17 19:50:24.679662+00:00,107963.04,rejection_loop,3137.69,EMP-161
CASE-01890,paid,2023-12-19 01:49:47.717452+00:00,2638.16,rejection_loop,3137.69,EMP-161
CASE-01891,submit,2024-01-19 01:20:31.832353+00:00,288.54,rejection_loop,3226.66,EMP-195
CASE-01891,manager_rejects,2024-01-19 01:25:20.370757+00:00,2703.68,rejection_loop,3226.66,EMP-195
CASE-01891,resubmit,2024-01-19 02:10:24.047909+00:00,9173.03,rejection_loop,3226.66,EMP-195
CASE-01891,manager_approval,2024-01-19 04:43:17.080018+00:00,83595.57,rejection_loop,3226.66,EMP-195
CASE-01891,paid,2024-01-20 03:56:32.645395+00:00,4177.9,rejection_loop,3226.66,EMP-195
CASE-01892,submit,2024-01-25 14:52:35.993137+00:00,267.78,escalation,1862.59,EMP-099
CASE-01892,manager_approval,2024-01-25 14:57:03.773542+00:00,75341.59,escalation,1862.59,EMP-099
CASE-01892,finance_review,2024-01-26 11:52:45.366375+00:00,162602.12,escalation,1862.59,EMP-099
CASE-01892,paid,2024-01-28 09:02:47.487814+00:00,2910.84,escalation,1862.59,EMP-099
CASE-01893,submit,2024-01-22 09:08:42.880520+00:00,280.0,rejection_loop,4442.33,EMP-146
CASE-01893,manager_rejects,2024-01-22 09:13:22.882260+00:00,3989.66,rejection_loop,4442.33,EMP-146
CASE-01893,resubmit,2024-01-22 10:19:52.538818+00:00,7013.75,rejection_loop,4442.33,EMP-146
CASE-01893,manager_approval,2024-01-22 12:16:46.290885+00:00,92763.33,rejection_loop,4442.33,EMP-146
CASE-01893,paid,2024-01-23 14:02:49.616580+00:00,4121.36,rejection_loop,4442.33,EMP-146
CASE-01894,submit,2023-11-24 23:56:41.097998+00:00,399.87,happy_path,3912.66,EMP-058
CASE-01894,manager_approval,2023-11-25 00:03:20.964399+00:00,130583.95,happy_path,3912.66,EMP-058
CASE-01894,finance_approval,2023-11-26 12:19:44.913471+00:00,35596.7,happy_path,3912.66,EMP-058
CASE-01894,paid,2023-11-26 22:13:01.614887+00:00,4252.8,happy_path,3912.66,EMP-058
CASE-01895,submit,2023-10-07 03:11:24.343231+00:00,267.46,exception,2068.7,EMP-180
CASE-01895,missing_receipt,2023-10-07 03:15:51.800237+00:00,1738.04,exception,2068.7,EMP-180
CASE-01895,hold,2023-10-07 03:44:49.837586+00:00,198431.34,exception,2068.7,EMP-180
CASE-01895,resolved,2023-10-09 10:52:01.181613+00:00,3088.32,exception,2068.7,EMP-180
CASE-01895,paid,2023-10-09 11:43:29.500126+00:00,1950.77,exception,2068.7,EMP-180
CASE-01896,submit,2023-11-27 17:02:51.316187+00:00,362.53,escalation,910.88,EMP-056
CASE-01896,manager_approval,2023-11-27 17:08:53.843475+00:00,118880.76,escalation,910.88,EMP-056
CASE-01896,finance_review,2023-11-29 02:10:14.603332+00:00,148500.7,escalation,910.88,EMP-056
CASE-01896,paid,2023-11-30 19:25:15.300193+00:00,2969.92,escalation,910.88,EMP-056
CASE-01897,submit,2024-01-28 00:49:08.469488+00:00,294.7,escalation,3031.88,EMP-093
CASE-01897,manager_approval,2024-01-28 00:54:03.164647+00:00,107434.62,escalation,3031.88,EMP-093
CASE-01897,finance_review,2024-01-29 06:44:37.784103+00:00,141633.89,escalation,3031.88,EMP-093
CASE-01897,paid,2024-01-30 22:05:11.676924+00:00,2964.37,escalation,3031.88,EMP-093
CASE-01898,submit,2024-02-29 01:01:07.606614+00:00,235.7,happy_path,4102.93,EMP-073
CASE-01898,manager_approval,2024-02-29 01:05:03.308300+00:00,130178.7,happy_path,4102.93,EMP-073
CASE-01898,finance_approval,2024-03-01 13:14:42.008740+00:00,32207.57,happy_path,4102.93,EMP-073
CASE-01898,paid,2024-03-01 22:11:29.576875+00:00,3942.25,happy_path,4102.93,EMP-073
CASE-01899,submit,2023-12-20 03:31:12.959588+00:00,280.46,happy_path,3490.96,EMP-157
CASE-01899,manager_approval,2023-12-20 03:35:53.418306+00:00,124742.69,happy_path,3490.96,EMP-157
CASE-01899,finance_approval,2023-12-21 14:14:56.105497+00:00,45633.08,happy_path,3490.96,EMP-157
CASE-01899,paid,2023-12-22 02:55:29.189670+00:00,3795.25,happy_path,3490.96,EMP-157
CASE-01900,submit,2023-12-20 03:30:31.978132+00:00,240.14,rejection_loop,2745.28,EMP-038
CASE-01900,manager_rejects,2023-12-20 03:34:32.114355+00:00,3494.39,rejection_loop,2745.28,EMP-038
CASE-01900,resubmit,2023-12-20 04:32:46.502911+00:00,10333.39,rejection_loop,2745.28,EMP-038
CASE-01900,manager_approval,2023-12-20 07:24:59.888083+00:00,70829.6,rejection_loop,2745.28,EMP-038
CASE-01900,paid,2023-12-21 03:05:29.492467+00:00,4190.82,rejection_loop,2745.28,EMP-038
CASE-01901,submit,2023-10-05 16:30:39.548929+00:00,237.19,happy_path,410.38,EMP-056
CASE-01901,manager_approval,2023-10-05 16:34:36.739477+00:00,88978.46,happy_path,410.38,EMP-056
CASE-01901,finance_approval,2023-10-06 17:17:35.195020+00:00,38044.61,happy_path,410.38,EMP-056
CASE-01901,paid,2023-10-07 03:51:39.802630+00:00,2391.87,happy_path,410.38,EMP-056
CASE-01902,submit,2023-11-28 11:09:39.702318+00:00,229.33,happy_path,991.92,EMP-136
CASE-01902,manager_approval,2023-11-28 11:13:29.034597+00:00,128296.58,happy_path,991.92,EMP-136
CASE-01902,finance_approval,2023-11-29 22:51:45.619089+00:00,53294.21,happy_path,991.92,EMP-136
CASE-01902,paid,2023-11-30 13:39:59.829482+00:00,4787.66,happy_path,991.92,EMP-136
CASE-01903,submit,2023-11-15 07:23:43.624987+00:00,314.84,rejection_loop,2023.42,EMP-039
CASE-01903,manager_rejects,2023-11-15 07:28:58.466828+00:00,3104.1,rejection_loop,2023.42,EMP-039
CASE-01903,resubmit,2023-11-15 08:20:42.570427+00:00,4679.43,rejection_loop,2023.42,EMP-039
CASE-01903,manager_approval,2023-11-15 09:38:41.996999+00:00,84681.8,rejection_loop,2023.42,EMP-039
CASE-01903,paid,2023-11-16 09:10:03.792014+00:00,3812.97,rejection_loop,2023.42,EMP-039
CASE-01904,submit,2023-10-03 04:13:32.644855+00:00,303.7,exception,2418.17,EMP-058
CASE-01904,missing_receipt,2023-10-03 04:18:36.343694+00:00,1621.89,exception,2418.17,EMP-058
CASE-01904,hold,2023-10-03 04:45:38.238534+00:00,168986.83,exception,2418.17,EMP-058
CASE-01904,resolved,2023-10-05 03:42:05.071150+00:00,2543.13,exception,2418.17,EMP-058
CASE-01904,paid,2023-10-05 04:24:28.196414+00:00,2442.22,exception,2418.17,EMP-058
CASE-01905,submit,2024-03-01 01:37:42.203624+00:00,305.91,happy_path,4992.3,EMP-030
CASE-01905,manager_approval,2024-03-01 01:42:48.112997+00:00,60913.35,happy_path,4992.3,EMP-030
CASE-01905,finance_approval,2024-03-01 18:38:01.461864+00:00,52729.04,happy_path,4992.3,EMP-030
CASE-01905,paid,2024-03-02 09:16:50.505984+00:00,4207.45,happy_path,4992.3,EMP-030
CASE-01906,submit,2023-10-11 14:59:51.983089+00:00,367.23,rejection_loop,1707.46,EMP-007
CASE-01906,manager_rejects,2023-10-11 15:05:59.214835+00:00,3897.09,rejection_loop,1707.46,EMP-007
CASE-01906,resubmit,2023-10-11 16:10:56.304070+00:00,6089.76,rejection_loop,1707.46,EMP-007
CASE-01906,manager_approval,2023-10-11 17:52:26.065453+00:00,75083.65,rejection_loop,1707.46,EMP-007
CASE-01906,paid,2023-10-12 14:43:49.716840+00:00,3271.65,rejection_loop,1707.46,EMP-007
CASE-01907,submit,2023-12-15 09:39:26.356753+00:00,378.97,rejection_loop,1640.89,EMP-117
CASE-01907,manager_rejects,2023-12-15 09:45:45.329555+00:00,3973.47,rejection_loop,1640.89,EMP-117
CASE-01907,resubmit,2023-12-15 10:51:58.803997+00:00,9475.81,rejection_loop,1640.89,EMP-117
CASE-01907,manager_approval,2023-12-15 13:29:54.613028+00:00,95918.21,rejection_loop,1640.89,EMP-117
CASE-01907,paid,2023-12-16 16:08:32.827740+00:00,4721.42,rejection_loop,1640.89,EMP-117
CASE-01908,submit,2023-10-12 01:17:32.739613+00:00,242.13,happy_path,2085.12,EMP-037
CASE-01908,manager_approval,2023-10-12 01:21:34.872112+00:00,109047.04,happy_path,2085.12,EMP-037
CASE-01908,finance_approval,2023-10-13 07:39:01.909294+00:00,41269.6,happy_path,2085.12,EMP-037
CASE-01908,paid,2023-10-13 19:06:51.506052+00:00,5498.43,happy_path,2085.12,EMP-037
CASE-01909,submit,2023-11-01 05:11:20.649251+00:00,285.43,happy_path,3014.24,EMP-101
CASE-01909,manager_approval,2023-11-01 05:16:06.083610+00:00,63406.4,happy_path,3014.24,EMP-101
CASE-01909,finance_approval,2023-11-01 22:52:52.487953+00:00,47872.77,happy_path,3014.24,EMP-101
CASE-01909,paid,2023-11-02 12:10:45.259984+00:00,4303.62,happy_path,3014.24,EMP-101
CASE-01910,submit,2023-10-27 16:40:27.226222+00:00,406.62,rejection_loop,3373.4,EMP-153
CASE-01910,manager_rejects,2023-10-27 16:47:13.848978+00:00,3731.04,rejection_loop,3373.4,EMP-153
CASE-01910,resubmit,2023-10-27 17:49:24.887945+00:00,7145.54,rejection_loop,3373.4,EMP-153
CASE-01910,manager_approval,2023-10-27 19:48:30.432228+00:00,61265.89,rejection_loop,3373.4,EMP-153
CASE-01910,paid,2023-10-28 12:49:36.319771+00:00,2880.24,rejection_loop,3373.4,EMP-153
CASE-01911,submit,2024-01-12 18:37:13.152640+00:00,251.78,happy_path,286.09,EMP-042
CASE-01911,manager_approval,2024-01-12 18:41:24.933153+00:00,93719.69,happy_path,286.09,EMP-042
CASE-01911,finance_approval,2024-01-13 20:43:24.620636+00:00,42098.07,happy_path,286.09,EMP-042
CASE-01911,paid,2024-01-14 08:25:02.691676+00:00,3633.47,happy_path,286.09,EMP-042
CASE-01912,submit,2023-10-15 02:07:22.698375+00:00,287.33,exception,3389.43,EMP-068
CASE-01912,missing_receipt,2023-10-15 02:12:10.025469+00:00,1868.07,exception,3389.43,EMP-068
CASE-01912,hold,2023-10-15 02:43:18.098704+00:00,313944.87,exception,3389.43,EMP-068
CASE-01912,resolved,2023-10-18 17:55:42.971308+00:00,3758.34,exception,3389.43,EMP-068
CASE-01912,paid,2023-10-18 18:58:21.309614+00:00,5704.4,exception,3389.43,EMP-068
CASE-01913,submit,2024-03-18 12:14:22.978751+00:00,339.16,exception,1605.29,EMP-184
CASE-01913,missing_receipt,2024-03-18 12:20:02.133933+00:00,2438.07,exception,1605.29,EMP-184
CASE-01913,hold,2024-03-18 13:00:40.204540+00:00,180296.46,exception,1605.29,EMP-184
CASE-01913,resolved,2024-03-20 15:05:36.666931+00:00,3991.24,exception,1605.29,EMP-184
CASE-01913,paid,2024-03-20 16:12:07.907591+00:00,4502.04,exception,1605.29,EMP-184
CASE-01914,submit,2024-02-02 01:06:04.503814+00:00,270.38,happy_path,4980.75,EMP-043
CASE-01914,manager_approval,2024-02-02 01:10:34.887162+00:00,97760.43,happy_path,4980.75,EMP-043
CASE-01914,finance_approval,2024-02-03 04:19:55.319512+00:00,45238.48,happy_path,4980.75,EMP-043
CASE-01914,paid,2024-02-03 16:53:53.799851+00:00,3139.33,happy_path,4980.75,EMP-043
CASE-01915,submit,2023-11-29 04:42:20.356523+00:00,328.9,happy_path,4134.58,EMP-172
CASE-01915,manager_approval,2023-11-29 04:47:49.258402+00:00,59807.06,happy_path,4134.58,EMP-172
CASE-01915,finance_approval,2023-11-29 21:24:36.319198+00:00,45022.49,happy_path,4134.58,EMP-172
CASE-01915,paid,2023-11-30 09:54:58.807649+00:00,4464.48,happy_path,4134.58,EMP-172
CASE-01916,submit,2024-01-09 03:12:56.128342+00:00,291.4,happy_path,2265.07,EMP-171
CASE-01916,manager_approval,2024-01-09 03:17:47.531570+00:00,76237.12,happy_path,2265.07,EMP-171
CASE-01916,finance_approval,2024-01-10 00:28:24.654720+00:00,52233.99,happy_path,2265.07,EMP-171
CASE-01916,paid,2024-01-10 14:58:58.647016+00:00,3517.77,happy_path,2265.07,EMP-171
CASE-01917,submit,2023-11-24 22:09:04.710634+00:00,263.94,escalation,286.54,EMP-102
CASE-01917,manager_approval,2023-11-24 22:13:28.652414+00:00,124792.47,escalation,286.54,EMP-102
CASE-01917,finance_review,2023-11-26 08:53:21.124931+00:00,194066.14,escalation,286.54,EMP-102
CASE-01917,paid,2023-11-28 14:47:47.266000+00:00,2931.02,escalation,286.54,EMP-102
CASE-01918,submit,2023-11-17 00:32:38.555306+00:00,320.59,happy_path,2286.11,EMP-175
CASE-01918,manager_approval,2023-11-17 00:37:59.146101+00:00,105956.51,happy_path,2286.11,EMP-175
CASE-01918,finance_approval,2023-11-18 06:03:55.657516+00:00,48038.06,happy_path,2286.11,EMP-175
CASE-01918,paid,2023-11-18 19:24:33.718505+00:00,3986.86,happy_path,2286.11,EMP-175
CASE-01919,submit,2024-01-03 09:50:53.538316+00:00,320.87,happy_path,3965.14,EMP-171
CASE-01919,manager_approval,2024-01-03 09:56:14.409750+00:00,93755.19,happy_path,3965.14,EMP-171
CASE-01919,finance_approval,2024-01-04 11:58:49.599748+00:00,41753.59,happy_path,3965.14,EMP-171
CASE-01919,paid,2024-01-04 23:34:43.194155+00:00,4246.79,happy_path,3965.14,EMP-171
CASE-01920,submit,2024-01-07 12:34:26.629333+00:00,225.99,rejection_loop,4476.62,EMP-151
CASE-01920,manager_rejects,2024-01-07 12:38:12.616618+00:00,3947.88,rejection_loop,4476.62,EMP-151
CASE-01920,resubmit,2024-01-07 13:44:00.495298+00:00,9507.22,rejection_loop,4476.62,EMP-151
CASE-01920,manager_approval,2024-01-07 16:22:27.717561+00:00,82923.67,rejection_loop,4476.62,EMP-151
CASE-01920,paid,2024-01-08 15:24:31.388421+00:00,5673.8,rejection_loop,4476.62,EMP-151
CASE-01921,submit,2024-02-12 05:14:50.051379+00:00,202.88,happy_path,2883.97,EMP-088
CASE-01921,manager_approval,2024-02-12 05:18:12.933751+00:00,88311.79,happy_path,2883.97,EMP-088
CASE-01921,finance_approval,2024-02-13 05:50:04.722576+00:00,39077.79,happy_path,2883.97,EMP-088
CASE-01921,paid,2024-02-13 16:41:22.507896+00:00,3192.51,happy_path,2883.97,EMP-088
CASE-01922,submit,2023-11-15 17:53:13.109619+00:00,354.17,happy_path,4140.35,EMP-139
CASE-01922,manager_approval,2023-11-15 17:59:07.280235+00:00,103589.65,happy_path,4140.35,EMP-139
CASE-01922,finance_approval,2023-11-16 22:45:36.931321+00:00,20206.24,happy_path,4140.35,EMP-139
CASE-01922,paid,2023-11-17 04:22:23.173607+00:00,2794.03,happy_path,4140.35,EMP-139
CASE-01923,submit,2024-02-15 01:10:18.119747+00:00,312.51,happy_path,1725.43,EMP-147
CASE-01923,manager_approval,2024-02-15 01:15:30.629449+00:00,85236.68,happy_path,1725.43,EMP-147
CASE-01923,finance_approval,2024-02-16 00:56:07.310304+00:00,45329.13,happy_path,1725.43,EMP-147
CASE-01923,paid,2024-02-16 13:31:36.437496+00:00,2430.35,happy_path,1725.43,EMP-147
CASE-01924,submit,2024-03-17 21:05:43.480900+00:00,350.19,rejection_loop,2172.01,EMP-175
CASE-01924,manager_rejects,2024-03-17 21:11:33.671888+00:00,4065.4,rejection_loop,2172.01,EMP-175
CASE-01924,resubmit,2024-03-17 22:19:19.067266+00:00,10515.1,rejection_loop,2172.01,EMP-175
CASE-01924,manager_approval,2024-03-18 01:14:34.165047+00:00,102466.19,rejection_loop,2172.01,EMP-175
CASE-01924,paid,2024-03-19 05:42:20.357858+00:00,1667.8,rejection_loop,2172.01,EMP-175
CASE-01925,submit,2023-12-07 17:10:22.259799+00:00,302.86,escalation,4047.65,EMP-004
CASE-01925,manager_approval,2023-12-07 17:15:25.121841+00:00,113338.99,escalation,4047.65,EMP-004
CASE-01925,finance_review,2023-12-09 00:44:24.111150+00:00,173562.23,escalation,4047.65,EMP-004
CASE-01925,paid,2023-12-11 00:57:06.339559+00:00,5088.36,escalation,4047.65,EMP-004
CASE-01926,submit,2024-02-01 07:10:28.990884+00:00,358.14,happy_path,3164.42,EMP-084
CASE-01926,manager_approval,2024-02-01 07:16:27.128078+00:00,104905.92,happy_path,3164.42,EMP-084
CASE-01926,finance_approval,2024-02-02 12:24:53.050847+00:00,46910.61,happy_path,3164.42,EMP-084
CASE-01926,paid,2024-02-03 01:26:43.661024+00:00,4201.65,happy_path,3164.42,EMP-084
CASE-01927,submit,2024-03-19 16:05:37.874361+00:00,259.1,rejection_loop,2718.42,EMP-115
CASE-01927,manager_rejects,2024-03-19 16:09:56.975522+00:00,3363.38,rejection_loop,2718.42,EMP-115
CASE-01927,resubmit,2024-03-19 17:06:00.356729+00:00,5508.91,rejection_loop,2718.42,EMP-115
CASE-01927,manager_approval,2024-03-19 18:37:49.271591+00:00,91324.01,rejection_loop,2718.42,EMP-115
CASE-01927,paid,2024-03-20 19:59:53.280615+00:00,3883.66,rejection_loop,2718.42,EMP-115
CASE-01928,submit,2024-03-27 16:57:10.147963+00:00,350.01,escalation,4688.48,EMP-019
CASE-01928,manager_approval,2024-03-27 17:03:00.161879+00:00,107817.93,escalation,4688.48,EMP-019
CASE-01928,finance_review,2024-03-28 22:59:58.093216+00:00,243873.7,escalation,4688.48,EMP-019
CASE-01928,paid,2024-03-31 18:44:31.795861+00:00,3307.08,escalation,4688.48,EMP-019
CASE-01929,submit,2024-02-19 01:30:22.493693+00:00,292.62,exception,2809.76,EMP-137
CASE-01929,missing_receipt,2024-02-19 01:35:15.108949+00:00,2115.92,exception,2809.76,EMP-137
CASE-01929,hold,2024-02-19 02:10:31.029433+00:00,203942.32,exception,2809.76,EMP-137
CASE-01929,resolved,2024-02-21 10:49:33.348206+00:00,3286.74,exception,2809.76,EMP-137
CASE-01929,paid,2024-02-21 11:44:20.091786+00:00,3444.46,exception,2809.76,EMP-137
CASE-01930,submit,2024-03-04 03:46:08.490030+00:00,296.87,happy_path,4466.27,EMP-010
CASE-01930,manager_approval,2024-03-04 03:51:05.355149+00:00,102301.94,happy_path,4466.27,EMP-010
CASE-01930,finance_approval,2024-03-05 08:16:07.291349+00:00,26304.88,happy_path,4466.27,EMP-010
CASE-01930,paid,2024-03-05 15:34:32.170481+00:00,3367.41,happy_path,4466.27,EMP-010
CASE-01931,submit,2024-01-18 16:19:22.337003+00:00,259.51,rejection_loop,2194.1,EMP-185
CASE-01931,manager_rejects,2024-01-18 16:23:41.846136+00:00,3343.05,rejection_loop,2194.1,EMP-185
CASE-01931,resubmit,2024-01-18 17:19:24.894702+00:00,5201.63,rejection_loop,2194.1,EMP-185
CASE-01931,manager_approval,2024-01-18 18:46:06.523315+00:00,83435.84,rejection_loop,2194.1,EMP-185
CASE-01931,paid,2024-01-19 17:56:42.364714+00:00,4058.62,rejection_loop,2194.1,EMP-185
CASE-01932,submit,2024-01-20 18:02:00.521863+00:00,279.07,rejection_loop,1721.72,EMP-189
CASE-01932,manager_rejects,2024-01-20 18:06:39.589628+00:00,3526.8,rejection_loop,1721.72,EMP-189
CASE-01932,resubmit,2024-01-20 19:05:26.389683+00:00,8635.04,rejection_loop,1721.72,EMP-189
CASE-01932,manager_approval,2024-01-20 21:29:21.428582+00:00,96440.7,rejection_loop,1721.72,EMP-189
CASE-01932,paid,2024-01-22 00:16:42.128789+00:00,2847.63,rejection_loop,1721.72,EMP-189
CASE-01933,submit,2024-02-05 03:36:40.206530+00:00,249.17,exception,3768.31,EMP-010
CASE-01933,missing_receipt,2024-02-05 03:40:49.372022+00:00,1536.98,exception,3768.31,EMP-010
CASE-01933,hold,2024-02-05 04:06:26.353688+00:00,288420.1,exception,3768.31,EMP-010
CASE-01933,resolved,2024-02-08 12:13:26.453920+00:00,4149.54,exception,3768.31,EMP-010
CASE-01933,paid,2024-02-08 13:22:35.993010+00:00,5324.73,exception,3768.31,EMP-010
CASE-01934,submit,2024-01-08 01:38:48.614756+00:00,337.99,happy_path,1982.96,EMP-051
CASE-01934,manager_approval,2024-01-08 01:44:26.604420+00:00,83978.52,happy_path,1982.96,EMP-051
CASE-01934,finance_approval,2024-01-09 01:04:05.126143+00:00,50425.75,happy_path,1982.96,EMP-051
CASE-01934,paid,2024-01-09 15:04:30.875355+00:00,3201.74,happy_path,1982.96,EMP-051
CASE-01935,submit,2023-10-14 10:14:17.917317+00:00,187.8,happy_path,436.06,EMP-158
CASE-01935,manager_approval,2023-10-14 10:17:25.718151+00:00,44551.49,happy_path,436.06,EMP-158
CASE-01935,finance_approval,2023-10-14 22:39:57.211174+00:00,34329.5,happy_path,436.06,EMP-158
CASE-01935,paid,2023-10-15 08:12:06.715861+00:00,3635.56,happy_path,436.06,EMP-158
CASE-01936,submit,2024-01-14 10:14:28.126403+00:00,235.17,happy_path,792.09,EMP-160
CASE-01936,manager_approval,2024-01-14 10:18:23.296847+00:00,96245.55,happy_path,792.09,EMP-160
CASE-01936,finance_approval,2024-01-15 13:02:28.848095+00:00,50945.45,happy_path,792.09,EMP-160
CASE-01936,paid,2024-01-16 03:11:34.293266+00:00,2185.16,happy_path,792.09,EMP-160
CASE-01937,submit,2023-12-30 21:40:44.168085+00:00,299.84,happy_path,2604.78,EMP-051
CASE-01937,manager_approval,2023-12-30 21:45:44.011093+00:00,48208.15,happy_path,2604.78,EMP-051
CASE-01937,finance_approval,2023-12-31 11:09:12.158962+00:00,32528.97,happy_path,2604.78,EMP-051
CASE-01937,paid,2023-12-31 20:11:21.124523+00:00,3326.91,happy_path,2604.78,EMP-051
CASE-01938,submit,2024-01-23 12:51:52.861898+00:00,301.54,happy_path,3235.57,EMP-175
CASE-01938,manager_approval,2024-01-23 12:56:54.400656+00:00,93428.26,happy_path,3235.57,EMP-175
CASE-01938,finance_approval,2024-01-24 14:54:02.665486+00:00,42985.1,happy_path,3235.57,EMP-175
CASE-01938,paid,2024-01-25 02:50:27.766050+00:00,3820.12,happy_path,3235.57,EMP-175
CASE-01939,submit,2023-12-10 13:39:26.299071+00:00,233.28,rejection_loop,1833.77,EMP-100
CASE-01939,manager_rejects,2023-12-10 13:43:19.581014+00:00,2977.1,rejection_loop,1833.77,EMP-100
CASE-01939,resubmit,2023-12-10 14:32:56.682345+00:00,6792.76,rejection_loop,1833.77,EMP-100
CASE-01939,manager_approval,2023-12-10 16:26:09.438950+00:00,84130.57,rejection_loop,1833.77,EMP-100
CASE-01939,paid,2023-12-11 15:48:20.004980+00:00,4115.96,rejection_loop,1833.77,EMP-100
CASE-01940,submit,2024-03-04 10:43:13.827062+00:00,334.32,escalation,3902.98,EMP-088
CASE-01940,manager_approval,2024-03-04 10:48:48.149234+00:00,84824.61,escalation,3902.98,EMP-088
CASE-01940,finance_review,2024-03-05 10:22:32.758485+00:00,200047.74,escalation,3902.98,EMP-088
CASE-01940,paid,2024-03-07 17:56:40.501557+00:00,2610.82,escalation,3902.98,EMP-088
CASE-01941,submit,2023-11-24 22:47:16.609899+00:00,290.16,happy_path,744.75,EMP-157
CASE-01941,manager_approval,2023-11-24 22:52:06.765428+00:00,66629.42,happy_path,744.75,EMP-157
CASE-01941,finance_approval,2023-11-25 17:22:36.181687+00:00,35404.75,happy_path,744.75,EMP-157
CASE-01941,paid,2023-11-26 03:12:40.930710+00:00,4344.07,happy_path,744.75,EMP-157
CASE-01942,submit,2024-02-29 10:55:55.759301+00:00,354.93,escalation,1382.8,EMP-101
CASE-01942,manager_approval,2024-02-29 11:01:50.687194+00:00,95321.22,escalation,1382.8,EMP-101
CASE-01942,finance_review,2024-03-01 13:30:31.911228+00:00,273896.43,escalation,1382.8,EMP-101
CASE-01942,paid,2024-03-04 17:35:28.336821+00:00,1743.23,escalation,1382.8,EMP-101
CASE-01943,submit,2023-11-01 14:18:03.642653+00:00,263.04,escalation,560.36,EMP-104
CASE-01943,manager_approval,2023-11-01 14:22:26.680823+00:00,115033.39,escalation,560.36,EMP-104
CASE-01943,finance_review,2023-11-02 22:19:40.072331+00:00,204098.76,escalation,560.36,EMP-104
CASE-01943,paid,2023-11-05 07:01:18.831362+00:00,3077.93,escalation,560.36,EMP-104
CASE-01944,submit,2023-11-04 00:31:18.680463+00:00,365.36,happy_path,4947.44,EMP-124
CASE-01944,manager_approval,2023-11-04 00:37:24.037178+00:00,106576.95,happy_path,4947.44,EMP-124
CASE-01944,finance_approval,2023-11-05 06:13:40.982221+00:00,40779.78,happy_path,4947.44,EMP-124
CASE-01944,paid,2023-11-05 17:33:20.763969+00:00,4142.0,happy_path,4947.44,EMP-124
CASE-01945,submit,2023-11-12 00:12:29.753679+00:00,292.78,exception,1147.18,EMP-178
CASE-01945,missing_receipt,2023-11-12 00:17:22.537484+00:00,1285.73,exception,1147.18,EMP-178
CASE-01945,hold,2023-11-12 00:38:48.270601+00:00,231196.52,exception,1147.18,EMP-178
CASE-01945,resolved,2023-11-14 16:52:04.789558+00:00,3307.72,exception,1147.18,EMP-178
CASE-01945,paid,2023-11-14 17:47:12.506010+00:00,4066.57,exception,1147.18,EMP-178
CASE-01946,submit,2024-02-07 21:51:28.953622+00:00,290.68,exception,2547.18,EMP-144
CASE-01946,missing_receipt,2024-02-07 21:56:19.636887+00:00,1850.09,exception,2547.18,EMP-144
CASE-01946,hold,2024-02-07 22:27:09.726002+00:00,195564.05,exception,2547.18,EMP-144
CASE-01946,resolved,2024-02-10 04:46:33.774326+00:00,3024.18,exception,2547.18,EMP-144
CASE-01946,paid,2024-02-10 05:36:57.951423+00:00,5717.31,exception,2547.18,EMP-144
CASE-01947,submit,2024-02-16 01:52:03.838676+00:00,260.2,escalation,127.38,EMP-083
CASE-01947,manager_approval,2024-02-16 01:56:24.037671+00:00,88960.55,escalation,127.38,EMP-083
CASE-01947,finance_review,2024-02-17 02:39:04.586096+00:00,137615.2,escalation,127.38,EMP-083
CASE-01947,paid,2024-02-18 16:52:39.781772+00:00,3591.83,escalation,127.38,EMP-083
CASE-01948,submit,2024-03-11 21:30:21.627756+00:00,307.39,happy_path,3134.74,EMP-173
CASE-01948,manager_approval,2024-03-11 21:35:29.020261+00:00,90227.01,happy_path,3134.74,EMP-173
CASE-01948,finance_approval,2024-03-12 22:39:16.032770+00:00,40670.03,happy_path,3134.74,EMP-173
CASE-01948,paid,2024-03-13 09:57:06.058729+00:00,4586.36,happy_path,3134.74,EMP-173
CASE-01949,submit,2024-01-04 21:03:50.400002+00:00,184.54,escalation,865.83,EMP-051
CASE-01949,manager_approval,2024-01-04 21:06:54.942094+00:00,78386.74,escalation,865.83,EMP-051
CASE-01949,finance_review,2024-01-05 18:53:21.683658+00:00,118039.71,escalation,865.83,EMP-051
CASE-01949,paid,2024-01-07 03:40:41.390465+00:00,3570.08,escalation,865.83,EMP-051
CASE-01950,submit,2023-10-18 21:03:19.225824+00:00,316.51,rejection_loop,1090.42,EMP-079
CASE-01950,manager_rejects,2023-10-18 21:08:35.737622+00:00,3522.49,rejection_loop,1090.42,EMP-079
CASE-01950,resubmit,2023-10-18 22:07:18.228007+00:00,8026.47,rejection_loop,1090.42,EMP-079
CASE-01950,manager_approval,2023-10-19 00:21:04.700665+00:00,93203.52,rejection_loop,1090.42,EMP-079
CASE-01950,paid,2023-10-20 02:14:28.221124+00:00,3065.41,rejection_loop,1090.42,EMP-079
CASE-01951,submit,2024-03-10 11:56:49.869535+00:00,328.08,happy_path,908.87,EMP-159
CASE-01951,manager_approval,2024-03-10 12:02:17.949594+00:00,64025.99,happy_path,908.87,EMP-159
CASE-01951,finance_approval,2024-03-11 05:49:23.943062+00:00,48174.69,happy_path,908.87,EMP-159
CASE-01951,paid,2024-03-11 19:12:18.628812+00:00,2695.74,happy_path,908.87,EMP-159
CASE-01952,submit,2023-10-11 05:49:19.827662+00:00,345.66,happy_path,2159.94,EMP-082
CASE-01952,manager_approval,2023-10-11 05:55:05.492300+00:00,82157.11,happy_path,2159.94,EMP-082
CASE-01952,finance_approval,2023-10-12 04:44:22.601249+00:00,49547.54,happy_path,2159.94,EMP-082
CASE-01952,paid,2023-10-12 18:30:10.143733+00:00,2457.44,happy_path,2159.94,EMP-082
CASE-01953,submit,2024-02-22 15:24:08.740279+00:00,354.71,escalation,590.07,EMP-198
CASE-01953,manager_approval,2024-02-22 15:30:03.450959+00:00,90827.52,escalation,590.07,EMP-198
CASE-01953,finance_review,2024-02-23 16:43:50.973022+00:00,115257.59,escalation,590.07,EMP-198
CASE-01953,paid,2024-02-25 00:44:48.563833+00:00,3934.98,escalation,590.07,EMP-198
CASE-01954,submit,2024-01-05 06:28:28.962684+00:00,224.24,exception,653.97,EMP-152
CASE-01954,missing_receipt,2024-01-05 06:32:13.203084+00:00,1645.92,exception,653.97,EMP-152
CASE-01954,hold,2024-01-05 06:59:39.120980+00:00,333193.03,exception,653.97,EMP-152
CASE-01954,resolved,2024-01-09 03:32:52.152324+00:00,2730.05,exception,653.97,EMP-152
CASE-01954,paid,2024-01-09 04:18:22.199929+00:00,4450.99,exception,653.97,EMP-152
CASE-01955,submit,2024-03-05 03:52:43.193501+00:00,302.4,happy_path,2595.57,EMP-143
CASE-01955,manager_approval,2024-03-05 03:57:45.592689+00:00,78942.19,happy_path,2595.57,EMP-143
CASE-01955,finance_approval,2024-03-06 01:53:27.778202+00:00,46698.85,happy_path,2595.57,EMP-143
CASE-01955,paid,2024-03-06 14:51:46.628072+00:00,4126.48,happy_path,2595.57,EMP-143
CASE-01956,submit,2023-12-16 21:28:44.454300+00:00,340.76,rejection_loop,4056.49,EMP-110
CASE-01956,manager_rejects,2023-12-16 21:34:25.211216+00:00,4752.15,rejection_loop,4056.49,EMP-110
CASE-01956,resubmit,2023-12-16 22:53:37.364814+00:00,6208.65,rejection_loop,4056.49,EMP-110
CASE-01956,manager_approval,2023-12-17 00:37:06.017476+00:00,67030.17,rejection_loop,4056.49,EMP-110
CASE-01956,paid,2023-12-17 19:14:16.190855+00:00,3132.45,rejection_loop,4056.49,EMP-110
CASE-01957,submit,2023-11-25 18:10:07.510858+00:00,334.6,rejection_loop,2717.63,EMP-072
CASE-01957,manager_rejects,2023-11-25 18:15:42.110754+00:00,4207.4,rejection_loop,2717.63,EMP-072
CASE-01957,resubmit,2023-11-25 19:25:49.508091+00:00,6343.47,rejection_loop,2717.63,EMP-072
CASE-01957,manager_approval,2023-11-25 21:11:32.974068+00:00,103080.82,rejection_loop,2717.63,EMP-072
CASE-01957,paid,2023-11-27 01:49:33.798966+00:00,3522.66,rejection_loop,2717.63,EMP-072
CASE-01958,submit,2023-12-17 22:53:13.813315+00:00,210.89,escalation,1730.7,EMP-151
CASE-01958,manager_approval,2023-12-17 22:56:44.701849+00:00,57982.98,escalation,1730.7,EMP-151
CASE-01958,finance_review,2023-12-18 15:03:07.684127+00:00,238328.89,escalation,1730.7,EMP-151
CASE-01958,paid,2023-12-21 09:15:16.571598+00:00,4004.45,escalation,1730.7,EMP-151
CASE-01959,submit,2024-03-23 10:34:55.625732+00:00,188.02,happy_path,2535.05,EMP-078
CASE-01959,manager_approval,2024-03-23 10:38:03.648758+00:00,134263.97,happy_path,2535.05,EMP-078
CASE-01959,finance_approval,2024-03-24 23:55:47.622315+00:00,33143.18,happy_path,2535.05,EMP-078
CASE-01959,paid,2024-03-25 09:08:10.802810+00:00,3963.65,happy_path,2535.05,EMP-078
CASE-01960,submit,2024-03-09 20:21:24.393871+00:00,241.39,happy_path,723.82,EMP-002
CASE-01960,manager_approval,2024-03-09 20:25:25.779510+00:00,123849.7,happy_path,723.82,EMP-002
CASE-01960,finance_approval,2024-03-11 06:49:35.477648+00:00,46646.66,happy_path,723.82,EMP-002
CASE-01960,paid,2024-03-11 19:47:02.132696+00:00,3147.64,happy_path,723.82,EMP-002
CASE-01961,submit,2023-10-26 14:28:21.080782+00:00,331.12,escalation,1198.84,EMP-061
CASE-01961,manager_approval,2023-10-26 14:33:52.199408+00:00,118512.59,escalation,1198.84,EMP-061
CASE-01961,finance_review,2023-10-27 23:29:04.790759+00:00,110461.02,escalation,1198.84,EMP-061
CASE-01961,paid,2023-10-29 06:10:05.812857+00:00,4350.97,escalation,1198.84,EMP-061
CASE-01962,submit,2023-11-30 07:34:43.986188+00:00,204.83,rejection_loop,392.75,EMP-002
CASE-01962,manager_rejects,2023-11-30 07:38:08.819048+00:00,2876.65,rejection_loop,392.75,EMP-002
CASE-01962,resubmit,2023-11-30 08:26:05.470407+00:00,7466.81,rejection_loop,392.75,EMP-002
CASE-01962,manager_approval,2023-11-30 10:30:32.283468+00:00,71187.42,rejection_loop,392.75,EMP-002
CASE-01962,paid,2023-12-01 06:16:59.701837+00:00,2895.28,rejection_loop,392.75,EMP-002
CASE-01963,submit,2023-11-26 14:05:37.304640+00:00,343.44,rejection_loop,3425.87,EMP-073
CASE-01963,manager_rejects,2023-11-26 14:11:20.741212+00:00,3010.93,rejection_loop,3425.87,EMP-073
CASE-01963,resubmit,2023-11-26 15:01:31.667207+00:00,5425.11,rejection_loop,3425.87,EMP-073
CASE-01963,manager_approval,2023-11-26 16:31:56.776112+00:00,105641.93,rejection_loop,3425.87,EMP-073
CASE-01963,paid,2023-11-27 21:52:38.704626+00:00,4644.88,rejection_loop,3425.87,EMP-073
CASE-01964,submit,2023-12-18 03:40:20.938353+00:00,297.85,happy_path,4259.19,EMP-057
CASE-01964,manager_approval,2023-12-18 03:45:18.793227+00:00,117057.96,happy_path,4259.19,EMP-057
CASE-01964,finance_approval,2023-12-19 12:16:16.756457+00:00,35663.67,happy_path,4259.19,EMP-057
CASE-01964,paid,2023-12-19 22:10:40.428635+00:00,3456.71,happy_path,4259.19,EMP-057
CASE-01965,submit,2023-12-07 22:23:25.954918+00:00,250.99,happy_path,3747.16,EMP-034
CASE-01965,manager_approval,2023-12-07 22:27:36.946953+00:00,51173.02,happy_path,3747.16,EMP-034
CASE-01965,finance_approval,2023-12-08 12:40:29.968835+00:00,42066.64,happy_path,3747.16,EMP-034
CASE-01965,paid,2023-12-09 00:21:36.612656+00:00,4026.81,happy_path,3747.16,EMP-034
CASE-01966,submit,2023-11-11 07:39:17.710413+00:00,350.04,happy_path,4795.52,EMP-135
CASE-01966,manager_approval,2023-11-11 07:45:07.747692+00:00,99571.65,happy_path,4795.52,EMP-135
CASE-01966,finance_approval,2023-11-12 11:24:39.399754+00:00,32798.11,happy_path,4795.52,EMP-135
CASE-01966,paid,2023-11-12 20:31:17.513382+00:00,3751.07,happy_path,4795.52,EMP-135
CASE-01967,submit,2023-11-08 00:46:56.371726+00:00,273.46,happy_path,4189.88,EMP-033
CASE-01967,manager_approval,2023-11-08 00:51:29.834767+00:00,112161.81,happy_path,4189.88,EMP-033
CASE-01967,finance_approval,2023-11-09 08:00:51.644702+00:00,54017.57,happy_path,4189.88,EMP-033
CASE-01967,paid,2023-11-09 23:01:09.216386+00:00,4366.78,happy_path,4189.88,EMP-033
CASE-01968,submit,2024-03-10 09:16:58.134038+00:00,302.28,happy_path,1916.92,EMP-003
CASE-01968,manager_approval,2024-03-10 09:22:00.410937+00:00,64189.13,happy_path,1916.92,EMP-003
CASE-01968,finance_approval,2024-03-11 03:11:49.543972+00:00,42284.05,happy_path,1916.92,EMP-003
CASE-01968,paid,2024-03-11 14:56:33.591466+00:00,2993.43,happy_path,1916.92,EMP-003
CASE-01969,submit,2023-11-01 17:03:19.746497+00:00,302.66,escalation,1757.79,EMP-137
CASE-01969,manager_approval,2023-11-01 17:08:22.408563+00:00,60691.72,escalation,1757.79,EMP-137
CASE-01969,finance_review,2023-11-02 09:59:54.131470+00:00,182053.27,escalation,1757.79,EMP-137
CASE-01969,paid,2023-11-04 12:34:07.405199+00:00,4448.13,escalation,1757.79,EMP-137
CASE-01970,submit,2023-12-25 13:36:33.757995+00:00,334.45,rejection_loop,4504.27,EMP-123
CASE-01970,manager_rejects,2023-12-25 13:42:08.207764+00:00,3495.14,rejection_loop,4504.27,EMP-123
CASE-01970,resubmit,2023-12-25 14:40:23.345365+00:00,12035.05,rejection_loop,4504.27,EMP-123
CASE-01970,manager_approval,2023-12-25 18:00:58.394997+00:00,70700.03,rejection_loop,4504.27,EMP-123
CASE-01970,paid,2023-12-26 13:39:18.425580+00:00,3331.24,rejection_loop,4504.27,EMP-123
CASE-01971,submit,2024-03-20 14:02:05.913117+00:00,261.98,happy_path,816.04,EMP-147
CASE-01971,manager_approval,2024-03-20 14:06:27.889360+00:00,113085.06,happy_path,816.04,EMP-147
CASE-01971,finance_approval,2024-03-21 21:31:12.945345+00:00,30783.69,happy_path,816.04,EMP-147
CASE-01971,paid,2024-03-22 06:04:16.640230+00:00,3493.26,happy_path,816.04,EMP-147
CASE-01972,submit,2024-01-10 16:24:53.947117+00:00,292.33,escalation,2295.19,EMP-169
CASE-01972,manager_approval,2024-01-10 16:29:46.273524+00:00,65012.35,escalation,2295.19,EMP-169
CASE-01972,finance_review,2024-01-11 10:33:18.620035+00:00,146751.72,escalation,2295.19,EMP-169
CASE-01972,paid,2024-01-13 03:19:10.337845+00:00,3426.03,escalation,2295.19,EMP-169
CASE-01973,submit,2023-11-03 14:22:17.947267+00:00,259.75,happy_path,648.6,EMP-121
CASE-01973,manager_approval,2023-11-03 14:26:37.694596+00:00,90396.91,happy_path,648.6,EMP-121
CASE-01973,finance_approval,2023-11-04 15:33:14.606165+00:00,32485.42,happy_path,648.6,EMP-121
CASE-01973,paid,2023-11-05 00:34:40.021757+00:00,4102.26,happy_path,648.6,EMP-121
CASE-01974,submit,2024-03-24 23:47:57.709977+00:00,431.91,happy_path,2844.2,EMP-150
CASE-01974,manager_approval,2024-03-24 23:55:09.619840+00:00,73149.06,happy_path,2844.2,EMP-150
CASE-01974,finance_approval,2024-03-25 20:14:18.684498+00:00,41167.83,happy_path,2844.2,EMP-150
CASE-01974,paid,2024-03-26 07:40:26.510884+00:00,4092.24,happy_path,2844.2,EMP-150
CASE-01975,submit,2023-11-10 12:54:19.814387+00:00,268.72,escalation,2856.03,EMP-158
CASE-01975,manager_approval,2023-11-10 12:58:48.531809+00:00,93355.79,escalation,2856.03,EMP-158
CASE-01975,finance_review,2023-11-11 14:54:44.324271+00:00,209552.48,escalation,2856.03,EMP-158
CASE-01975,paid,2023-11-14 01:07:16.802724+00:00,4162.27,escalation,2856.03,EMP-158
CASE-01976,submit,2024-01-26 06:20:40.019072+00:00,306.54,happy_path,4276.64,EMP-020
CASE-01976,manager_approval,2024-01-26 06:25:46.557155+00:00,113620.05,happy_path,4276.64,EMP-020
CASE-01976,finance_approval,2024-01-27 13:59:26.603174+00:00,43569.46,happy_path,4276.64,EMP-020
CASE-01976,paid,2024-01-28 02:05:36.059223+00:00,4141.32,happy_path,4276.64,EMP-020
CASE-01977,submit,2024-02-22 01:59:57.500590+00:00,346.1,escalation,3527.23,EMP-063
CASE-01977,manager_approval,2024-02-22 02:05:43.599101+00:00,65198.18,escalation,3527.23,EMP-063
CASE-01977,finance_review,2024-02-22 20:12:21.784082+00:00,129089.19,escalation,3527.23,EMP-063
CASE-01977,paid,2024-02-24 08:03:50.971067+00:00,5528.8,escalation,3527.23,EMP-063
CASE-01978,submit,2024-01-27 00:42:00.123346+00:00,289.96,happy_path,654.67,EMP-186
CASE-01978,manager_approval,2024-01-27 00:46:50.081717+00:00,41845.67,happy_path,654.67,EMP-186
CASE-01978,finance_approval,2024-01-27 12:24:15.756162+00:00,45743.49,happy_path,654.67,EMP-186
CASE-01978,paid,2024-01-28 01:06:39.248910+00:00,5204.49,happy_path,654.67,EMP-186
CASE-01979,submit,2023-12-01 20:56:11.078602+00:00,352.25,happy_path,4712.4,EMP-147
CASE-01979,manager_approval,2023-12-01 21:02:03.332518+00:00,65179.36,happy_path,4712.4,EMP-147
CASE-01979,finance_approval,2023-12-02 15:08:22.687606+00:00,51289.56,happy_path,4712.4,EMP-147
CASE-01979,paid,2023-12-03 05:23:12.251753+00:00,3292.93,happy_path,4712.4,EMP-147
CASE-01980,submit,2024-01-19 15:35:02.631589+00:00,345.77,rejection_loop,626.57,EMP-115
CASE-01980,manager_rejects,2024-01-19 15:40:48.397389+00:00,2952.66,rejection_loop,626.57,EMP-115
CASE-01980,resubmit,2024-01-19 16:30:01.061087+00:00,9541.6,rejection_loop,626.57,EMP-115
CASE-01980,manager_approval,2024-01-19 19:09:02.663457+00:00,86874.63,rejection_loop,626.57,EMP-115
CASE-01980,paid,2024-01-20 19:16:57.296520+00:00,3102.17,rejection_loop,626.57,EMP-115
CASE-01981,submit,2023-12-26 07:58:03.280191+00:00,313.11,happy_path,3350.27,EMP-153
CASE-01981,manager_approval,2023-12-26 08:03:16.386440+00:00,61416.12,happy_path,3350.27,EMP-153
CASE-01981,finance_approval,2023-12-27 01:06:52.510594+00:00,41773.48,happy_path,3350.27,EMP-153
CASE-01981,paid,2023-12-27 12:43:05.990723+00:00,4394.51,happy_path,3350.27,EMP-153
CASE-01982,submit,2024-03-22 05:20:21.790729+00:00,345.25,rejection_loop,1668.04,EMP-149
CASE-01982,manager_rejects,2024-03-22 05:26:07.036523+00:00,4284.18,rejection_loop,1668.04,EMP-149
CASE-01982,resubmit,2024-03-22 06:37:31.220758+00:00,6472.73,rejection_loop,1668.04,EMP-149
CASE-01982,manager_approval,2024-03-22 08:25:23.952165+00:00,89913.12,rejection_loop,1668.04,EMP-149
CASE-01982,paid,2024-03-23 09:23:57.069762+00:00,3757.2,rejection_loop,1668.04,EMP-149
CASE-01983,submit,2024-02-22 18:46:09.387401+00:00,215.3,escalation,4861.82,EMP-035
CASE-01983,manager_approval,2024-02-22 18:49:44.690148+00:00,109403.83,escalation,4861.82,EMP-035
CASE-01983,finance_review,2024-02-24 01:13:08.520770+00:00,208280.04,escalation,4861.82,EMP-035
CASE-01983,paid,2024-02-26 11:04:28.556868+00:00,2739.79,escalation,4861.82,EMP-035
CASE-01984,submit,2024-02-16 23:30:21.659218+00:00,190.77,happy_path,4422.69,EMP-068
CASE-01984,manager_approval,2024-02-16 23:33:32.429424+00:00,89135.68,happy_path,4422.69,EMP-068
CASE-01984,finance_approval,2024-02-18 00:19:08.104817+00:00,40046.11,happy_path,4422.69,EMP-068
CASE-01984,paid,2024-02-18 11:26:34.219168+00:00,2672.8,happy_path,4422.69,EMP-068
CASE-01985,submit,2023-12-04 21:01:54.555032+00:00,324.14,escalation,4324.93,EMP-113
CASE-01985,manager_approval,2023-12-04 21:07:18.694921+00:00,120771.37,escalation,4324.93,EMP-113
CASE-01985,finance_review,2023-12-06 06:40:10.067432+00:00,161158.7,escalation,4324.93,EMP-113
CASE-01985,paid,2023-12-08 03:26:08.765887+00:00,2766.14,escalation,4324.93,EMP-113
CASE-01986,submit,2024-01-07 07:09:17.770074+00:00,395.51,escalation,964.05,EMP-164
CASE-01986,manager_approval,2024-01-07 07:15:53.275501+00:00,68691.32,escalation,964.05,EMP-164
CASE-01986,finance_review,2024-01-08 02:20:44.591955+00:00,240296.23,escalation,964.05,EMP-164
CASE-01986,paid,2024-01-10 21:05:40.821138+00:00,2856.01,escalation,964.05,EMP-164
CASE-01987,submit,2023-11-22 01:31:20.690313+00:00,256.36,rejection_loop,250.17,EMP-005
CASE-01987,manager_rejects,2023-11-22 01:35:37.050529+00:00,4885.05,rejection_loop,250.17,EMP-005
CASE-01987,resubmit,2023-11-22 02:57:02.101364+00:00,5181.04,rejection_loop,250.17,EMP-005
CASE-01987,manager_approval,2023-11-22 04:23:23.137758+00:00,55000.6,rejection_loop,250.17,EMP-005
CASE-01987,paid,2023-11-22 19:40:03.741454+00:00,4321.56,rejection_loop,250.17,EMP-005
CASE-01988,submit,2024-03-22 17:41:12.927495+00:00,238.13,happy_path,378.72,EMP-042
CASE-01988,manager_approval,2024-03-22 17:45:11.061518+00:00,105880.6,happy_path,378.72,EMP-042
CASE-01988,finance_approval,2024-03-23 23:09:51.658778+00:00,36457.49,happy_path,378.72,EMP-042
CASE-01988,paid,2024-03-24 09:17:29.153743+00:00,3959.39,happy_path,378.72,EMP-042
CASE-01989,submit,2024-02-20 06:13:57.425245+00:00,288.46,rejection_loop,3232.41,EMP-043
CASE-01989,manager_rejects,2024-02-20 06:18:45.880661+00:00,3498.85,rejection_loop,3232.41,EMP-043
CASE-01989,resubmit,2024-02-20 07:17:04.729860+00:00,4825.9,rejection_loop,3232.41,EMP-043
CASE-01989,manager_approval,2024-02-20 08:37:30.632082+00:00,83642.34,rejection_loop,3232.41,EMP-043
CASE-01989,paid,2024-02-21 07:51:32.973312+00:00,3761.87,rejection_loop,3232.41,EMP-043
CASE-01990,submit,2024-03-07 05:08:31.364835+00:00,279.55,happy_path,2415.95,EMP-168
CASE-01990,manager_approval,2024-03-07 05:13:10.918835+00:00,85872.76,happy_path,2415.95,EMP-168
CASE-01990,finance_approval,2024-03-08 05:04:23.675006+00:00,50244.96,happy_path,2415.95,EMP-168
CASE-01990,paid,2024-03-08 19:01:48.633692+00:00,1823.64,happy_path,2415.95,EMP-168
CASE-01991,submit,2023-11-09 21:00:06.807845+00:00,277.94,escalation,4961.28,EMP-022
CASE-01991,manager_approval,2023-11-09 21:04:44.749405+00:00,81113.07,escalation,4961.28,EMP-022
CASE-01991,finance_review,2023-11-10 19:36:37.823862+00:00,196491.94,escalation,4961.28,EMP-022
CASE-01991,paid,2023-11-13 02:11:29.764835+00:00,3497.51,escalation,4961.28,EMP-022
CASE-01992,submit,2023-10-23 19:13:02.811909+00:00,366.2,happy_path,797.11,EMP-039
CASE-01992,manager_approval,2023-10-23 19:19:09.007930+00:00,122631.2,happy_path,797.11,EMP-039
CASE-01992,finance_approval,2023-10-25 05:23:00.208848+00:00,59431.33,happy_path,797.11,EMP-039
CASE-01992,paid,2023-10-25 21:53:31.539116+00:00,2549.9,happy_path,797.11,EMP-039
CASE-01993,submit,2023-10-12 15:08:05.841649+00:00,221.83,happy_path,3775.67,EMP-036
CASE-01993,manager_approval,2023-10-12 15:11:47.672253+00:00,64333.51,happy_path,3775.67,EMP-036
CASE-01993,finance_approval,2023-10-13 09:04:01.186857+00:00,46182.0,happy_path,3775.67,EMP-036
CASE-01993,paid,2023-10-13 21:53:43.191236+00:00,3834.05,happy_path,3775.67,EMP-036
CASE-01994,submit,2023-10-10 12:47:48.604370+00:00,288.7,happy_path,691.04,EMP-047
CASE-01994,manager_approval,2023-10-10 12:52:37.301532+00:00,82697.1,happy_path,691.04,EMP-047
CASE-01994,finance_approval,2023-10-11 11:50:54.404695+00:00,47533.05,happy_path,691.04,EMP-047
CASE-01994,paid,2023-10-12 01:03:07.456135+00:00,4222.09,happy_path,691.04,EMP-047
CASE-01995,submit,2024-03-18 19:58:42.303118+00:00,326.92,rejection_loop,2669.32,EMP-113
CASE-01995,manager_rejects,2024-03-18 20:04:09.223873+00:00,4393.63,rejection_loop,2669.32,EMP-113
CASE-01995,resubmit,2024-03-18 21:17:22.851579+00:00,7137.05,rejection_loop,2669.32,EMP-113
CASE-01995,manager_approval,2024-03-18 23:16:19.899544+00:00,80515.1,rejection_loop,2669.32,EMP-113
CASE-01995,paid,2024-03-19 21:38:15.002684+00:00,2739.48,rejection_loop,2669.32,EMP-113
CASE-01996,submit,2023-11-04 04:34:43.757519+00:00,272.17,happy_path,2703.93,EMP-170
CASE-01996,manager_approval,2023-11-04 04:39:15.928059+00:00,67721.42,happy_path,2703.93,EMP-170
CASE-01996,finance_approval,2023-11-04 23:27:57.343897+00:00,34559.05,happy_path,2703.93,EMP-170
CASE-01996,paid,2023-11-05 09:03:56.393250+00:00,3253.02,happy_path,2703.93,EMP-170
CASE-01997,submit,2023-10-21 01:58:53.310554+00:00,369.02,happy_path,3935.76,EMP-046
CASE-01997,manager_approval,2023-10-21 02:05:02.335120+00:00,78206.09,happy_path,3935.76,EMP-046
CASE-01997,finance_approval,2023-10-21 23:48:28.427891+00:00,55620.45,happy_path,3935.76,EMP-046
CASE-01997,paid,2023-10-22 15:15:28.874792+00:00,3084.94,happy_path,3935.76,EMP-046
CASE-01998,submit,2024-01-14 18:10:32.374562+00:00,223.26,happy_path,1718.92,EMP-003
CASE-01998,manager_approval,2024-01-14 18:14:15.630703+00:00,81020.11,happy_path,1718.92,EMP-003
CASE-01998,finance_approval,2024-01-15 16:44:35.745500+00:00,46631.7,happy_path,1718.92,EMP-003
CASE-01998,paid,2024-01-16 05:41:47.441124+00:00,2881.7,happy_path,1718.92,EMP-003
CASE-01999,submit,2024-02-06 02:42:10.795379+00:00,266.87,happy_path,4125.03,EMP-050
CASE-01999,manager_approval,2024-02-06 02:46:37.666256+00:00,48517.92,happy_path,4125.03,EMP-050
CASE-01999,finance_approval,2024-02-06 16:15:15.583419+00:00,57213.38,happy_path,4125.03,EMP-050
CASE-01999,paid,2024-02-07 08:08:48.967137+00:00,3294.08,happy_path,4125.03,EMP-050
CASE-02000,submit,2023-10-03 05:20:23.511077+00:00,187.03,happy_path,3723.45,EMP-168
CASE-02000,manager_approval,2023-10-03 05:23:30.538807+00:00,117460.3,happy_path,3723.45,EMP-168
CASE-02000,finance_approval,2023-10-04 14:01:10.841912+00:00,38383.61,happy_path,3723.45,EMP-168
CASE-02000,paid,2023-10-05 00:40:54.450426+00:00,2848.07,happy_path,3723.45,EMP-168
